Forward Name,Forward Primer,Reverse Name,Reverse Primer
C2,ACGAGATGATGCACCGATAG,B2,TAACGACGTGCCGAACTTAG
B10,TAGTGACCTAATGCCATGGG,E2,TGGGGACGACTTATAATGCC
B7,AATCAGTTTCTTTGGCAGCC,F3,GTATAAGATCAGCCGGACCC
D8,TCAAGGTCCGTTATGGAACC,B4,ATACGTGGCTAGCATGAGAC
D4,GATACATAGACTTGGCCCCG,F5,CCGAGGGAACCATGATACAG
E10,TCGACCAGGTTATCATGAGC,E9,ACAGGAAGCAAGGTATACGC
B3,AATGCAAAGCTATTAGCGCG,C8,GCTAAATAGAGGGAAGCCCC
C8,CACTCGATAGGTACAACCGG,A6,ACGTATGGGGAACACTACAC
E7,TAGCCAGGCAAAAGAGATCC,G5,AACGATGATGCTCACTCTCG
H7,TCACATAGAAGGACATGGCG,A4,TAAGGATTCATCAGGTGCGC
H6,GGAAACAATAACCATCGGCG,C5,AATATCACGCAAAAGCACCG
G3,TAGCTCGATAATCAAGGGGC,B11,ACCACAGGTCAAGATTCACG
H8,ACATTAAATTTCGCCGTGGC,G1,TAAGATAGCACCACGGATGG
D7,AGTGTTTTCCATTTTCCGCG,D1,ACGTGAAACTGTATCGAGCC
E9,AAATAAGACGACGACCCTCG,G4,ACTGGACCCAATAAAAGGCC
F6,AGTCCCAAGTTCAGACGTAC,A2,ACAACGAGCAGACCGAATAG
A4,AAAGCACTCTTAGGCCTCTG,A1,GTTGCATCTAAGCCAAGTGC
C9,AGATTTCCGACGAGATTCCC,G9,AAGGAACTATGGCATCGAGC
C6,AGTATTCTTACAGCCAGCCG,A11,AAGAATTACTGACCCCTCGG
D5,AGCTATGATCCCGGTGTAAC,E1,ATTCAAGGGTTGGACGACTC
B5,AAAGGGGCCGTCAATATCAG,G6,CCTTTAACAGGACATGCAGC
B1,CCAGAGCTTAGGGGACATAC,A7,TGCTGAATGAGAAACCTCGG
F4,TTAGCTCAGGTCCAAAGTCC,G2,AAGGCGCTCGGATAATACTC
C4,ATAGATGGTGCCTACATGCG,C7,TCGAGACAAGAACGATTCCC
A2,TATCAATCCGGAACCAGTGC,G8,AGATTGTTACTCCGACGGAC
A5,GCATAAAGTTGACAGGCCAG,H10,AGTTATAAGGGTCCGATGCC
D1,AGACACAAGGCTGATTCCAG,G7,TGAGCCATAAAAGCAAAGCG
H5,TCGAATATGCTGTAACCCCG,F8,TGCCAAAGGGTAGAGACATC
C7,ATTAGGATTGCGAGCGACAC,A5,AAGGATATGTAGACACCGCC
G8,GTACTCAGAGATTGCCGGAG,B3,GCAGCGTTTTAGCCTACAAG
H3,CCGTGCGACAAGATTTCAAG,B5,AGATTAGCCGACTTTCCTGG
E6,AGATTAGCTGCCGATACTGG,C1,ATGCTAGCTGGAACTATCGG
E1,TCCAATTATACGGAGCAGGC,E7,TCATCGACAAGATACAGGCG
A3,AAACACGTGGCAAACATTCC,H3,CCACGAGATAAGAGGATGGC
F1,TAGTTGAGAACACGAACCCG,H6,TCTAGGACTATCACCGGAGG
H10,GGGCACCGATTAAGAAATGC,H5,CTAGGGAACCAGGCTTAACG
A8,AAGGTATGTATAGCGACCGC,H8,TCACTTGGTATCGAGAACGG
C5,GTATGTCGGCTCTCGTATCG,B1,AAGGACTGCATACCAGGTTG
D10,CCGGTTGTACCTATCGAGTG,F10,AGGGCTAATTACCATCAGCG
D9,TATACTGAAGAACGGCCCAG,B7,ATTCTCACGACGCAAGATGG
F2,AATGCGTCATTTTACACGGC,H2,CGGGAGGAAGTCTTTAGACC
E2,TGCATAGTATCCCAACAGGG,B9,TACCACGAAATGCACAGGAG
D2,GACCATGCAAGGAGAGGTAC,A10,TCTTCATAAGCCAGAGTGCC
A6,AGCTATAAGAATTGCCGGGC,E4,ATCCTAGAAAAGGCGAAGGC
F5,ATAGATCATGTCGGCAGTCG,G3,TCTTGCGATAGACACAAGCC
B6,AGACATGGGATTGACCACAC,E5,AGGTGATCTGACGAATGTCC
B8,CTAATATCCCTGAGCGACGG,E8,GAAAAGTCCCAATGAGTGCC
E5,ACGGAGCCCTTATTGTAACC,F4,CTGCTAGGGGCTACTTATCG
B11,CCCGAGGGGAGAAATATACC,G10,AGTATTAGGCGTCAAGGTCC
F8,AGTAGTATCCGAATCGCTGC,D8,AGGACACCAGACCAATGAAG
H9,AGACAAGCCTTAACCGTAGG,D10,ACATCGCATACCAGAACAGG
G2,CGGATCGAACTTAGGTAGCC,F2,GGAAAACTAAGACAAGGCGC
B4,AATGTCCTTAGGCAGTCGTC,B8,AGTTGCAGTATCTAACCCGC
H2,GTTCAGAGGTACGAACCCTC,F6,ACAGGGTATATTGAGTGCCC
C1,GCACGCAAAAGGACATAACC,C2,ATGCCATGACGACAACTAGC
B6,AGACATGGGATTGACCACAC,F7,ATTGACGGGAACTACACTCG
A4,AAAGCACTCTTAGGCCTCTG,H8,TCACTTGGTATCGAGAACGG
E7,TAGCCAGGCAAAAGAGATCC,H2,CGGGAGGAAGTCTTTAGACC
A1,AGTATCTCAGCAAGGGCAAC,A1,GTTGCATCTAAGCCAAGTGC
E8,ACTAGATTAGCAAGGCACCC,D1,ACGTGAAACTGTATCGAGCC
B4,AATGTCCTTAGGCAGTCGTC,F2,GGAAAACTAAGACAAGGCGC
G1,CAGACCTACGGATCTTAGCG,C2,ATGCCATGACGACAACTAGC
F7,ACATAAGCGATCCCAAGGTC,A8,AAACCGGAGCCATACAGTAC
D4,GATACATAGACTTGGCCCCG,G8,AGATTGTTACTCCGACGGAC
C4,ATAGATGGTGCCTACATGCG,A7,TGCTGAATGAGAAACCTCGG
E1,TCCAATTATACGGAGCAGGC,B5,AGATTAGCCGACTTTCCTGG
C7,ATTAGGATTGCGAGCGACAC,F3,GTATAAGATCAGCCGGACCC
H7,TCACATAGAAGGACATGGCG,C3,CGAACGCAAAAGTCCTCAAG
G10,ACGATGGGGACATAGAACAC,F1,TACTGATAATTCGGACGCCC
E2,TGCATAGTATCCCAACAGGG,D10,ACATCGCATACCAGAACAGG
H2,GTTCAGAGGTACGAACCCTC,B9,TACCACGAAATGCACAGGAG
F5,ATAGATCATGTCGGCAGTCG,E8,GAAAAGTCCCAATGAGTGCC
D9,TATACTGAAGAACGGCCCAG,D4,ATCCAGGAGGTCTAGGAACC
H3,CCGTGCGACAAGATTTCAAG,E9,ACAGGAAGCAAGGTATACGC
C1,GCACGCAAAAGGACATAACC,H6,TCTAGGACTATCACCGGAGG
C5,GTATGTCGGCTCTCGTATCG,G9,AAGGAACTATGGCATCGAGC
C9,AGATTTCCGACGAGATTCCC,D5,AGTGGTCTGTAAACCGTACC
H10,GGGCACCGATTAAGAAATGC,E7,TCATCGACAAGATACAGGCG
E5,ACGGAGCCCTTATTGTAACC,D2,GGGTTGTCTCCTCTGATAGC
D1,AGACACAAGGCTGATTCCAG,A2,ACAACGAGCAGACCGAATAG
G7,ATCAGACAACACAGAGGCTG,E2,TGGGGACGACTTATAATGCC
C2,ACGAGATGATGCACCGATAG,G2,AAGGCGCTCGGATAATACTC
D6,CGATAGAACGACCAGGTAGC,D8,AGGACACCAGACCAATGAAG
D10,CCGGTTGTACCTATCGAGTG,F5,CCGAGGGAACCATGATACAG
A7,AGTATTGCCGGACTAAACCC,B3,GCAGCGTTTTAGCCTACAAG
A2,TATCAATCCGGAACCAGTGC,A3,TCAAAGGAGCACGAACCTAC
F10,CTATAGAATCCGGGCTGGTC,H5,CTAGGGAACCAGGCTTAACG
E9,AAATAAGACGACGACCCTCG,A10,TCTTCATAAGCCAGAGTGCC
B7,AATCAGTTTCTTTGGCAGCC,G7,TGAGCCATAAAAGCAAAGCG
E6,AGATTAGCTGCCGATACTGG,C7,TCGAGACAAGAACGATTCCC
A6,AGCTATAAGAATTGCCGGGC,E5,AGGTGATCTGACGAATGTCC
B3,AATGCAAAGCTATTAGCGCG,B1,AAGGACTGCATACCAGGTTG
A10,TTGACAGACAATCCGTAGGC,A6,ACGTATGGGGAACACTACAC
H6,GGAAACAATAACCATCGGCG,G6,CCTTTAACAGGACATGCAGC
G9,TGAGCGCAGAACTATCAGAC,A5,AAGGATATGTAGACACCGCC
F8,AGTAGTATCCGAATCGCTGC,C10,TATCACGGAAGGACTCAACG
D7,AGTGTTTTCCATTTTCCGCG,F6,ACAGGGTATATTGAGTGCCC
F4,TTAGCTCAGGTCCAAAGTCC,E1,ATTCAAGGGTTGGACGACTC
F2,AATGCGTCATTTTACACGGC,B2,TAACGACGTGCCGAACTTAG
E10,TCGACCAGGTTATCATGAGC,G10,AGTATTAGGCGTCAAGGTCC
A3,AAACACGTGGCAAACATTCC,C5,AATATCACGCAAAAGCACCG
C6,AGTATTCTTACAGCCAGCCG,B7,ATTCTCACGACGCAAGATGG
C8,CACTCGATAGGTACAACCGG,F10,AGGGCTAATTACCATCAGCG
G2,CGGATCGAACTTAGGTAGCC,F8,TGCCAAAGGGTAGAGACATC
H9,AGACAAGCCTTAACCGTAGG,H10,AGTTATAAGGGTCCGATGCC
H1,AAGGCCCAGAAGGATACAAC,C1,ATGCTAGCTGGAACTATCGG
B11,CCCGAGGGGAGAAATATACC,G4,ACTGGACCCAATAAAAGGCC
B10,TAGTGACCTAATGCCATGGG,C8,GCTAAATAGAGGGAAGCCCC
A5,GCATAAAGTTGACAGGCCAG,H9,GAAGTGGTTTGCCTAAACGC
C10,TACTTGAATACCACGTGGCC,C4,AGATAGATGCTCCGTCAAGC
B1,CCAGAGCTTAGGGGACATAC,B11,ACCACAGGTCAAGATTCACG
F6,AGTCCCAAGTTCAGACGTAC,G3,TCTTGCGATAGACACAAGCC
G8,GTACTCAGAGATTGCCGGAG,F4,CTGCTAGGGGCTACTTATCG
E4,AGTGAACTGACCGAATCCTC,A11,AAGAATTACTGACCCCTCGG
B8,CTAATATCCCTGAGCGACGG,A4,TAAGGATTCATCAGGTGCGC
F1,TAGTTGAGAACACGAACCCG,B4,ATACGTGGCTAGCATGAGAC
B2,AGTCCGACACAATGTGACAC,B6,ATCACAACAAAGGACGGGTC
G3,TAGCTCGATAATCAAGGGGC,D9,AGCTCAATCTAACAGTGGGG
A8,AAGGTATGTATAGCGACCGC,E4,ATCCTAGAAAAGGCGAAGGC
D2,GACCATGCAAGGAGAGGTAC,H3,CCACGAGATAAGAGGATGGC
G7,ATCAGACAACACAGAGGCTG,E8,GAAAAGTCCCAATGAGTGCC
B6,AGACATGGGATTGACCACAC,D9,AGCTCAATCTAACAGTGGGG
H9,AGACAAGCCTTAACCGTAGG,H2,CGGGAGGAAGTCTTTAGACC
A4,AAAGCACTCTTAGGCCTCTG,E2,TGGGGACGACTTATAATGCC
F1,TAGTTGAGAACACGAACCCG,F1,TACTGATAATTCGGACGCCC
F4,TTAGCTCAGGTCCAAAGTCC,F2,GGAAAACTAAGACAAGGCGC
B2,AGTCCGACACAATGTGACAC,G5,AACGATGATGCTCACTCTCG
D6,CGATAGAACGACCAGGTAGC,D1,ACGTGAAACTGTATCGAGCC
H3,CCGTGCGACAAGATTTCAAG,B9,TACCACGAAATGCACAGGAG
E9,AAATAAGACGACGACCCTCG,E1,ATTCAAGGGTTGGACGACTC
H7,TCACATAGAAGGACATGGCG,G4,ACTGGACCCAATAAAAGGCC
A5,GCATAAAGTTGACAGGCCAG,C5,AATATCACGCAAAAGCACCG
F7,ACATAAGCGATCCCAAGGTC,E9,ACAGGAAGCAAGGTATACGC
H2,GTTCAGAGGTACGAACCCTC,B8,AGTTGCAGTATCTAACCCGC
D1,AGACACAAGGCTGATTCCAG,D8,AGGACACCAGACCAATGAAG
E10,TCGACCAGGTTATCATGAGC,H6,TCTAGGACTATCACCGGAGG
A10,TTGACAGACAATCCGTAGGC,G2,AAGGCGCTCGGATAATACTC
E5,ACGGAGCCCTTATTGTAACC,C8,GCTAAATAGAGGGAAGCCCC
B8,CTAATATCCCTGAGCGACGG,H5,CTAGGGAACCAGGCTTAACG
C6,AGTATTCTTACAGCCAGCCG,D10,ACATCGCATACCAGAACAGG
B11,CCCGAGGGGAGAAATATACC,G8,AGATTGTTACTCCGACGGAC
A7,AGTATTGCCGGACTAAACCC,G10,AGTATTAGGCGTCAAGGTCC
D7,AGTGTTTTCCATTTTCCGCG,A7,TGCTGAATGAGAAACCTCGG
F6,AGTCCCAAGTTCAGACGTAC,B1,AAGGACTGCATACCAGGTTG
B4,AATGTCCTTAGGCAGTCGTC,F10,AGGGCTAATTACCATCAGCG
H8,ACATTAAATTTCGCCGTGGC,A5,AAGGATATGTAGACACCGCC
G10,ACGATGGGGACATAGAACAC,B3,GCAGCGTTTTAGCCTACAAG
B5,AAAGGGGCCGTCAATATCAG,F7,ATTGACGGGAACTACACTCG
E7,TAGCCAGGCAAAAGAGATCC,C4,AGATAGATGCTCCGTCAAGC
F9,TAAGGGACGATGCTTAACCC,H8,TCACTTGGTATCGAGAACGG
C1,GCACGCAAAAGGACATAACC,E7,TCATCGACAAGATACAGGCG
A8,AAGGTATGTATAGCGACCGC,D5,AGTGGTCTGTAAACCGTACC
F8,AGTAGTATCCGAATCGCTGC,D4,ATCCAGGAGGTCTAGGAACC
E8,ACTAGATTAGCAAGGCACCC,F8,TGCCAAAGGGTAGAGACATC
G9,TGAGCGCAGAACTATCAGAC,G3,TCTTGCGATAGACACAAGCC
E1,TCCAATTATACGGAGCAGGC,F4,CTGCTAGGGGCTACTTATCG
C10,TACTTGAATACCACGTGGCC,A2,ACAACGAGCAGACCGAATAG
F2,AATGCGTCATTTTACACGGC,A11,AAGAATTACTGACCCCTCGG
H5,TCGAATATGCTGTAACCCCG,B5,AGATTAGCCGACTTTCCTGG
E4,AGTGAACTGACCGAATCCTC,B4,ATACGTGGCTAGCATGAGAC
A11,ACAAGGAGTCGGCATATCAC,G9,AAGGAACTATGGCATCGAGC
G5,AATAGGAACCTCTTACGCGG,H10,AGTTATAAGGGTCCGATGCC
E2,TGCATAGTATCCCAACAGGG,B11,ACCACAGGTCAAGATTCACG
B3,AATGCAAAGCTATTAGCGCG,E5,AGGTGATCTGACGAATGTCC
C2,ACGAGATGATGCACCGATAG,A8,AAACCGGAGCCATACAGTAC
G2,CGGATCGAACTTAGGTAGCC,B6,ATCACAACAAAGGACGGGTC
F10,CTATAGAATCCGGGCTGGTC,C7,TCGAGACAAGAACGATTCCC
F5,ATAGATCATGTCGGCAGTCG,G6,CCTTTAACAGGACATGCAGC
H1,AAGGCCCAGAAGGATACAAC,A1,GTTGCATCTAAGCCAAGTGC
H10,GGGCACCGATTAAGAAATGC,C10,TATCACGGAAGGACTCAACG
C4,ATAGATGGTGCCTACATGCG,G7,TGAGCCATAAAAGCAAAGCG
A6,AGCTATAAGAATTGCCGGGC,A6,ACGTATGGGGAACACTACAC
D4,GATACATAGACTTGGCCCCG,H3,CCACGAGATAAGAGGATGGC
B10,TAGTGACCTAATGCCATGGG,H9,GAAGTGGTTTGCCTAAACGC
C9,AGATTTCCGACGAGATTCCC,C1,ATGCTAGCTGGAACTATCGG
E6,AGATTAGCTGCCGATACTGG,F6,ACAGGGTATATTGAGTGCCC
D2,GACCATGCAAGGAGAGGTAC,H1,AGATAGTCACGCACAAGACC
G8,GTACTCAGAGATTGCCGGAG,B2,TAACGACGTGCCGAACTTAG
H6,GGAAACAATAACCATCGGCG,C3,CGAACGCAAAAGTCCTCAAG
D9,TATACTGAAGAACGGCCCAG,G1,TAAGATAGCACCACGGATGG
C8,CACTCGATAGGTACAACCGG,E4,ATCCTAGAAAAGGCGAAGGC
A3,AAACACGTGGCAAACATTCC,A10,TCTTCATAAGCCAGAGTGCC
A2,TATCAATCCGGAACCAGTGC,D2,GGGTTGTCTCCTCTGATAGC
D5,AGCTATGATCCCGGTGTAAC,F5,CCGAGGGAACCATGATACAG
A1,AGTATCTCAGCAAGGGCAAC,B7,ATTCTCACGACGCAAGATGG
D10,CCGGTTGTACCTATCGAGTG,C2,ATGCCATGACGACAACTAGC
B7,AATCAGTTTCTTTGGCAGCC,A4,TAAGGATTCATCAGGTGCGC
