FRED3_block2_s1	ACGCCGCCACGTGTTCGTTAACTGTTGATTGGTGGCACATAAGTAATACCATGGTCCCTGAAATTCGGCTCAGTTACTTCGAGCGTAATGTCTCACCGCGTGATTACGAGTCGGGCTACGGTCTCTCTGGCCATATATAAGAGCAGAAGTTGAAGATAATATCATGGTAACTTTCAGAAATCAGGCCTCTCGTCCCTATTCCTTCTATTCTAGCCTTATTTCTTATGAGGAAGATCAGAGGCAAGGAGCAGAACCTAGAAAAAACTTAGAGACCGTAGCCAGGCTGCCACTTGCTAACCC
FRED3_block3_s1	CCGCGTGATTACGAGTCGGGCTACGGTCTCTCTGGCCATATATAAGAGCAGAAGTTGAAGATAATATCATGGTAACTTTCAGAAATCAGGCCTCTCGTCCCTATTCCTTCTATTCTAGCCTTATTTCTTATGAGGAAGATCAGAGGCAAGGAGCAGAACCTAGAAAAAACTTTGTCAAGCCTAATGAAACCAAAACTTACTTTTGGAAAGTGCAACATCATATGGCACCCACTAAAGATGAGTTTGACTGCAAAGCCTGGGCTTATTTCTCTGATGTTGACCTGGAAAAAGATGTGCACTCAGGCCTGATTGGACCCCTTCTGGTCTGCCACACTAAGAGACCGTAGCCAGGCTGCCACTTGCTAACCC
FRED3_block4_s1	CCGCGTGATTACGAGTCGGGCTACGGTCTCTCTGGCCATATATAAGAGCAGAAGTTGAAGATAATATCATGGTAACTTTCAGAAATCAGGCCTCTCGTCCCTATTCCTTCTATTCTAGCCTTATTTCTTATGAGGAAGATCAGAGGCAAGGAGCAGAACCTAGAAAAAACTTTGTCAAGCCTAATGAAACCAAAACTTACTTTTGGAAAGTGCAACATCATATGGCACCCACTAAAGATGAGTTTGACTGCAAAGCCTGGGCTTATTTCTCTGATGTTGACCTGGAAAAAGATGTGCACTCAGGCCTGATTGGACCCCTTCTGGTCTGCCACACTAACACACTGAACCCTGCTCATGGGAGACAAGTGACAGTACAGGAATTTGCTCTGTTTTTCACCATCTTTGATGAAACCAAAAGCTGGTACTTCACTGAAAATATGGAAAGAAACTGCAGGGCTCCCTGCAATATCCAGATGGAAGATCCCACTTTTAAAGAGAATAGAGACCGTAGCCAGGCTGCCACTTGCTAACCC
FRED3_block5_s1	CCGCGTGATTACGAGTCGGGCTACGGTCTCTCTGGCCATATATAAGAGCAGAAGTTGAAGATAATATCATGGTAACTTTCAGAAATCAGGCCTCTCGTCCCTATTCCTTCTATTCTAGCCTTATTTCTTATGAGGAAGATCAGAGGCAAGGAGCAGAACCTAGAAAAAACTTTGTCAAGCCTAATGAAACCAAAACTTACTTTTGGAAAGTGCAACATCATATGGCACCCACTAAAGATGAGTTTGACTGCAAAGCCTGGGCTTATTTCTCTGATGTTGACCTGGAAAAAGATGTGCACTCAGGCCTGATTGGACCCCTTCTGGTCTGCCACACTAACACACTGAACCCTGCTCATGGGAGACAAGTGACAGTACAGGAATTTGCTCTGTTTTTCACCATCTTTGATGAAACCAAAAGCTGGTACTTCACTGAAAATATGGAAAGAAACTGCAGGGCTCCCTGCAATATCCAGATGGAAGATCCCACTTTTAAAGAGAATTATCGCTTCCATGCAATCAATGGCTACATAATGGATACACTACCTGGCTTAGTAATGGCTCAGGATCAAAGGATTCGATGGTATCTGCTCAGCATGGGCAGCAATGAAAACATCCATTCTATTCATTTCAGTGGACATGTGTTCACTGTACGAAGAGACCGTAGCCAGGCTGCCACTTGCTAACCC
FRED3_block6_s1	CCGCGTGATTACGAGTCGGGCTACGGTCTCTCTGGCCATATATAAGAGCAGAAGTTGAAGATAATATCATGGTAACTTTCAGAAATCAGGCCTCTCGTCCCTATTCCTTCTATTCTAGCCTTATTTCTTATGAGGAAGATCAGAGGCAAGGAGCAGAACCTAGAAAAAACTTTGTCAAGCCTAATGAAACCAAAACTTACTTTTGGAAAGTGCAACATCATATGGCACCCACTAAAGATGAGTTTGACTGCAAAGCCTGGGCTTATTTCTCTGATGTTGACCTGGAAAAAGATGTGCACTCAGGCCTGATTGGACCCCTTCTGGTCTGCCACACTAACACACTGAACCCTGCTCATGGGAGACAAGTGACAGTACAGGAATTTGCTCTGTTTTTCACCATCTTTGATGAAACCAAAAGCTGGTACTTCACTGAAAATATGGAAAGAAACTGCAGGGCTCCCTGCAATATCCAGATGGAAGATCCCACTTTTAAAGAGAATTATCGCTTCCATGCAATCAATGGCTACATAATGGATACACTACCTGGCTTAGTAATGGCTCAGGATCAAAGGATTCGATGGTATCTGCTCAGCATGGGCAGCAATGAAAACATCCATTCTATTCATTTCAGTGGACATGTGTTCACTGTACGAAAAAAAGAGGAGTATAAAATGGCACTGTACAATCTCTATCCAGGTGTTTTTGAGACAGTGGAAATGTTACCATCCAAAGCTGGAATTTGGCGGGTGGAATGCCTTATTGGCGAGCATCTACATGCTGGGATGAGCACACTTTTTCTGGTGTACAGCAATAAGTAGAGACCGTAGCCAGGCTGCCACTTGCTAACCC
FRED3_block6_s2	CCGCGTGATTACGAGTCGGGCTACGGTCTCTATGATTATTCACGGCATCAAGACCCAGGGTGCCCGTCAGAAGTTCTCCAGCCTCTACATCTCTCAGTTTATCATCATGTATAGTCTTGATGGGAAGAAGTGGCAGACTTATCGAGGAAATTCCACTGGAACCTTAATGGTCTTCTTTGGCAATGTGGATTCATCTGGGATAAAACACAATATTTTTAACCCTCCAATTATTGCTCGATACATCCGTTTGCACCCAACTCATTATAGCATTCGCAGCACTCTTCGCATGGAGTTGATGGGCTGTGATTTAAATAGTTGCAGCATGCCATTGGGAATGGAGAGTAAAGCAATATCAGATGCACAGATTACTGCTTCATCCTACTTTACCAATATGTTTGCCACCTGGTCACCTTCAAAAGCTCGACTTCACCTCCAAGGGAGGAGTAATGCCTGGAGGCCTCAGGTGAATAATCCAAAAGAGTGGCTGCAAGTGGACTTCCAGAAGACAATGAAAGTCACAGGAGTAACTACTCAGGGAGTAAAATCTCTGCTTACCAGCATGTATGTGAAGGAGTTCCTCATCTCCAGCAGTCAAGATGGCCATCAGTGGACTCTCTTTTTTCAGAATGGCAAAGTAAAGGTTTTTCAGGGAAATCAAGACTCCTTCACACCTGTGGTGAACTCTCTAGACCCACCGTTACTGACTCGCTACCTTCGAATTCACCCCCAGAGTTGGGTGCACCAGATTGCCCTGAGGATGGAGGTTCTGGGCTGCGAGGCACAGGACCTCTACCAGGCTAGGCAGGTGAATGAGAGACCGTAGCCAGGCTGCCACTTGCTAACCC
FRED3_block7_s2	CCGCGTGATTACGAGTCGGGCTACGGTCTCTTCATCTGGGATAAAACACAATATTTTTAACCCTCCAATTATTGCTCGATACATCCGTTTGCACCCAACTCATTATAGCATTCGCAGCACTCTTCGCATGGAGTTGATGGGCTGTGATTTAAATAGTTGCAGCATGCCATTGGGAATGGAGAGTAAAGCAATATCAGATGCACAGATTACTGCTTCATCCTACTTTACCAATATGTTTGCCACCTGGTCACCTTCAAAAGCTCGACTTCACCTCCAAGGGAGGAGTAATGCCTGGAGGCCTCAGGTGAATAATCCAAAAGAGTGGCTGCAAGTGGACTTCCAGAAGACAATGAAAGTCACAGGAGTAACTACTCAGGGAGTAAAATCTCTGCTTACCAGCATGTATGTGAAGGAGTTCCTCATCTCCAGCAGTCAAGATGGCCATCAGTGGACTCTCTTTTTTCAGAATGGCAAAGTAAAGGTTTTTCAGGGAAATCAAGACTCCTTCACACCTGTGGTGAACTCTCTAGACCCACCGTTACTGACTCGCTACCTTCGAATTCACCCCCAGAGTTGGGTGCACCAGATTGCCCTGAGGATGGAGGTTCTGGGCTGCGAGGCACAGGACCTCTACCAGGCTAGGCAGGTGAATGAGAGACCGTAGCCAGGCTGCCACTTGCTAACCC
FRED3_block8_s2	CCGCGTGATTACGAGTCGGGCTACGGTCTCTGTAAAGCAATATCAGATGCACAGATTACTGCTTCATCCTACTTTACCAATATGTTTGCCACCTGGTCACCTTCAAAAGCTCGACTTCACCTCCAAGGGAGGAGTAATGCCTGGAGGCCTCAGGTGAATAATCCAAAAGAGTGGCTGCAAGTGGACTTCCAGAAGACAATGAAAGTCACAGGAGTAACTACTCAGGGAGTAAAATCTCTGCTTACCAGCATGTATGTGAAGGAGTTCCTCATCTCCAGCAGTCAAGATGGCCATCAGTGGACTCTCTTTTTTCAGAATGGCAAAGTAAAGGTTTTTCAGGGAAATCAAGACTCCTTCACACCTGTGGTGAACTCTCTAGACCCACCGTTACTGACTCGCTACCTTCGAATTCACCCCCAGAGTTGGGTGCACCAGATTGCCCTGAGGATGGAGGTTCTGGGCTGCGAGGCACAGGACCTCTACCAGGCTAGGCAGGTGAATGAGAGACCGTAGCCAGGCTGCCACTTGCTAACCC
FRED3_block9_s2	CCGCGTGATTACGAGTCGGGCTACGGTCTCTAAGACAATGAAAGTCACAGGAGTAACTACTCAGGGAGTAAAATCTCTGCTTACCAGCATGTATGTGAAGGAGTTCCTCATCTCCAGCAGTCAAGATGGCCATCAGTGGACTCTCTTTTTTCAGAATGGCAAAGTAAAGGTTTTTCAGGGAAATCAAGACTCCTTCACACCTGTGGTGAACTCTCTAGACCCACCGTTACTGACTCGCTACCTTCGAATTCACCCCCAGAGTTGGGTGCACCAGATTGCCCTGAGGATGGAGGTTCTGGGCTGCGAGGCACAGGACCTCTACCAGGCTAGGCAGGTGAATGAGAGACCGTAGCCAGGCTGCCACTTGCTAACCC
FRED3_block10_s2	ACGCCGCCACGTGTTCGTTAACTGTTGATTGGTGGCACATAAGTAATACCATGGTCCCTGAAATTCGGCTCAGTTACTTCGAGCGCCGCGTGATTACGAGTCGGGCTACGGTCTCTTCCTTCACACCTGTGGTGAACTCTCTAGACCCACCGTTACTGACTCGCTACCTTCGAATTCACCCCCAGAGTTGGGTGCACCAGATTGCCCTGAGGATGGAGGTTCTGGGCTGCGAGGCACAGGACCTCTACCAGGCTAGGCAGGTGAATGAGAGACCGTAGCCAGGCTGCCACTTGCTAACCC
