FRED1_block2_s1	ACGCCGCCACGTGTTCGTTAACTGTTGATTGGTGGCACATAAGTAATACCATGGTCCCTGAAATTCGGCTCAGTTACTTCGAGCGTAATGTCTCAAATGCCGCGTGATTACGAGTCGGGCTACGGTCTCTCGTCCACCTGCCTAGATGCAAATAGAGCTCTCTACCTGCTTCTTTCTGTGCCTTTTGCGATTCTGCTTTAGTGCCACCAGAAGATACTACCTGGGTGCAGTGGAACTGTCATGGGACTATATGCAAAGTGATCTCGGAGAGACCGTAGCCAGGCTGCCACTTGCTAACCC
FRED1_block3_s1	CCGCGTGATTACGAGTCGGGCTACGGTCTCTCGTCCACCTGCCTAGATGCAAATAGAGCTCTCTACCTGCTTCTTTCTGTGCCTTTTGCGATTCTGCTTTAGTGCCACCAGAAGATACTACCTGGGTGCAGTGGAACTGTCATGGGACTATATGCAAAGTGATCTCGGTGAGCTGCCTGTGGACGCAAGATTTCCTCCTAGAGTGCCAAAATCTTTTCCATTCAACACCTCAGTCGTGTACAAAAAGACTCTGTTTGTAGAATTCACGGATCACCTTTTCAACATCGCTAAGCCAAGGCCACCCTGGATGGGTCTGCTAGGTCCTAGAGACCGTAGCCAGGCTGCCACTTGCTAACCC
FRED1_block4_s1	CCGCGTGATTACGAGTCGGGCTACGGTCTCTCGTCCACCTGCCTAGATGCAAATAGAGCTCTCTACCTGCTTCTTTCTGTGCCTTTTGCGATTCTGCTTTAGTGCCACCAGAAGATACTACCTGGGTGCAGTGGAACTGTCATGGGACTATATGCAAAGTGATCTCGGTGAGCTGCCTGTGGACGCAAGATTTCCTCCTAGAGTGCCAAAATCTTTTCCATTCAACACCTCAGTCGTGTACAAAAAGACTCTGTTTGTAGAATTCACGGATCACCTTTTCAACATCGCTAAGCCAAGGCCACCCTGGATGGGTCTGCTAGGTCCTACCATCCAGGCTGAGGTTTATGATACAGTGGTCATTACACTTAAGAACATGGCTTCCCATCCTGTCAGTCTTCATGCTGTTGGTGTATCCTACTGGAAAGCTTCTGAGGGAGCTGAATATGATGATCAGACCAGTCAAAGGGAGAAAGAAGAAGAGACCGTAGCCAGGCTGCCACTTGCTAACCC
FRED1_block5_s1	CCGCGTGATTACGAGTCGGGCTACGGTCTCTCGTCCACCTGCCTAGATGCAAATAGAGCTCTCTACCTGCTTCTTTCTGTGCCTTTTGCGATTCTGCTTTAGTGCCACCAGAAGATACTACCTGGGTGCAGTGGAACTGTCATGGGACTATATGCAAAGTGATCTCGGTGAGCTGCCTGTGGACGCAAGATTTCCTCCTAGAGTGCCAAAATCTTTTCCATTCAACACCTCAGTCGTGTACAAAAAGACTCTGTTTGTAGAATTCACGGATCACCTTTTCAACATCGCTAAGCCAAGGCCACCCTGGATGGGTCTGCTAGGTCCTACCATCCAGGCTGAGGTTTATGATACAGTGGTCATTACACTTAAGAACATGGCTTCCCATCCTGTCAGTCTTCATGCTGTTGGTGTATCCTACTGGAAAGCTTCTGAGGGAGCTGAATATGATGATCAGACCAGTCAAAGGGAGAAAGAAGATGATAAAGTCTTCCCTGGTGGAAGCCATACATATGTCTGGCAGGTCCTGAAAGAGAATGGTCCAATGGCCTCTGACCCACTGTGCCTTACCTACTCATATCTTTCTCATGTGGACCTGGTAAAAGACTTGAATTCAGGCCTCATTGGAGCCCTACTAAGAGACCGTAGCCAGGCTGCCACTTGCTAACCC
FRED1_block5_s2	CCGCGTGATTACGAGTCGGGCTACGGTCTCTAATGGTTATGTAAACAGATCTCTGCCAGGTCTGATTGGATGCCACAGGAAATCAGTCTATTGGCATGTGATTGGAATGGGCACCACTCCTGAAGTGCACTCAATATTCCTCGAAGGTCACACATTTCTTGTGAGGAACCATCGCCAGGCGTCCTTGGAAATCTCGCCAATAACTTTCCTTACTGCTCAAACACTCTTGATGGACCTTGGACAGTTTCTACTGTTTTGTCATATCTCTTCCCACCAACATGATGGCATGGAAGCTTATGTCAAAGTAGACAGCTGTCCAGAGGAACCCCAACTACGAATGAAAAATAATGAAGAAGCGGAAGACTATGATGATGATCTTACTGATTCTGAAATGGATGTGGTCAGGTTTGATGATGACAACTCTCCTTCCTTTATCCAAATTCGCTCAGTTGCCAAGAAGCATCCTAAAACTTGGGTACATTACATTGCTGCTGAAGAGGAGGACTGGGACTATGCTCCCTTAGTCCTCGCCCCCGATGACAGAAGTTATAAAAGTCAATATTTGAACAATGGCCCTCAGCGGATTGGTAGGAAGTACAAAAAAGTCCGATTTATGGCATACACAGATGAAACCTTTAAGACTCGTGAAGCTATTCAGCATGAATCAGGAATCTTGGGACCTTTACTTTATGGGGAAGTTGGAGACACACTGTTGATTATATTTAAGAATCAAGCAAGCAGACCATATAACATCTACCCTCACGGAATCACTGATGTCCGTCCTTTGTATTCAAGGAGATTACCAAAAGGTGTAAAACATTTGAAGGATTTTCCAATTCTGCCAGGAGAAATATTCAAATATAAATGGACAGTGACTGTAGAAGATGGGCCAACTAAATCAGATCCTCGGTGCCTGACCCGCTATTACTCTCTAGGCAGGTGGCATAGAGACCGTAGCCAGGCTGCCACTTGCTAACCC
FRED1_block6_s1	CCGCGTGATTACGAGTCGGGCTACGGTCTCTCGTCCACCTGCCTAGATGCAAATAGAGCTCTCTACCTGCTTCTTTCTGTGCCTTTTGCGATTCTGCTTTAGTGCCACCAGAAGATACTACCTGGGTGCAGTGGAACTGTCATGGGACTATATGCAAAGTGATCTCGGTGAGCTGCCTGTGGACGCAAGATTTCCTCCTAGAGTGCCAAAATCTTTTCCATTCAACACCTCAGTCGTGTACAAAAAGACTCTGTTTGTAGAATTCACGGATCACCTTTTCAACATCGCTAAGCCAAGGCCACCCTGGATGGGTCTGCTAGGTCCTACCATCCAGGCTGAGGTTTATGATACAGTGGTCATTACACTTAAGAACATGGCTTCCCATCCTGTCAGTCTTCATGCTGTTGGTGTATCCTACTGGAAAGCTTCTGAGGGAGCTGAATATGATGATCAGACCAGTCAAAGGGAGAAAGAAGATGATAAAGTCTTCCCTGGTGGAAGCCATACATATGTCTGGCAGGTCCTGAAAGAGAATGGTCCAATGGCCTCTGACCCACTGTGCCTTACCTACTCATATCTTTCTCATGTGGACCTGGTAAAAGACTTGAATTCAGGCCTCATTGGAGCCCTACTAGTATGTAGAGAAGGGAGTCTGGCCAAGGAAAAGACACAGACCTTGCACAAATTTATACTACTTTTTGCTGTATTTGATGAAGGGAAAAGTTGGCACTCAGAAACAAAGAACTCCTTGATGCAGGATAGGGATGCTGCATCTGCTCGGGCCTGGCCTAAAATAGAGACCGTAGCCAGGCTGCCACTTGCTAACCC
FRED1_block6_s2	CCGCGTGATTACGAGTCGGGCTACGGTCTCTTCCTTGGAAATCTCGCCAATAACTTTCCTTACTGCTCAAACACTCTTGATGGACCTTGGACAGTTTCTACTGTTTTGTCATATCTCTTCCCACCAACATGATGGCATGGAAGCTTATGTCAAAGTAGACAGCTGTCCAGAGGAACCCCAACTACGAATGAAAAATAATGAAGAAGCGGAAGACTATGATGATGATCTTACTGATTCTGAAATGGATGTGGTCAGGTTTGATGATGACAACTCTCCTTCCTTTATCCAAATTCGCTCAGTTGCCAAGAAGCATCCTAAAACTTGGGTACATTACATTGCTGCTGAAGAGGAGGACTGGGACTATGCTCCCTTAGTCCTCGCCCCCGATGACAGAAGTTATAAAAGTCAATATTTGAACAATGGCCCTCAGCGGATTGGTAGGAAGTACAAAAAAGTCCGATTTATGGCATACACAGATGAAACCTTTAAGACTCGTGAAGCTATTCAGCATGAATCAGGAATCTTGGGACCTTTACTTTATGGGGAAGTTGGAGACACACTGTTGATTATATTTAAGAATCAAGCAAGCAGACCATATAACATCTACCCTCACGGAATCACTGATGTCCGTCCTTTGTATTCAAGGAGATTACCAAAAGGTGTAAAACATTTGAAGGATTTTCCAATTCTGCCAGGAGAAATATTCAAATATAAATGGACAGTGACTGTAGAAGATGGGCCAACTAAATCAGATCCTCGGTGCCTGACCCGCTATTACTCTCTAGGCAGGTGGCATAGAGACCGTAGCCAGGCTGCCACTTGCTAACCC
FRED1_block7_s1	CCGCGTGATTACGAGTCGGGCTACGGTCTCTCGTCCACCTGCCTAGATGCAAATAGAGCTCTCTACCTGCTTCTTTCTGTGCCTTTTGCGATTCTGCTTTAGTGCCACCAGAAGATACTACCTGGGTGCAGTGGAACTGTCATGGGACTATATGCAAAGTGATCTCGGTGAGCTGCCTGTGGACGCAAGATTTCCTCCTAGAGTGCCAAAATCTTTTCCATTCAACACCTCAGTCGTGTACAAAAAGACTCTGTTTGTAGAATTCACGGATCACCTTTTCAACATCGCTAAGCCAAGGCCACCCTGGATGGGTCTGCTAGGTCCTACCATCCAGGCTGAGGTTTATGATACAGTGGTCATTACACTTAAGAACATGGCTTCCCATCCTGTCAGTCTTCATGCTGTTGGTGTATCCTACTGGAAAGCTTCTGAGGGAGCTGAATATGATGATCAGACCAGTCAAAGGGAGAAAGAAGATGATAAAGTCTTCCCTGGTGGAAGCCATACATATGTCTGGCAGGTCCTGAAAGAGAATGGTCCAATGGCCTCTGACCCACTGTGCCTTACCTACTCATATCTTTCTCATGTGGACCTGGTAAAAGACTTGAATTCAGGCCTCATTGGAGCCCTACTAGTATGTAGAGAAGGGAGTCTGGCCAAGGAAAAGACACAGACCTTGCACAAATTTATACTACTTTTTGCTGTATTTGATGAAGGGAAAAGTTGGCACTCAGAAACAAAGAACTCCTTGATGCAGGATAGGGATGCTGCATCTGCTCGGGCCTGGCCTAAAATGCACACAGTCAATGGTTATGTAAACAGATCTCTGCCAGGTCTGATTGGATGCCACAGGAAATCAGTCTATTGGCATGTGATTGGAATGGGCACCACTCCTGAAGTGCACTCAATATTCCTCGAAGGTCACACATTTCTTGTGAGGAACCATCGAGAGACCGTAGCCAGGCTGCCACTTGCTAACCC
FRED1_block7_s2	CCGCGTGATTACGAGTCGGGCTACGGTCTCTGAAAAATAATGAAGAAGCGGAAGACTATGATGATGATCTTACTGATTCTGAAATGGATGTGGTCAGGTTTGATGATGACAACTCTCCTTCCTTTATCCAAATTCGCTCAGTTGCCAAGAAGCATCCTAAAACTTGGGTACATTACATTGCTGCTGAAGAGGAGGACTGGGACTATGCTCCCTTAGTCCTCGCCCCCGATGACAGAAGTTATAAAAGTCAATATTTGAACAATGGCCCTCAGCGGATTGGTAGGAAGTACAAAAAAGTCCGATTTATGGCATACACAGATGAAACCTTTAAGACTCGTGAAGCTATTCAGCATGAATCAGGAATCTTGGGACCTTTACTTTATGGGGAAGTTGGAGACACACTGTTGATTATATTTAAGAATCAAGCAAGCAGACCATATAACATCTACCCTCACGGAATCACTGATGTCCGTCCTTTGTATTCAAGGAGATTACCAAAAGGTGTAAAACATTTGAAGGATTTTCCAATTCTGCCAGGAGAAATATTCAAATATAAATGGACAGTGACTGTAGAAGATGGGCCAACTAAATCAGATCCTCGGTGCCTGACCCGCTATTACTCTCTAGGCAGGTGGCATAGAGACCGTAGCCAGGCTGCCACTTGCTAACCC
FRED1_block8_s2	CCGCGTGATTACGAGTCGGGCTACGGTCTCTAGGAGGACTGGGACTATGCTCCCTTAGTCCTCGCCCCCGATGACAGAAGTTATAAAAGTCAATATTTGAACAATGGCCCTCAGCGGATTGGTAGGAAGTACAAAAAAGTCCGATTTATGGCATACACAGATGAAACCTTTAAGACTCGTGAAGCTATTCAGCATGAATCAGGAATCTTGGGACCTTTACTTTATGGGGAAGTTGGAGACACACTGTTGATTATATTTAAGAATCAAGCAAGCAGACCATATAACATCTACCCTCACGGAATCACTGATGTCCGTCCTTTGTATTCAAGGAGATTACCAAAAGGTGTAAAACATTTGAAGGATTTTCCAATTCTGCCAGGAGAAATATTCAAATATAAATGGACAGTGACTGTAGAAGATGGGCCAACTAAATCAGATCCTCGGTGCCTGACCCGCTATTACTCTCTAGGCAGGTGGCATAGAGACCGTAGCCAGGCTGCCACTTGCTAACCC
FRED1_block9_s2	CCGCGTGATTACGAGTCGGGCTACGGTCTCTTCAGCATGAATCAGGAATCTTGGGACCTTTACTTTATGGGGAAGTTGGAGACACACTGTTGATTATATTTAAGAATCAAGCAAGCAGACCATATAACATCTACCCTCACGGAATCACTGATGTCCGTCCTTTGTATTCAAGGAGATTACCAAAAGGTGTAAAACATTTGAAGGATTTTCCAATTCTGCCAGGAGAAATATTCAAATATAAATGGACAGTGACTGTAGAAGATGGGCCAACTAAATCAGATCCTCGGTGCCTGACCCGCTATTACTCTCTAGGCAGGTGGCATAGAGACCGTAGCCAGGCTGCCACTTGCTAACCC
FRED1_block10_s2	ACGCCGCCACGTGTTCGTTAACTGTTGATTGGTGGCACATAAGTAATACCATGGTCCCTGAAATTCGGCTCAGTTACTTCGAGCGTAATGTCTCAACCGCGTGATTACGAGTCGGGCTACGGTCTCTAAGGTGTAAAACATTTGAAGGATTTTCCAATTCTGCCAGGAGAAATATTCAAATATAAATGGACAGTGACTGTAGAAGATGGGCCAACTAAATCAGATCCTCGGTGCCTGACCCGCTATTACTCTCTAGGCAGGTGGCATAGAGACCGTAGCCAGGCTGCCACTTGCTAACCC
FRED2_block2_s1	ACGCCGCCACGTGTTCGTTAACTGTTGATTGGTGGCACATAAGTAATACCATGGTCCCTGAAATTCGGCTCAGTTACTTCGAGCGTAATGCCGCGTGATTACGAGTCGGGCTACGGTCTCTCGTCCACCTGCCTAGTTCAAATATAAATGGACAGTGACTGTAGAAGATGGGCCAACTAAATCAGATCCTCGGTGCCTGACCCGCTATTACTCTAGTTTCGTTAATATGGAGAGAGATCTAGCTTCAGGACTCATTGGCCCTCTCCTAGAGACCGTAGCCAGGCTGCCACTTGCTAACCC
FRED2_block3_s1	CCGCGTGATTACGAGTCGGGCTACGGTCTCTCGTCCACCTGCCTAGTTCAAATATAAATGGACAGTGACTGTAGAAGATGGGCCAACTAAATCAGATCCTCGGTGCCTGACCCGCTATTACTCTAGTTTCGTTAATATGGAGAGAGATCTAGCTTCAGGACTCATTGGCCCTCTCCTCATCTGCTACAAAGAATCTGTAGATCAAAGAGGAAACCAGATAATGTCAGACAAGAGGAATGTCATCCTGTTTTCTGTATTTGATGAGAACCGAAGCTGGTACCTCACAGAGAATATACAACGCTTTCTCCCCAATCCAGCTGGAGTGCAGCTTGAGGAAGAGACCGTAGCCAGGCTGCCACTTGCTAACCC
FRED2_block4_s1	CCGCGTGATTACGAGTCGGGCTACGGTCTCTCGTCCACCTGCCTAGTTCAAATATAAATGGACAGTGACTGTAGAAGATGGGCCAACTAAATCAGATCCTCGGTGCCTGACCCGCTATTACTCTAGTTTCGTTAATATGGAGAGAGATCTAGCTTCAGGACTCATTGGCCCTCTCCTCATCTGCTACAAAGAATCTGTAGATCAAAGAGGAAACCAGATAATGTCAGACAAGAGGAATGTCATCCTGTTTTCTGTATTTGATGAGAACCGAAGCTGGTACCTCACAGAGAATATACAACGCTTTCTCCCCAATCCAGCTGGAGTGCAGCTTGAGGATCCAGAGTTCCAAGCCTCCAACATCATGCACAGCATCAATGGCTATGTTTTTGATAGTTTGCAGTTGTCAGTTTGTTTGCATGAGGTGGCATACTGGTACATTCTAAGCATTGGAGCACAGACTGACTTCCTTTCTGTCTTCTTCTCTGGATATACCTTAGAGACCGTAGCCAGGCTGCCACTTGCTAACCC
FRED2_block5_s1	CCGCGTGATTACGAGTCGGGCTACGGTCTCTCGTCCACCTGCCTAGTTCAAATATAAATGGACAGTGACTGTAGAAGATGGGCCAACTAAATCAGATCCTCGGTGCCTGACCCGCTATTACTCTAGTTTCGTTAATATGGAGAGAGATCTAGCTTCAGGACTCATTGGCCCTCTCCTCATCTGCTACAAAGAATCTGTAGATCAAAGAGGAAACCAGATAATGTCAGACAAGAGGAATGTCATCCTGTTTTCTGTATTTGATGAGAACCGAAGCTGGTACCTCACAGAGAATATACAACGCTTTCTCCCCAATCCAGCTGGAGTGCAGCTTGAGGATCCAGAGTTCCAAGCCTCCAACATCATGCACAGCATCAATGGCTATGTTTTTGATAGTTTGCAGTTGTCAGTTTGTTTGCATGAGGTGGCATACTGGTACATTCTAAGCATTGGAGCACAGACTGACTTCCTTTCTGTCTTCTTCTCTGGATATACCTTCAAACACAAAATGGTCTATGAAGACACACTCACCCTATTCCCATTCTCAGGAGAAACTGTCTTCATGTCGATGGAAAACCCAGGTCTATGGATTCTGGGGTGCCACAACTCAGACTTTCGGAACAGAGGCATGACCGCCTTACTGAAGGTTTCTAGTTGTGACAAGAAGAGACCGTAGCCAGGCTGCCACTTGCTAACCC
FRED2_block6_s1	CCGCGTGATTACGAGTCGGGCTACGGTCTCTCGTCCACCTGCCTAGTTCAAATATAAATGGACAGTGACTGTAGAAGATGGGCCAACTAAATCAGATCCTCGGTGCCTGACCCGCTATTACTCTAGTTTCGTTAATATGGAGAGAGATCTAGCTTCAGGACTCATTGGCCCTCTCCTCATCTGCTACAAAGAATCTGTAGATCAAAGAGGAAACCAGATAATGTCAGACAAGAGGAATGTCATCCTGTTTTCTGTATTTGATGAGAACCGAAGCTGGTACCTCACAGAGAATATACAACGCTTTCTCCCCAATCCAGCTGGAGTGCAGCTTGAGGATCCAGAGTTCCAAGCCTCCAACATCATGCACAGCATCAATGGCTATGTTTTTGATAGTTTGCAGTTGTCAGTTTGTTTGCATGAGGTGGCATACTGGTACATTCTAAGCATTGGAGCACAGACTGACTTCCTTTCTGTCTTCTTCTCTGGATATACCTTCAAACACAAAATGGTCTATGAAGACACACTCACCCTATTCCCATTCTCAGGAGAAACTGTCTTCATGTCGATGGAAAACCCAGGTCTATGGATTCTGGGGTGCCACAACTCAGACTTTCGGAACAGAGGCATGACCGCCTTACTGAAGGTTTCTAGTTGTGACAAGAACACTGGTGATTATTACGAGGACAGTTATGAAGATATTTCAGCATACTTGCTGAGTAAAAACAATGCCATTGAACCAAGAAGCTTCTCCCAGAATTCAAGACACCCTAGCACTAGGCAAAAGCAATTTAATGCCACCACAATTCCAGAAAATGACATAGAGAAGAAGAGACCGTAGCCAGGCTGCCACTTGCTAACCC
FRED2_block6_s2	CCGCGTGATTACGAGTCGGGCTACGGTCTCTTAGACAGTAATAACAGCCTGTCTGAAATGACACACTTCAGGCCACAGCTCCATCACAGTGGGGACATGGTATTTACCCCTGAGTCAGGCCTCCAATTAAGATTAAATGAGAAACTGGGGACAACTGCAGCAACAGAGTTGAAGAAACTTGATTTCAAAGTTTCTAGTACATCAAATAATCTGATTTCAACAATTCCATCAGACAATTTGGCAGCAGGTACTGATAATACAAGTTCCTTAGGACCCCCAAGTATGCCAGTTCATTATGATAGTCAATTAGATACCACTCTATTTGGCAAAAAGTCATCTCCCCTTACTGAGTCTGGTGGACCTCTGAGCTTGAGTGAAGAAAATAATGATTCAAAGTTGTTAGAATCAGGTTTAATGAATAGCCAAGAAAGTTCATGGGGAAAAAATGTATCGTCACGGGAAATAACTCGTACTACTCTTCAGTCAGATCAAGAGGAAATTGACTATGATGATACCATATCAGTTGAAATGAAGAAGGAAGATTTTGACATTTATGATGAGGATGAAAATCAGAGCCCCCGCAGCTTTCAAAAGAAAACACGACACTATTTTATTGCTGCAGTGGAGAGGCTCTGGGATTATGGGATGAGTAGCTCCCCACATGTTCTAAGAAACAGGGCTCAGAGTGGCAGTGTCCCTCAGTTCAAGAAAGTTGTTTTCCAGGAATTTACTGATGGCTCCTTTACTCAGCCCTTATACCGTGGAGAACTAAATGAACATTTGGGACTCCTGGGGCCATATATAAGACTAGGCAGGTGGCATAGAGACCGTAGCCAGGCTGCCACTTGCTAACCC
FRED2_block7_s2	CCGCGTGATTACGAGTCGGGCTACGGTCTCTTTCTAGTACATCAAATAATCTGATTTCAACAATTCCATCAGACAATTTGGCAGCAGGTACTGATAATACAAGTTCCTTAGGACCCCCAAGTATGCCAGTTCATTATGATAGTCAATTAGATACCACTCTATTTGGCAAAAAGTCATCTCCCCTTACTGAGTCTGGTGGACCTCTGAGCTTGAGTGAAGAAAATAATGATTCAAAGTTGTTAGAATCAGGTTTAATGAATAGCCAAGAAAGTTCATGGGGAAAAAATGTATCGTCACGGGAAATAACTCGTACTACTCTTCAGTCAGATCAAGAGGAAATTGACTATGATGATACCATATCAGTTGAAATGAAGAAGGAAGATTTTGACATTTATGATGAGGATGAAAATCAGAGCCCCCGCAGCTTTCAAAAGAAAACACGACACTATTTTATTGCTGCAGTGGAGAGGCTCTGGGATTATGGGATGAGTAGCTCCCCACATGTTCTAAGAAACAGGGCTCAGAGTGGCAGTGTCCCTCAGTTCAAGAAAGTTGTTTTCCAGGAATTTACTGATGGCTCCTTTACTCAGCCCTTATACCGTGGAGAACTAAATGAACATTTGGGACTCCTGGGGCCATATATAAGACTAGGCAGGTGGCATAGAGACCGTAGCCAGGCTGCCACTTGCTAACCC
FRED2_block8_s2	CCGCGTGATTACGAGTCGGGCTACGGTCTCTTCTGGTGGACCTCTGAGCTTGAGTGAAGAAAATAATGATTCAAAGTTGTTAGAATCAGGTTTAATGAATAGCCAAGAAAGTTCATGGGGAAAAAATGTATCGTCACGGGAAATAACTCGTACTACTCTTCAGTCAGATCAAGAGGAAATTGACTATGATGATACCATATCAGTTGAAATGAAGAAGGAAGATTTTGACATTTATGATGAGGATGAAAATCAGAGCCCCCGCAGCTTTCAAAAGAAAACACGACACTATTTTATTGCTGCAGTGGAGAGGCTCTGGGATTATGGGATGAGTAGCTCCCCACATGTTCTAAGAAACAGGGCTCAGAGTGGCAGTGTCCCTCAGTTCAAGAAAGTTGTTTTCCAGGAATTTACTGATGGCTCCTTTACTCAGCCCTTATACCGTGGAGAACTAAATGAACATTTGGGACTCCTGGGGCCATATATAAGACTAGGCAGGTGGCATAGAGACCGTAGCCAGGCTGCCACTTGCTAACCC
FRED2_block9_s2	CCGCGTGATTACGAGTCGGGCTACGGTCTCTATGATACCATATCAGTTGAAATGAAGAAGGAAGATTTTGACATTTATGATGAGGATGAAAATCAGAGCCCCCGCAGCTTTCAAAAGAAAACACGACACTATTTTATTGCTGCAGTGGAGAGGCTCTGGGATTATGGGATGAGTAGCTCCCCACATGTTCTAAGAAACAGGGCTCAGAGTGGCAGTGTCCCTCAGTTCAAGAAAGTTGTTTTCCAGGAATTTACTGATGGCTCCTTTACTCAGCCCTTATACCGTGGAGAACTAAATGAACATTTGGGACTCCTGGGGCCATATATAAGACTAGGCAGGTGGCATAGAGACCGTAGCCAGGCTGCCACTTGCTAACCC
FRED2_block10_s2	ACGCCGCCACGTGTTCGTTAACTGTTGATTGGTGGCACATAAGTAATACCATGGTCCCTGAAATTCGGCTCAGTTACTTCGAGCCGCGTGATTACGAGTCGGGCTACGGTCTCTAGAAACAGGGCTCAGAGTGGCAGTGTCCCTCAGTTCAAGAAAGTTGTTTTCCAGGAATTTACTGATGGCTCCTTTACTCAGCCCTTATACCGTGGAGAACTAAATGAACATTTGGGACTCCTGGGGCCATATATAAGACTAGGCAGGTGGCATAGAGACCGTAGCCAGGCTGCCACTTGCTAACCC
FRED3_block2_s1	ACGCCGCCACGTGTTCGTTAACTGTTGATTGGTGGCACATAAGTAATACCATGGTCCCTGAAATTCGGCTCAGTTACTTCGAGCGTAATGTCCGCGTGATTACGAGTCGGGCTACGGTCTCTCGTCCACCTGCCTAGCCATATATAAGAGCAGAAGTTGAAGATAATATCATGGTAACTTTCAGAAATCAGGCCTCTCGTCCCTATTCCTTCTATTCTAGCCTTATTTCTTATGAGGAAGATCAGAGGCAAGGAGCAGAACCTAGAAAGAGACCGTAGCCAGGCTGCCACTTGCTAACCC
FRED3_block3_s1	CCGCGTGATTACGAGTCGGGCTACGGTCTCTCGTCCACCTGCCTAGCCATATATAAGAGCAGAAGTTGAAGATAATATCATGGTAACTTTCAGAAATCAGGCCTCTCGTCCCTATTCCTTCTATTCTAGCCTTATTTCTTATGAGGAAGATCAGAGGCAAGGAGCAGAACCTAGAAAAAACTTTGTCAAGCCTAATGAAACCAAAACTTACTTTTGGAAAGTGCAACATCATATGGCACCCACTAAAGATGAGTTTGACTGCAAAGCCTGGGCTTATTTCTCTGATGTTGACCTGGAAAAAGATGTGCACTCAGGCCTGATTGGACCCCTTCTAGAGACCGTAGCCAGGCTGCCACTTGCTAACCC
FRED3_block4_s1	CCGCGTGATTACGAGTCGGGCTACGGTCTCTCGTCCACCTGCCTAGCCATATATAAGAGCAGAAGTTGAAGATAATATCATGGTAACTTTCAGAAATCAGGCCTCTCGTCCCTATTCCTTCTATTCTAGCCTTATTTCTTATGAGGAAGATCAGAGGCAAGGAGCAGAACCTAGAAAAAACTTTGTCAAGCCTAATGAAACCAAAACTTACTTTTGGAAAGTGCAACATCATATGGCACCCACTAAAGATGAGTTTGACTGCAAAGCCTGGGCTTATTTCTCTGATGTTGACCTGGAAAAAGATGTGCACTCAGGCCTGATTGGACCCCTTCTGGTCTGCCACACTAACACACTGAACCCTGCTCATGGGAGACAAGTGACAGTACAGGAATTTGCTCTGTTTTTCACCATCTTTGATGAAACCAAAAGCTGGTACTTCACTGAAAATATGGAAAGAAACTGCAGGGCTCCCTGCAATATCCAGATGGAAGATCCCACTTAGAGACCGTAGCCAGGCTGCCACTTGCTAACCC
FRED3_block5_s1	CCGCGTGATTACGAGTCGGGCTACGGTCTCTCGTCCACCTGCCTAGCCATATATAAGAGCAGAAGTTGAAGATAATATCATGGTAACTTTCAGAAATCAGGCCTCTCGTCCCTATTCCTTCTATTCTAGCCTTATTTCTTATGAGGAAGATCAGAGGCAAGGAGCAGAACCTAGAAAAAACTTTGTCAAGCCTAATGAAACCAAAACTTACTTTTGGAAAGTGCAACATCATATGGCACCCACTAAAGATGAGTTTGACTGCAAAGCCTGGGCTTATTTCTCTGATGTTGACCTGGAAAAAGATGTGCACTCAGGCCTGATTGGACCCCTTCTGGTCTGCCACACTAACACACTGAACCCTGCTCATGGGAGACAAGTGACAGTACAGGAATTTGCTCTGTTTTTCACCATCTTTGATGAAACCAAAAGCTGGTACTTCACTGAAAATATGGAAAGAAACTGCAGGGCTCCCTGCAATATCCAGATGGAAGATCCCACTTTTAAAGAGAATTATCGCTTCCATGCAATCAATGGCTACATAATGGATACACTACCTGGCTTAGTAATGGCTCAGGATCAAAGGATTCGATGGTATCTGCTCAGCATGGGCAGCAATGAAAACATCCATTCTATTCATTTCAGTGGACATGTGTTCACTGAGAGACCGTAGCCAGGCTGCCACTTGCTAACCC
FRED3_block6_s1	CCGCGTGATTACGAGTCGGGCTACGGTCTCTCGTCCACCTGCCTAGCCATATATAAGAGCAGAAGTTGAAGATAATATCATGGTAACTTTCAGAAATCAGGCCTCTCGTCCCTATTCCTTCTATTCTAGCCTTATTTCTTATGAGGAAGATCAGAGGCAAGGAGCAGAACCTAGAAAAAACTTTGTCAAGCCTAATGAAACCAAAACTTACTTTTGGAAAGTGCAACATCATATGGCACCCACTAAAGATGAGTTTGACTGCAAAGCCTGGGCTTATTTCTCTGATGTTGACCTGGAAAAAGATGTGCACTCAGGCCTGATTGGACCCCTTCTGGTCTGCCACACTAACACACTGAACCCTGCTCATGGGAGACAAGTGACAGTACAGGAATTTGCTCTGTTTTTCACCATCTTTGATGAAACCAAAAGCTGGTACTTCACTGAAAATATGGAAAGAAACTGCAGGGCTCCCTGCAATATCCAGATGGAAGATCCCACTTTTAAAGAGAATTATCGCTTCCATGCAATCAATGGCTACATAATGGATACACTACCTGGCTTAGTAATGGCTCAGGATCAAAGGATTCGATGGTATCTGCTCAGCATGGGCAGCAATGAAAACATCCATTCTATTCATTTCAGTGGACATGTGTTCACTGTACGAAAAAAAGAGGAGTATAAAATGGCACTGTACAATCTCTATCCAGGTGTTTTTGAGACAGTGGAAATGTTACCATCCAAAGCTGGAATTTGGCGGGTGGAATGCCTTATTGGCGAGCATCTACATGCTGGGATGAGCACACTTTTTCTGGTGTACAGAGAGACCGTAGCCAGGCTGCCACTTGCTAACCC
FRED3_block6_s2	CCGCGTGATTACGAGTCGGGCTACGGTCTCTATCTGTTGGCACCAATGATTATTCACGGCATCAAGACCCAGGGTGCCCGTCAGAAGTTCTCCAGCCTCTACATCTCTCAGTTTATCATCATGTATAGTCTTGATGGGAAGAAGTGGCAGACTTATCGAGGAAATTCCACTGGAACCTTAATGGTCTTCTTTGGCAATGTGGATTCATCTGGGATAAAACACAATATTTTTAACCCTCCAATTATTGCTCGATACATCCGTTTGCACCCAACTCATTATAGCATTCGCAGCACTCTTCGCATGGAGTTGATGGGCTGTGATTTAAATAGTTGCAGCATGCCATTGGGAATGGAGAGTAAAGCAATATCAGATGCACAGATTACTGCTTCATCCTACTTTACCAATATGTTTGCCACCTGGTCACCTTCAAAAGCTCGACTTCACCTCCAAGGGAGGAGTAATGCCTGGAGGCCTCAGGTGAATAATCCAAAAGAGTGGCTGCAAGTGGACTTCCAGAAGACAATGAAAGTCACAGGAGTAACTACTCAGGGAGTAAAATCTCTGCTTACCAGCATGTATGTGAAGGAGTTCCTCATCTCCAGCAGTCAAGATGGCCATCAGTGGACTCTCTTTTTTCAGAATGGCAAAGTAAAGGTTTTTCAGGGAAATCAAGACTCCTTCACACCTGTGGTGAACTCTCTAGACCCACCGTTACTGACTCGCTACCTTCGAATTCACCCCCAGAGTTGGGTGCACCAGATTGCCCTGAGGATGGAGGTTCTGGGCTGCGAGGCACAGGACCTCTACCTAGGCAGGTGGCATAGAGACCGTAGCCAGGCTGCCACTTGCTAACCC
FRED3_block7_s2	CCGCGTGATTACGAGTCGGGCTACGGTCTCTTGGATTCATCTGGGATAAAACACAATATTTTTAACCCTCCAATTATTGCTCGATACATCCGTTTGCACCCAACTCATTATAGCATTCGCAGCACTCTTCGCATGGAGTTGATGGGCTGTGATTTAAATAGTTGCAGCATGCCATTGGGAATGGAGAGTAAAGCAATATCAGATGCACAGATTACTGCTTCATCCTACTTTACCAATATGTTTGCCACCTGGTCACCTTCAAAAGCTCGACTTCACCTCCAAGGGAGGAGTAATGCCTGGAGGCCTCAGGTGAATAATCCAAAAGAGTGGCTGCAAGTGGACTTCCAGAAGACAATGAAAGTCACAGGAGTAACTACTCAGGGAGTAAAATCTCTGCTTACCAGCATGTATGTGAAGGAGTTCCTCATCTCCAGCAGTCAAGATGGCCATCAGTGGACTCTCTTTTTTCAGAATGGCAAAGTAAAGGTTTTTCAGGGAAATCAAGACTCCTTCACACCTGTGGTGAACTCTCTAGACCCACCGTTACTGACTCGCTACCTTCGAATTCACCCCCAGAGTTGGGTGCACCAGATTGCCCTGAGGATGGAGGTTCTGGGCTGCGAGGCACAGGACCTCTACCTAGGCAGGTGGCATAGAGACCGTAGCCAGGCTGCCACTTGCTAACCC
FRED3_block8_s2	CCGCGTGATTACGAGTCGGGCTACGGTCTCTGAGAGTAAAGCAATATCAGATGCACAGATTACTGCTTCATCCTACTTTACCAATATGTTTGCCACCTGGTCACCTTCAAAAGCTCGACTTCACCTCCAAGGGAGGAGTAATGCCTGGAGGCCTCAGGTGAATAATCCAAAAGAGTGGCTGCAAGTGGACTTCCAGAAGACAATGAAAGTCACAGGAGTAACTACTCAGGGAGTAAAATCTCTGCTTACCAGCATGTATGTGAAGGAGTTCCTCATCTCCAGCAGTCAAGATGGCCATCAGTGGACTCTCTTTTTTCAGAATGGCAAAGTAAAGGTTTTTCAGGGAAATCAAGACTCCTTCACACCTGTGGTGAACTCTCTAGACCCACCGTTACTGACTCGCTACCTTCGAATTCACCCCCAGAGTTGGGTGCACCAGATTGCCCTGAGGATGGAGGTTCTGGGCTGCGAGGCACAGGACCTCTACCTAGGCAGGTGGCATAGAGACCGTAGCCAGGCTGCCACTTGCTAACCC
FRED3_block9_s2	CCGCGTGATTACGAGTCGGGCTACGGTCTCTAAGACAATGAAAGTCACAGGAGTAACTACTCAGGGAGTAAAATCTCTGCTTACCAGCATGTATGTGAAGGAGTTCCTCATCTCCAGCAGTCAAGATGGCCATCAGTGGACTCTCTTTTTTCAGAATGGCAAAGTAAAGGTTTTTCAGGGAAATCAAGACTCCTTCACACCTGTGGTGAACTCTCTAGACCCACCGTTACTGACTCGCTACCTTCGAATTCACCCCCAGAGTTGGGTGCACCAGATTGCCCTGAGGATGGAGGTTCTGGGCTGCGAGGCACAGGACCTCTACCTAGGCAGGTGGCATAGAGACCGTAGCCAGGCTGCCACTTGCTAACCC
FRED3_block10_s2	ACGCCGCCACGTGTTCGTTAACTGTTGATTGGTGGCACATAAGTAATACCATGGTCCCTGAAATTCGGCTCAGTTACTTCGAGCGTAATCCGCGTGATTACGAGTCGGGCTACGGTCTCTTCCTTCACACCTGTGGTGAACTCTCTAGACCCACCGTTACTGACTCGCTACCTTCGAATTCACCCCCAGAGTTGGGTGCACCAGATTGCCCTGAGGATGGAGGTTCTGGGCTGCGAGGCACAGGACCTCTACCTAGGCAGGTGGCATAGAGACCGTAGCCAGGCTGCCACTTGCTAACCC
VWF1_block2_s1	ACGCCGCCACGTGTTCGTTAACTGTTGATTGGTGGCACATAAGTAATACCATGGTCCCTGAAATTCGGCTCAGTTACTTCGAGCGTAATGTCTCAAATGGCGTACCGCGTGATTACGAGTCGGGCTACGGTCTCTCGTCCACCTGCCTAGATGATTCCTGCCAGATTTGCCGGGGTGCTGCTTGCTCTGGCCCTCATTTTGCCAGGGACCCTTTGTGCAGAAGGAACTCGCGGCAGGTCATCCACGGCCCGATGCAGCCTTTTCGGAAGAGACCGTAGCCAGGCTGCCACTTGCTAACCC
VWF1_block3_s1	CCGCGTGATTACGAGTCGGGCTACGGTCTCTCGTCCACCTGCCTAGATGATTCCTGCCAGATTTGCCGGGGTGCTGCTTGCTCTGGCCCTCATTTTGCCAGGGACCCTTTGTGCAGAAGGAACTCGCGGCAGGTCATCCACGGCCCGATGCAGCCTTTTCGGAAGTGACTTCGTCAACACCTTTGATGGGAGCATGTACAGCTTTGCGGGATACTGCAGTTACCTCCTGGCAGGGGGCTGCCAGAAACGCTCCTTCTCGATTATTGGGGACTTCCAGAATGGCAAGAGAGTGAGCCTCTCCGTGTATCTTAGAGACCGTAGCCAGGCTGCCACTTGCTAACCC
VWF1_block4_s1	CCGCGTGATTACGAGTCGGGCTACGGTCTCTCGTCCACCTGCCTAGATGATTCCTGCCAGATTTGCCGGGGTGCTGCTTGCTCTGGCCCTCATTTTGCCAGGGACCCTTTGTGCAGAAGGAACTCGCGGCAGGTCATCCACGGCCCGATGCAGCCTTTTCGGAAGTGACTTCGTCAACACCTTTGATGGGAGCATGTACAGCTTTGCGGGATACTGCAGTTACCTCCTGGCAGGGGGCTGCCAGAAACGCTCCTTCTCGATTATTGGGGACTTCCAGAATGGCAAGAGAGTGAGCCTCTCCGTGTATCTTGGGGAATTTTTTGACATCCATTTGTTTGTCAATGGTACCGTGACACAGGGGGACCAAAGAGTCTCCATGCCCTATGCCTCCAAAGGGCTGTATCTAGAAACTGAGGCTGGGTACTACAAGCTGTCCGGTGAGGCCTAGAGACCGTAGCCAGGCTGCCACTTGCTAACCC
VWF1_block5_s1	CCGCGTGATTACGAGTCGGGCTACGGTCTCTCGTCCACCTGCCTAGATGATTCCTGCCAGATTTGCCGGGGTGCTGCTTGCTCTGGCCCTCATTTTGCCAGGGACCCTTTGTGCAGAAGGAACTCGCGGCAGGTCATCCACGGCCCGATGCAGCCTTTTCGGAAGTGACTTCGTCAACACCTTTGATGGGAGCATGTACAGCTTTGCGGGATACTGCAGTTACCTCCTGGCAGGGGGCTGCCAGAAACGCTCCTTCTCGATTATTGGGGACTTCCAGAATGGCAAGAGAGTGAGCCTCTCCGTGTATCTTGGGGAATTTTTTGACATCCATTTGTTTGTCAATGGTACCGTGACACAGGGGGACCAAAGAGTCTCCATGCCCTATGCCTCCAAAGGGCTGTATCTAGAAACTGAGGCTGGGTACTACAAGCTGTCCGGTGAGGCCTATGGCTTTGTGGCCAGGATCGATGGCAGCGGCAACTTTCAAGTCCTGCTGTCAGACAGATACTTCAACAAGACCTGCGGGCTGTGTGGCAACTTTAACATCTTTGCTGAAGATGACTTTATGACCCAAGAAGGGACCTTGACCTCGGAAGAGACCGTAGCCAGGCTGCCACTTGCTAACCC
VWF1_block6_s1	CCGCGTGATTACGAGTCGGGCTACGGTCTCTCGTCCACCTGCCTAGATGATTCCTGCCAGATTTGCCGGGGTGCTGCTTGCTCTGGCCCTCATTTTGCCAGGGACCCTTTGTGCAGAAGGAACTCGCGGCAGGTCATCCACGGCCCGATGCAGCCTTTTCGGAAGTGACTTCGTCAACACCTTTGATGGGAGCATGTACAGCTTTGCGGGATACTGCAGTTACCTCCTGGCAGGGGGCTGCCAGAAACGCTCCTTCTCGATTATTGGGGACTTCCAGAATGGCAAGAGAGTGAGCCTCTCCGTGTATCTTGGGGAATTTTTTGACATCCATTTGTTTGTCAATGGTACCGTGACACAGGGGGACCAAAGAGTCTCCATGCCCTATGCCTCCAAAGGGCTGTATCTAGAAACTGAGGCTGGGTACTACAAGCTGTCCGGTGAGGCCTATGGCTTTGTGGCCAGGATCGATGGCAGCGGCAACTTTCAAGTCCTGCTGTCAGACAGATACTTCAACAAGACCTGCGGGCTGTGTGGCAACTTTAACATCTTTGCTGAAGATGACTTTATGACCCAAGAAGGGACCTTGACCTCGGACCCTTATGACTTTGCCAACTCATGGGCTCTGAGCAGTGGAGAACAGTGGTGTGAACGGGCATCTCCTCCCAGCAGCTCATGCAACATCTCCTCTGGGGAAATGCAGAAGGGCCTGTGGGAGCAGTGCCAGCTTCTGAAGAAGAGACCGTAGCCAGGCTGCCACTTGCTAACCC
VWF1_block6_s2	CCGCGTGATTACGAGTCGGGCTACGGTCTCTTGGACCGACCACAGCGCGTGCAGCCCAGTGTGCCCTGCTGGTATGGAGTATAGGCAGTGTGTGTCCCCTTGCGCCAGGACCTGCCAGAGCCTGCACATCAATGAAATGTGTCAGGAGCGATGCGTGGATGGCTGCAGCTGCCCTGAGGGACAGCTCCTGGATGAAGGCCTCTGCGTGGAGAGCACCGAGTGTCCCTGCGTGCATTCCGGAAAGCGCTACCCTCCCGGCACCTCCCTCTCTCGAGACTGCAACACATGCATTTGCCGAAACAGCCAGTGGATCTGCAGCAATGAAGAATGTCCAGGGGAGTGCCTTGTCACAGGTCAATCACACTTCAAGAGCTTTGACAACAGATACTTCACCTTCAGTGGGATCTGCCAGTACCTGCTGGCCCGGGATTGCCAGGACCACTCCTTCTCCATTGTCATTGAGACTGTCCAGTGTGCTGATGACCGCGACGCTGTGTGCACCCGCTCCGTCACCGTCCGGCTGCCTGGCCTGCACAACAGCCTTGTGAAACTGAAGCATGGGGCAGGAGTTGCCATGGATGGCCAGGACGTCCAGCTCCCCCTCCTGAAAGGTGACCTCCGCATCCAGCATACAGTGACGGCCTCCGTGCGCCTCAGCTACGGGGAGGACCTGCAGATGGACTGGGATGGCCGCGGGAGGCTGCTGGTGAAGCTGTCCCCCGTCTATGCCGGGAAGACCTGCGGCCTGTGTGGGAATTACAATGGCAACCAGGGCGACGACTTCCTTACCCCCTCTGGGCTGGCGGAGCCCCGGGTGGAGGACTTCGGGAACGCCTGGAAGCTGCACGGGGACTGCCAGGACCTGCTAGGCAGGTGGCATAGAGACCGTAGCCAGGCTGCCACTTGCTAACCC
VWF1_block7_s1	CCGCGTGATTACGAGTCGGGCTACGGTCTCTCGTCCACCTGCCTAGATGATTCCTGCCAGATTTGCCGGGGTGCTGCTTGCTCTGGCCCTCATTTTGCCAGGGACCCTTTGTGCAGAAGGAACTCGCGGCAGGTCATCCACGGCCCGATGCAGCCTTTTCGGAAGTGACTTCGTCAACACCTTTGATGGGAGCATGTACAGCTTTGCGGGATACTGCAGTTACCTCCTGGCAGGGGGCTGCCAGAAACGCTCCTTCTCGATTATTGGGGACTTCCAGAATGGCAAGAGAGTGAGCCTCTCCGTGTATCTTGGGGAATTTTTTGACATCCATTTGTTTGTCAATGGTACCGTGACACAGGGGGACCAAAGAGTCTCCATGCCCTATGCCTCCAAAGGGCTGTATCTAGAAACTGAGGCTGGGTACTACAAGCTGTCCGGTGAGGCCTATGGCTTTGTGGCCAGGATCGATGGCAGCGGCAACTTTCAAGTCCTGCTGTCAGACAGATACTTCAACAAGACCTGCGGGCTGTGTGGCAACTTTAACATCTTTGCTGAAGATGACTTTATGACCCAAGAAGGGACCTTGACCTCGGACCCTTATGACTTTGCCAACTCATGGGCTCTGAGCAGTGGAGAACAGTGGTGTGAACGGGCATCTCCTCCCAGCAGCTCATGCAACATCTCCTCTGGGGAAATGCAGAAGGGCCTGTGGGAGCAGTGCCAGCTTCTGAAGAGCACCTCGGTGTTTGCCCGCTGCCACCCTCTGGTGGACCCCGAGCCTTTTGTGGCCCTGTGTGAGAAGACTTTGTGTGAGTGTGCTGGGGGGCTGGAGTGCGCCTGCCCTGCCCTCCTGGAGTACGCCCGGACCTGTGCCCAGGAAGAGACCGTAGCCAGGCTGCCACTTGCTAACCC
VWF1_block7_s2	CCGCGTGATTACGAGTCGGGCTACGGTCTCTCTGAGGGACAGCTCCTGGATGAAGGCCTCTGCGTGGAGAGCACCGAGTGTCCCTGCGTGCATTCCGGAAAGCGCTACCCTCCCGGCACCTCCCTCTCTCGAGACTGCAACACATGCATTTGCCGAAACAGCCAGTGGATCTGCAGCAATGAAGAATGTCCAGGGGAGTGCCTTGTCACAGGTCAATCACACTTCAAGAGCTTTGACAACAGATACTTCACCTTCAGTGGGATCTGCCAGTACCTGCTGGCCCGGGATTGCCAGGACCACTCCTTCTCCATTGTCATTGAGACTGTCCAGTGTGCTGATGACCGCGACGCTGTGTGCACCCGCTCCGTCACCGTCCGGCTGCCTGGCCTGCACAACAGCCTTGTGAAACTGAAGCATGGGGCAGGAGTTGCCATGGATGGCCAGGACGTCCAGCTCCCCCTCCTGAAAGGTGACCTCCGCATCCAGCATACAGTGACGGCCTCCGTGCGCCTCAGCTACGGGGAGGACCTGCAGATGGACTGGGATGGCCGCGGGAGGCTGCTGGTGAAGCTGTCCCCCGTCTATGCCGGGAAGACCTGCGGCCTGTGTGGGAATTACAATGGCAACCAGGGCGACGACTTCCTTACCCCCTCTGGGCTGGCGGAGCCCCGGGTGGAGGACTTCGGGAACGCCTGGAAGCTGCACGGGGACTGCCAGGACCTGCTAGGCAGGTGGCATAGAGACCGTAGCCAGGCTGCCACTTGCTAACCC
VWF1_block8_s2	CCGCGTGATTACGAGTCGGGCTACGGTCTCTATGAAGAATGTCCAGGGGAGTGCCTTGTCACAGGTCAATCACACTTCAAGAGCTTTGACAACAGATACTTCACCTTCAGTGGGATCTGCCAGTACCTGCTGGCCCGGGATTGCCAGGACCACTCCTTCTCCATTGTCATTGAGACTGTCCAGTGTGCTGATGACCGCGACGCTGTGTGCACCCGCTCCGTCACCGTCCGGCTGCCTGGCCTGCACAACAGCCTTGTGAAACTGAAGCATGGGGCAGGAGTTGCCATGGATGGCCAGGACGTCCAGCTCCCCCTCCTGAAAGGTGACCTCCGCATCCAGCATACAGTGACGGCCTCCGTGCGCCTCAGCTACGGGGAGGACCTGCAGATGGACTGGGATGGCCGCGGGAGGCTGCTGGTGAAGCTGTCCCCCGTCTATGCCGGGAAGACCTGCGGCCTGTGTGGGAATTACAATGGCAACCAGGGCGACGACTTCCTTACCCCCTCTGGGCTGGCGGAGCCCCGGGTGGAGGACTTCGGGAACGCCTGGAAGCTGCACGGGGACTGCCAGGACCTGCTAGGCAGGTGGCATAGAGACCGTAGCCAGGCTGCCACTTGCTAACCC
VWF1_block9_s2	CCGCGTGATTACGAGTCGGGCTACGGTCTCTTCATTGAGACTGTCCAGTGTGCTGATGACCGCGACGCTGTGTGCACCCGCTCCGTCACCGTCCGGCTGCCTGGCCTGCACAACAGCCTTGTGAAACTGAAGCATGGGGCAGGAGTTGCCATGGATGGCCAGGACGTCCAGCTCCCCCTCCTGAAAGGTGACCTCCGCATCCAGCATACAGTGACGGCCTCCGTGCGCCTCAGCTACGGGGAGGACCTGCAGATGGACTGGGATGGCCGCGGGAGGCTGCTGGTGAAGCTGTCCCCCGTCTATGCCGGGAAGACCTGCGGCCTGTGTGGGAATTACAATGGCAACCAGGGCGACGACTTCCTTACCCCCTCTGGGCTGGCGGAGCCCCGGGTGGAGGACTTCGGGAACGCCTGGAAGCTGCACGGGGACTGCCAGGACCTGCTAGGCAGGTGGCATAGAGACCGTAGCCAGGCTGCCACTTGCTAACCC
VWF1_block10_s2	CCGCGTGATTACGAGTCGGGCTACGGTCTCTTCCTGAAAGGTGACCTCCGCATCCAGCATACAGTGACGGCCTCCGTGCGCCTCAGCTACGGGGAGGACCTGCAGATGGACTGGGATGGCCGCGGGAGGCTGCTGGTGAAGCTGTCCCCCGTCTATGCCGGGAAGACCTGCGGCCTGTGTGGGAATTACAATGGCAACCAGGGCGACGACTTCCTTACCCCCTCTGGGCTGGCGGAGCCCCGGGTGGAGGACTTCGGGAACGCCTGGAAGCTGCACGGGGACTGCCAGGACCTGCTAGGCAGGTGGCATAGAGACCGTAGCCAGGCTGCCACTTGCTAACCC
VWF1_block11_s2	ACGCCGCCACGTGTTCGTTAACTGTTGATTGGTGGCACATAAGTAATACCATGGTCCCTGAAATTCGGCTCAGTTACTTCGAGCGTAATGTCTCAAATGGCGTAGAACGGCCGCGTGATTACGAGTCGGGCTACGGTCTCTAATTACAATGGCAACCAGGGCGACGACTTCCTTACCCCCTCTGGGCTGGCGGAGCCCCGGGTGGAGGACTTCGGGAACGCCTGGAAGCTGCACGGGGACTGCCAGGACCTGCTAGGCAGGTGGCATAGAGACCGTAGCCAGGCTGCCACTTGCTAACCC
VWF2_block2_s1	ACGCCGCCACGTGTTCGTTAACTGTTGATTGGTGGCACATAAGTAATACCATGGTCCCTGAAATTCGGCTCAGTTACTTCGAGCCCGCGTGATTACGAGTCGGGCTACGGTCTCTCGTCCACCTGCCTAGCAGGACCTGCAGAAGCAGCACAGCGATCCCTGCGCCCTCAACCCGCGCATGACCAGGTTCTCCGAGGAGGCGTGCGCGGTCCTGACGTCCCCCACATTCGAGGCCTGCCATCGTGCCGTCAGCCCGCTGCCCTACCTAGAGACCGTAGCCAGGCTGCCACTTGCTAACCC
VWF2_block3_s1	CCGCGTGATTACGAGTCGGGCTACGGTCTCTCGTCCACCTGCCTAGCAGGACCTGCAGAAGCAGCACAGCGATCCCTGCGCCCTCAACCCGCGCATGACCAGGTTCTCCGAGGAGGCGTGCGCGGTCCTGACGTCCCCCACATTCGAGGCCTGCCATCGTGCCGTCAGCCCGCTGCCCTACCTGCGGAACTGCCGCTACGACGTGTGCTCCTGCTCGGACGGCCGCGAGTGCCTGTGCGGCGCCCTGGCCAGCTATGCCGCGGCCTGCGCGGGGAGAGGCGTGCGCGTCGCGTGGCGCGAGCCAGGCCGCTGTGAGCTGAACTGCCCGAAAGGCCAGGAGAGACCGTAGCCAGGCTGCCACTTGCTAACCC
VWF2_block4_s1	CCGCGTGATTACGAGTCGGGCTACGGTCTCTCGTCCACCTGCCTAGCAGGACCTGCAGAAGCAGCACAGCGATCCCTGCGCCCTCAACCCGCGCATGACCAGGTTCTCCGAGGAGGCGTGCGCGGTCCTGACGTCCCCCACATTCGAGGCCTGCCATCGTGCCGTCAGCCCGCTGCCCTACCTGCGGAACTGCCGCTACGACGTGTGCTCCTGCTCGGACGGCCGCGAGTGCCTGTGCGGCGCCCTGGCCAGCTATGCCGCGGCCTGCGCGGGGAGAGGCGTGCGCGTCGCGTGGCGCGAGCCAGGCCGCTGTGAGCTGAACTGCCCGAAAGGCCAGGTGTACCTGCAGTGCGGGACCCCCTGCAACCTGACCTGCCGCTCTCTCTCTTACCCGGATGAGGAATGCAATGAGGCCTGCCTGGAGGGCTGCTTCTGCCCCCCAGGGCTCTACATGGATGAGAGGGGGGACTGCGTGCCCAAGGCCCAGTGCCCCTGTTACTATGAAGAGACCGTAGCCAGGCTGCCACTTGCTAACCC
VWF2_block5_s1	CCGCGTGATTACGAGTCGGGCTACGGTCTCTCGTCCACCTGCCTAGCAGGACCTGCAGAAGCAGCACAGCGATCCCTGCGCCCTCAACCCGCGCATGACCAGGTTCTCCGAGGAGGCGTGCGCGGTCCTGACGTCCCCCACATTCGAGGCCTGCCATCGTGCCGTCAGCCCGCTGCCCTACCTGCGGAACTGCCGCTACGACGTGTGCTCCTGCTCGGACGGCCGCGAGTGCCTGTGCGGCGCCCTGGCCAGCTATGCCGCGGCCTGCGCGGGGAGAGGCGTGCGCGTCGCGTGGCGCGAGCCAGGCCGCTGTGAGCTGAACTGCCCGAAAGGCCAGGTGTACCTGCAGTGCGGGACCCCCTGCAACCTGACCTGCCGCTCTCTCTCTTACCCGGATGAGGAATGCAATGAGGCCTGCCTGGAGGGCTGCTTCTGCCCCCCAGGGCTCTACATGGATGAGAGGGGGGACTGCGTGCCCAAGGCCCAGTGCCCCTGTTACTATGACGGTGAGATCTTCCAGCCAGAAGACATCTTCTCAGACCATCACACCATGTGCTACTGTGAGGATGGCTTCATGCACTGTACCATGAGTGGAGTCCCCGGAAGCTTGCTGCCTGACGCTGTCCTCAGCAGTCCCCTGTCTCATCGCAGCAAAAGGAAGAGACCGTAGCCAGGCTGCCACTTGCTAACCC
VWF2_block6_s1	CCGCGTGATTACGAGTCGGGCTACGGTCTCTCGTCCACCTGCCTAGCAGGACCTGCAGAAGCAGCACAGCGATCCCTGCGCCCTCAACCCGCGCATGACCAGGTTCTCCGAGGAGGCGTGCGCGGTCCTGACGTCCCCCACATTCGAGGCCTGCCATCGTGCCGTCAGCCCGCTGCCCTACCTGCGGAACTGCCGCTACGACGTGTGCTCCTGCTCGGACGGCCGCGAGTGCCTGTGCGGCGCCCTGGCCAGCTATGCCGCGGCCTGCGCGGGGAGAGGCGTGCGCGTCGCGTGGCGCGAGCCAGGCCGCTGTGAGCTGAACTGCCCGAAAGGCCAGGTGTACCTGCAGTGCGGGACCCCCTGCAACCTGACCTGCCGCTCTCTCTCTTACCCGGATGAGGAATGCAATGAGGCCTGCCTGGAGGGCTGCTTCTGCCCCCCAGGGCTCTACATGGATGAGAGGGGGGACTGCGTGCCCAAGGCCCAGTGCCCCTGTTACTATGACGGTGAGATCTTCCAGCCAGAAGACATCTTCTCAGACCATCACACCATGTGCTACTGTGAGGATGGCTTCATGCACTGTACCATGAGTGGAGTCCCCGGAAGCTTGCTGCCTGACGCTGTCCTCAGCAGTCCCCTGTCTCATCGCAGCAAAAGGAGCCTATCCTGTCGGCCCCCCATGGTCAAGCTGGTGTGTCCCGCTGACAACCTGCGGGCTGAAGGGCTCGAGTGTACCAAAACGTGCCAGAACTATGACCTGGAGTGCATGAGCATGGGCTGTGTCTCTGGCTGCCTCTGCCCCCCGGGCATGGTCCGGCATGAGAAAGAGACCGTAGCCAGGCTGCCACTTGCTAACCC
VWF2_block6_s2	CCGCGTGATTACGAGTCGGGCTACGGTCTCTTCGACGGGCTCAAATACCTGTTCCCCGGGGAGTGCCAGTACGTTCTGGTGCAGGATTACTGCGGCAGTAACCCTGGGACCTTTCGGATCCTAGTGGGGAATAAGGGATGCAGCCACCCCTCAGTGAAATGCAAGAAACGGGTCACCATCCTGGTGGAGGGAGGAGAGATTGAGCTGTTTGACGGGGAGGTGAATGTGAAGAGGCCCATGAAGGATGAGACTCACTTTGAGGTGGTGGAGTCTGGCCGGTACATCATTCTGCTGCTGGGCAAAGCCCTCTCCGTGGTCTGGGACCGCCACCTGAGCATCTCCGTGGTCCTGAAGCAGACATACCAGGAGAAAGTGTGTGGCCTGTGTGGGAATTTTGATGGCATCCAGAACAATGACCTCACCAGCAGCAACCTCCAAGTGGAGGAAGACCCTGTGGACTTTGGGAACTCCTGGAAAGTGAGCTCGCAGTGTGCTGACACCAGAAAAGTGCCTCTGGACTCATCCCCTGCCACATGCCATAACAACATCATGAAGCAGACGATGGTGGATTCCTCCTGTAGAATCCTTACCAGTGACGTCTTCCAGGACTGCAACAAGCTGGTGGACCCCGAGCCATATCTGGATGTCTGCATTTACGACACATGCTCCTGTGAGTCCATTGGGGACTGCGCCTGCTTCTGCGACACCATTGCTGCCTATGCCCACGTGTGTGCCCAGCATGGCAAGGTGGTGACCTGGAGGACGGCCACATTGTGCCCCCAGAGCTGCGAGGAGAGGAATCTCCGGCTAGGCAGGTGGCATAGAGACCGTAGCCAGGCTGCCACTTGCTAACCC
VWF2_block7_s2	CCGCGTGATTACGAGTCGGGCTACGGTCTCTAGGAGAGATTGAGCTGTTTGACGGGGAGGTGAATGTGAAGAGGCCCATGAAGGATGAGACTCACTTTGAGGTGGTGGAGTCTGGCCGGTACATCATTCTGCTGCTGGGCAAAGCCCTCTCCGTGGTCTGGGACCGCCACCTGAGCATCTCCGTGGTCCTGAAGCAGACATACCAGGAGAAAGTGTGTGGCCTGTGTGGGAATTTTGATGGCATCCAGAACAATGACCTCACCAGCAGCAACCTCCAAGTGGAGGAAGACCCTGTGGACTTTGGGAACTCCTGGAAAGTGAGCTCGCAGTGTGCTGACACCAGAAAAGTGCCTCTGGACTCATCCCCTGCCACATGCCATAACAACATCATGAAGCAGACGATGGTGGATTCCTCCTGTAGAATCCTTACCAGTGACGTCTTCCAGGACTGCAACAAGCTGGTGGACCCCGAGCCATATCTGGATGTCTGCATTTACGACACATGCTCCTGTGAGTCCATTGGGGACTGCGCCTGCTTCTGCGACACCATTGCTGCCTATGCCCACGTGTGTGCCCAGCATGGCAAGGTGGTGACCTGGAGGACGGCCACATTGTGCCCCCAGAGCTGCGAGGAGAGGAATCTCCGGCTAGGCAGGTGGCATAGAGACCGTAGCCAGGCTGCCACTTGCTAACCC
VWF2_block8_s2	CCGCGTGATTACGAGTCGGGCTACGGTCTCTTCCTGAAGCAGACATACCAGGAGAAAGTGTGTGGCCTGTGTGGGAATTTTGATGGCATCCAGAACAATGACCTCACCAGCAGCAACCTCCAAGTGGAGGAAGACCCTGTGGACTTTGGGAACTCCTGGAAAGTGAGCTCGCAGTGTGCTGACACCAGAAAAGTGCCTCTGGACTCATCCCCTGCCACATGCCATAACAACATCATGAAGCAGACGATGGTGGATTCCTCCTGTAGAATCCTTACCAGTGACGTCTTCCAGGACTGCAACAAGCTGGTGGACCCCGAGCCATATCTGGATGTCTGCATTTACGACACATGCTCCTGTGAGTCCATTGGGGACTGCGCCTGCTTCTGCGACACCATTGCTGCCTATGCCCACGTGTGTGCCCAGCATGGCAAGGTGGTGACCTGGAGGACGGCCACATTGTGCCCCCAGAGCTGCGAGGAGAGGAATCTCCGGCTAGGCAGGTGGCATAGAGACCGTAGCCAGGCTGCCACTTGCTAACCC
VWF2_block9_s2	CCGCGTGATTACGAGTCGGGCTACGGTCTCTTCTGGACTCATCCCCTGCCACATGCCATAACAACATCATGAAGCAGACGATGGTGGATTCCTCCTGTAGAATCCTTACCAGTGACGTCTTCCAGGACTGCAACAAGCTGGTGGACCCCGAGCCATATCTGGATGTCTGCATTTACGACACATGCTCCTGTGAGTCCATTGGGGACTGCGCCTGCTTCTGCGACACCATTGCTGCCTATGCCCACGTGTGTGCCCAGCATGGCAAGGTGGTGACCTGGAGGACGGCCACATTGTGCCCCCAGAGCTGCGAGGAGAGGAATCTCCGGCTAGGCAGGTGGCATAGAGACCGTAGCCAGGCTGCCACTTGCTAACCC
VWF2_block10_s2	ACGCCGCCACGTGTTCGTTAACTGTTGATTGGTGGCACATAAGTAATACCATGGTCCCTGAAATTCGGCTCAGTTACTTCGAGCGTAATCCGCGTGATTACGAGTCGGGCTACGGTCTCTTCCATTGGGGACTGCGCCTGCTTCTGCGACACCATTGCTGCCTATGCCCACGTGTGTGCCCAGCATGGCAAGGTGGTGACCTGGAGGACGGCCACATTGTGCCCCCAGAGCTGCGAGGAGAGGAATCTCCGGCTAGGCAGGTGGCATAGAGACCGTAGCCAGGCTGCCACTTGCTAACCC
VWF3_block2_s1	ACGCCGCCACGTGTTCGTTAACTGTTGATTGGTGGCACATAAGTAATACCATGGTCCCTGAAATTCGGCTCAGTTACTTCGAGCGTAATCCGCGTGATTACGAGTCGGGCTACGGTCTCTCGTCCACCTGCCTAGCGGGAGAACGGGTATGAGTGTGAGTGGCGCTATAACAGCTGTGCACCCGCCTGTCAAGTCACGTGTCAGCACCCTGAGCCACTGGCCTGCCCTGTGCAGTGTGTGGAGGGCTGCCATGCCCACTGCCCTCCAAGAGACCGTAGCCAGGCTGCCACTTGCTAACCC
VWF3_block3_s1	CCGCGTGATTACGAGTCGGGCTACGGTCTCTCGTCCACCTGCCTAGCGGGAGAACGGGTATGAGTGTGAGTGGCGCTATAACAGCTGTGCACCCGCCTGTCAAGTCACGTGTCAGCACCCTGAGCCACTGGCCTGCCCTGTGCAGTGTGTGGAGGGCTGCCATGCCCACTGCCCTCCAGGGAAAATCCTGGATGAGCTTTTGCAGACCTGCGTTGACCCTGAAGACTGTCCAGTGTGTGAGGTGGCTGGCCGGCGTTTTGCCTCAGGAAAGAAAGTCACCTTGAATCCCAGTGACCCTGAGCACTGCCAGATTTGCCACTGTGATGTTGTCAGAGACCGTAGCCAGGCTGCCACTTGCTAACCC
VWF3_block4_s1	CCGCGTGATTACGAGTCGGGCTACGGTCTCTCGTCCACCTGCCTAGCGGGAGAACGGGTATGAGTGTGAGTGGCGCTATAACAGCTGTGCACCCGCCTGTCAAGTCACGTGTCAGCACCCTGAGCCACTGGCCTGCCCTGTGCAGTGTGTGGAGGGCTGCCATGCCCACTGCCCTCCAGGGAAAATCCTGGATGAGCTTTTGCAGACCTGCGTTGACCCTGAAGACTGTCCAGTGTGTGAGGTGGCTGGCCGGCGTTTTGCCTCAGGAAAGAAAGTCACCTTGAATCCCAGTGACCCTGAGCACTGCCAGATTTGCCACTGTGATGTTGTCAACCTCACCTGTGAAGCCTGCCAGGAGCCGGGAGGCCTGGTGGTGCCTCCCACAGATGCCCCGGTGAGCCCCACCACTCTGTATGTGGAGGACATCTCGGAACCGCCGTTGCACGATTTCTACTGCAGCAGGCTACTGGACCTGGTCTTCCTGCTGGATGGCTCCTAGAGACCGTAGCCAGGCTGCCACTTGCTAACCC
VWF3_block5_s1	CCGCGTGATTACGAGTCGGGCTACGGTCTCTCGTCCACCTGCCTAGCGGGAGAACGGGTATGAGTGTGAGTGGCGCTATAACAGCTGTGCACCCGCCTGTCAAGTCACGTGTCAGCACCCTGAGCCACTGGCCTGCCCTGTGCAGTGTGTGGAGGGCTGCCATGCCCACTGCCCTCCAGGGAAAATCCTGGATGAGCTTTTGCAGACCTGCGTTGACCCTGAAGACTGTCCAGTGTGTGAGGTGGCTGGCCGGCGTTTTGCCTCAGGAAAGAAAGTCACCTTGAATCCCAGTGACCCTGAGCACTGCCAGATTTGCCACTGTGATGTTGTCAACCTCACCTGTGAAGCCTGCCAGGAGCCGGGAGGCCTGGTGGTGCCTCCCACAGATGCCCCGGTGAGCCCCACCACTCTGTATGTGGAGGACATCTCGGAACCGCCGTTGCACGATTTCTACTGCAGCAGGCTACTGGACCTGGTCTTCCTGCTGGATGGCTCCTCCAGGCTGTCCGAGGCTGAGTTTGAAGTGCTGAAGGCCTTTGTGGTGGACATGATGGAGCGGCTGCGCATCTCCCAGAAGTGGGTCCGCGTGGCCGTGGTGGAGTACCACGACGGCTCCCACGCCTACATCGGGCTCAAGGACCGGAAAGAGACCGTAGCCAGGCTGCCACTTGCTAACCC
VWF3_block6_s1	CCGCGTGATTACGAGTCGGGCTACGGTCTCTCGTCCACCTGCCTAGCGGGAGAACGGGTATGAGTGTGAGTGGCGCTATAACAGCTGTGCACCCGCCTGTCAAGTCACGTGTCAGCACCCTGAGCCACTGGCCTGCCCTGTGCAGTGTGTGGAGGGCTGCCATGCCCACTGCCCTCCAGGGAAAATCCTGGATGAGCTTTTGCAGACCTGCGTTGACCCTGAAGACTGTCCAGTGTGTGAGGTGGCTGGCCGGCGTTTTGCCTCAGGAAAGAAAGTCACCTTGAATCCCAGTGACCCTGAGCACTGCCAGATTTGCCACTGTGATGTTGTCAACCTCACCTGTGAAGCCTGCCAGGAGCCGGGAGGCCTGGTGGTGCCTCCCACAGATGCCCCGGTGAGCCCCACCACTCTGTATGTGGAGGACATCTCGGAACCGCCGTTGCACGATTTCTACTGCAGCAGGCTACTGGACCTGGTCTTCCTGCTGGATGGCTCCTCCAGGCTGTCCGAGGCTGAGTTTGAAGTGCTGAAGGCCTTTGTGGTGGACATGATGGAGCGGCTGCGCATCTCCCAGAAGTGGGTCCGCGTGGCCGTGGTGGAGTACCACGACGGCTCCCACGCCTACATCGGGCTCAAGGACCGGAAGCGACCGTCAGAGCTGCGGCGCATTGCCAGCCAGGTGAAGTATGCGGGCAGCCAGGTGGCCTCCACCAGCGAGGTCTTGAAATACACACTGTTCCAAATCTTCAGCAAGATCGACCGCCCTGAAGCCTCCCGCATCACCCTGCTCCTGATGGCCAGCCAGGAAGAGACCGTAGCCAGGCTGCCACTTGCTAACCC
VWF3_block6_s2	CCGCGTGATTACGAGTCGGGCTACGGTCTCTTGGAGCAGCAAAGGGACGAGATCGTTAGCTACCTCTGTGACCTTGCCCCTGAAGCCCCTCCTCCTACTCTGCCCCCCGACATGGCACAAGTCACTGTGGGCCCGGGGCTCTTGGGGGTTTCGACCCTGGGGCCCAAGAGGAACTCCATGGTTCTGGATGTGGCGTTCGTCCTGGAAGGATCGGACAAAATTGGTGAAGCCGACTTCAACAGGAGCAAGGAGTTCATGGAGGAGGTGATTCAGCGGATGGATGTGGGCCAGGACAGCATCCACGTCACGGTGCTGCAGTACTCCTACATGGTGACTGTGGAGTACCCCTTCAGCGAGGCACAGTCCAAAGGGGACATCCTGCAGCGGGTGCGAGAGATCCGCTACCAGGGCGGCAACAGGACCAACACTGGGCTGGCCCTGCGGTACCTCTCTGACCACAGCTTCTTGGTCAGCCAGGGTGACCGGGAGCAGGCGCCCAACCTGGTCTACATGGTCACCGGAAATCCTGCCTCTGATGAGATCAAGAGGCTGCCTGGAGACATCCAGGTGGTGCCCATTGGAGTGGGCCCTAATGCCAACGTGCAGGAGCTGGAGAGGATTGGCTGGCCCAATGCCCCTATCCTCATCCAGGACTTTGAGACGCTCCCCCGAGAGGCTCCTGACCTGGTGCTGCAGAGGTGCTGCTCCGGAGAGGGGCTGCAGATCCCCACCCTCTCCCCTGCACCTGACTGCAGCCAGCCCCTGGACGTGATCCTTCTCCTGGATGGCTCCTCCCTAGGCAGGTGGCATAGAGACCGTAGCCAGGCTGCCACTTGCTAACCC
VWF3_block7_s1	CCGCGTGATTACGAGTCGGGCTACGGTCTCTCGTCCACCTGCCTAGCGGGAGAACGGGTATGAGTGTGAGTGGCGCTATAACAGCTGTGCACCCGCCTGTCAAGTCACGTGTCAGCACCCTGAGCCACTGGCCTGCCCTGTGCAGTGTGTGGAGGGCTGCCATGCCCACTGCCCTCCAGGGAAAATCCTGGATGAGCTTTTGCAGACCTGCGTTGACCCTGAAGACTGTCCAGTGTGTGAGGTGGCTGGCCGGCGTTTTGCCTCAGGAAAGAAAGTCACCTTGAATCCCAGTGACCCTGAGCACTGCCAGATTTGCCACTGTGATGTTGTCAACCTCACCTGTGAAGCCTGCCAGGAGCCGGGAGGCCTGGTGGTGCCTCCCACAGATGCCCCGGTGAGCCCCACCACTCTGTATGTGGAGGACATCTCGGAACCGCCGTTGCACGATTTCTACTGCAGCAGGCTACTGGACCTGGTCTTCCTGCTGGATGGCTCCTCCAGGCTGTCCGAGGCTGAGTTTGAAGTGCTGAAGGCCTTTGTGGTGGACATGATGGAGCGGCTGCGCATCTCCCAGAAGTGGGTCCGCGTGGCCGTGGTGGAGTACCACGACGGCTCCCACGCCTACATCGGGCTCAAGGACCGGAAGCGACCGTCAGAGCTGCGGCGCATTGCCAGCCAGGTGAAGTATGCGGGCAGCCAGGTGGCCTCCACCAGCGAGGTCTTGAAATACACACTGTTCCAAATCTTCAGCAAGATCGACCGCCCTGAAGCCTCCCGCATCACCCTGCTCCTGATGGCCAGCCAGGAGCCCCAACGGATGTCCCGGAACTTTGTCCGCTACGTCCAGGGCCTGAAGAAGAAGAAGGTCATTGTGATCCCGGTGGGCATTGGGCCCCATGCCAACCTCAAGCAGATCCGCCTCATCGAGAAGCAGGCCCCTGAGAACAAGGCCTTCGTGCTGAAGAGACCGTAGCCAGGCTGCCACTTGCTAACCC
VWF3_block7_s2	CCGCGTGATTACGAGTCGGGCTACGGTCTCTTTCGTCCTGGAAGGATCGGACAAAATTGGTGAAGCCGACTTCAACAGGAGCAAGGAGTTCATGGAGGAGGTGATTCAGCGGATGGATGTGGGCCAGGACAGCATCCACGTCACGGTGCTGCAGTACTCCTACATGGTGACTGTGGAGTACCCCTTCAGCGAGGCACAGTCCAAAGGGGACATCCTGCAGCGGGTGCGAGAGATCCGCTACCAGGGCGGCAACAGGACCAACACTGGGCTGGCCCTGCGGTACCTCTCTGACCACAGCTTCTTGGTCAGCCAGGGTGACCGGGAGCAGGCGCCCAACCTGGTCTACATGGTCACCGGAAATCCTGCCTCTGATGAGATCAAGAGGCTGCCTGGAGACATCCAGGTGGTGCCCATTGGAGTGGGCCCTAATGCCAACGTGCAGGAGCTGGAGAGGATTGGCTGGCCCAATGCCCCTATCCTCATCCAGGACTTTGAGACGCTCCCCCGAGAGGCTCCTGACCTGGTGCTGCAGAGGTGCTGCTCCGGAGAGGGGCTGCAGATCCCCACCCTCTCCCCTGCACCTGACTGCAGCCAGCCCCTGGACGTGATCCTTCTCCTGGATGGCTCCTCCCTAGGCAGGTGGCATAGAGACCGTAGCCAGGCTGCCACTTGCTAACCC
VWF3_block8_s2	CCGCGTGATTACGAGTCGGGCTACGGTCTCTTCAGCGAGGCACAGTCCAAAGGGGACATCCTGCAGCGGGTGCGAGAGATCCGCTACCAGGGCGGCAACAGGACCAACACTGGGCTGGCCCTGCGGTACCTCTCTGACCACAGCTTCTTGGTCAGCCAGGGTGACCGGGAGCAGGCGCCCAACCTGGTCTACATGGTCACCGGAAATCCTGCCTCTGATGAGATCAAGAGGCTGCCTGGAGACATCCAGGTGGTGCCCATTGGAGTGGGCCCTAATGCCAACGTGCAGGAGCTGGAGAGGATTGGCTGGCCCAATGCCCCTATCCTCATCCAGGACTTTGAGACGCTCCCCCGAGAGGCTCCTGACCTGGTGCTGCAGAGGTGCTGCTCCGGAGAGGGGCTGCAGATCCCCACCCTCTCCCCTGCACCTGACTGCAGCCAGCCCCTGGACGTGATCCTTCTCCTGGATGGCTCCTCCCTAGGCAGGTGGCATAGAGACCGTAGCCAGGCTGCCACTTGCTAACCC
VWF3_block9_s2	CCGCGTGATTACGAGTCGGGCTACGGTCTCTACATGGTCACCGGAAATCCTGCCTCTGATGAGATCAAGAGGCTGCCTGGAGACATCCAGGTGGTGCCCATTGGAGTGGGCCCTAATGCCAACGTGCAGGAGCTGGAGAGGATTGGCTGGCCCAATGCCCCTATCCTCATCCAGGACTTTGAGACGCTCCCCCGAGAGGCTCCTGACCTGGTGCTGCAGAGGTGCTGCTCCGGAGAGGGGCTGCAGATCCCCACCCTCTCCCCTGCACCTGACTGCAGCCAGCCCCTGGACGTGATCCTTCTCCTGGATGGCTCCTCCCTAGGCAGGTGGCATAGAGACCGTAGCCAGGCTGCCACTTGCTAACCC
VWF3_block10_s2	ACGCCGCCACGTGTTCGTTAACTGTTGATTGGTGGCACATAAGTAATACCATGGTCCCTGAAATTCGGCTCAGTTACTTCGAGCGTAATGTCTCAACCGCGTGATTACGAGTCGGGCTACGGTCTCTGAGAGGCTCCTGACCTGGTGCTGCAGAGGTGCTGCTCCGGAGAGGGGCTGCAGATCCCCACCCTCTCCCCTGCACCTGACTGCAGCCAGCCCCTGGACGTGATCCTTCTCCTGGATGGCTCCTCCCTAGGCAGGTGGCATAGAGACCGTAGCCAGGCTGCCACTTGCTAACCC
VWF4_block2_s1	ACGCCGCCACGTGTTCGTTAACTGTTGATTGGTGGCACATAAGTAATACCATGGTCCCTGAAATTCGGCTCAGTTACTTCGAGCGTAATGCCGCGTGATTACGAGTCGGGCTACGGTCTCTCGTCCACCTGCCTAGGTGATCCTTCTCCTGGATGGCTCCTCCAGTTTCCCAGCTTCTTATTTTGATGAAATGAAGAGTTTCGCCAAGGCTTTCATTTCAAAAGCCAATATAGGGCCTCGTCTCACTCAGGTGTCAGTGCTGCAGTAAGAGACCGTAGCCAGGCTGCCACTTGCTAACCC
VWF4_block3_s1	CCGCGTGATTACGAGTCGGGCTACGGTCTCTCGTCCACCTGCCTAGGTGATCCTTCTCCTGGATGGCTCCTCCAGTTTCCCAGCTTCTTATTTTGATGAAATGAAGAGTTTCGCCAAGGCTTTCATTTCAAAAGCCAATATAGGGCCTCGTCTCACTCAGGTGTCAGTGCTGCAGTATGGAAGCATCACCACCATTGACGTGCCATGGAACGTGGTCCCGGAGAAAGCCCATTTGCTGAGCCTTGTGGACGTCATGCAGCGGGAGGGAGGCCCCAGCCAAATCGGGGATGCCTTGGGCTTTGCTGTGCGATACTTGACTTCAGAAATAGAGACCGTAGCCAGGCTGCCACTTGCTAACCC
VWF4_block4_s1	CCGCGTGATTACGAGTCGGGCTACGGTCTCTCGTCCACCTGCCTAGGTGATCCTTCTCCTGGATGGCTCCTCCAGTTTCCCAGCTTCTTATTTTGATGAAATGAAGAGTTTCGCCAAGGCTTTCATTTCAAAAGCCAATATAGGGCCTCGTCTCACTCAGGTGTCAGTGCTGCAGTATGGAAGCATCACCACCATTGACGTGCCATGGAACGTGGTCCCGGAGAAAGCCCATTTGCTGAGCCTTGTGGACGTCATGCAGCGGGAGGGAGGCCCCAGCCAAATCGGGGATGCCTTGGGCTTTGCTGTGCGATACTTGACTTCAGAAATGCATGGTGCCAGGCCGGGAGCCTCAAAGGCGGTGGTCATCCTGGTCACGGACGTCTCTGTGGATTCAGTGGATGCAGCAGCTGATGCCGCCAGGTCCAACAGAGTGACAGTGTTCCCTATTGGAATTGGAGATCGCTACGATGCAGCCCAGCTACGGATCTTAGAGACCGTAGCCAGGCTGCCACTTGCTAACCC
VWF4_block5_s1	CCGCGTGATTACGAGTCGGGCTACGGTCTCTCGTCCACCTGCCTAGGTGATCCTTCTCCTGGATGGCTCCTCCAGTTTCCCAGCTTCTTATTTTGATGAAATGAAGAGTTTCGCCAAGGCTTTCATTTCAAAAGCCAATATAGGGCCTCGTCTCACTCAGGTGTCAGTGCTGCAGTATGGAAGCATCACCACCATTGACGTGCCATGGAACGTGGTCCCGGAGAAAGCCCATTTGCTGAGCCTTGTGGACGTCATGCAGCGGGAGGGAGGCCCCAGCCAAATCGGGGATGCCTTGGGCTTTGCTGTGCGATACTTGACTTCAGAAATGCATGGTGCCAGGCCGGGAGCCTCAAAGGCGGTGGTCATCCTGGTCACGGACGTCTCTGTGGATTCAGTGGATGCAGCAGCTGATGCCGCCAGGTCCAACAGAGTGACAGTGTTCCCTATTGGAATTGGAGATCGCTACGATGCAGCCCAGCTACGGATCTTGGCAGGCCCAGCAGGCGACTCCAACGTGGTGAAGCTCCAGCGAATCGAAGACCTCCCTACCATGGTCACCTTGGGCAATTCCTTCCTCCACAAACTGTGCTCTGGATTTGTTAGGATTTGCATGGATGAGGATGGGAATGAGAAGAGGCCCGGGGACGTCTGAGAGACCGTAGCCAGGCTGCCACTTGCTAACCC
VWF4_block6_s1	CCGCGTGATTACGAGTCGGGCTACGGTCTCTCGTCCACCTGCCTAGGTGATCCTTCTCCTGGATGGCTCCTCCAGTTTCCCAGCTTCTTATTTTGATGAAATGAAGAGTTTCGCCAAGGCTTTCATTTCAAAAGCCAATATAGGGCCTCGTCTCACTCAGGTGTCAGTGCTGCAGTATGGAAGCATCACCACCATTGACGTGCCATGGAACGTGGTCCCGGAGAAAGCCCATTTGCTGAGCCTTGTGGACGTCATGCAGCGGGAGGGAGGCCCCAGCCAAATCGGGGATGCCTTGGGCTTTGCTGTGCGATACTTGACTTCAGAAATGCATGGTGCCAGGCCGGGAGCCTCAAAGGCGGTGGTCATCCTGGTCACGGACGTCTCTGTGGATTCAGTGGATGCAGCAGCTGATGCCGCCAGGTCCAACAGAGTGACAGTGTTCCCTATTGGAATTGGAGATCGCTACGATGCAGCCCAGCTACGGATCTTGGCAGGCCCAGCAGGCGACTCCAACGTGGTGAAGCTCCAGCGAATCGAAGACCTCCCTACCATGGTCACCTTGGGCAATTCCTTCCTCCACAAACTGTGCTCTGGATTTGTTAGGATTTGCATGGATGAGGATGGGAATGAGAAGAGGCCCGGGGACGTCTGGACCTTGCCAGACCAGTGCCACACCGTGACTTGCCAGCCAGATGGCCAGACCTTGCTGAAGAGTCATCGGGTCAACTGTGACCGGGGGCTGAGGCCTTCGTGCCCTAACAGCCAGTCCCCTGTTAAAGTGGAAGAAACCTGTGGCTGCCGCTGGAAGAGACCGTAGCCAGGCTGCCACTTGCTAACCC
VWF4_block6_s2	CCGCGTGATTACGAGTCGGGCTACGGTCTCTGAAATCCATCGAGGTGAAGCACAGTGCCCTCTCCGTCGAGCTGCACAGTGACATGGAGGTGACGGTGAATGGGAGACTGGTGTCTGTTCCTTACGTGGGTGGGAACATGGAAGTCAACGTTTATGGTGCCATCATGCATGAGGTCAGATTCAATCACCTTGGTCACATCTTCACATTCACTCCACAAAACAATGAGTTCCAACTGCAGCTCAGCCCCAAGACTTTTGCTTCAAAGACGTATGGTCTGTGTGGGATCTGTGATGAGAACGGAGCCAATGACTTCATGCTGAGGGATGGCACAGTCACCACAGACTGGAAAACACTTGTTCAGGAATGGACTGTGCAGCGGCCAGGGCAGACGTGCCAGCCCATCCTGGAGGAGCAGTGTCTTGTCCCCGACAGCTCCCACTGCCAGGTCCTCCTCTTACCACTGTTTGCTGAATGCCACAAGGTCCTGGCTCCAGCCACATTCTATGCCATCTGCCAGCAGGACAGTTGCCACCAGGAGCAAGTGTGTGAGGTGATCGCCTCTTATGCCCACCTCTGTCGGACCAACGGGGTCTGCGTTGACTGGAGGACACCTGATTTCTGTGCTATGTCATGCCCACCATCTCTGGTCTACAACCACTGTGAGCATGGCTGTCCCCGGCACTGTGATGGCAACGTGAGCTCCTGTGGGGACCATCCCTCCGAAGGCTGTTTCTGCCCTCCAGATAAAGTCATGTTGGAAGGCAGCTGTGTCCCTGAAGAGGCCTGCCTAGGCAGGTGGCATAGAGACCGTAGCCAGGCTGCCACTTGCTAACCC
VWF4_block7_s1	CCGCGTGATTACGAGTCGGGCTACGGTCTCTCGTCCACCTGCCTAGGTGATCCTTCTCCTGGATGGCTCCTCCAGTTTCCCAGCTTCTTATTTTGATGAAATGAAGAGTTTCGCCAAGGCTTTCATTTCAAAAGCCAATATAGGGCCTCGTCTCACTCAGGTGTCAGTGCTGCAGTATGGAAGCATCACCACCATTGACGTGCCATGGAACGTGGTCCCGGAGAAAGCCCATTTGCTGAGCCTTGTGGACGTCATGCAGCGGGAGGGAGGCCCCAGCCAAATCGGGGATGCCTTGGGCTTTGCTGTGCGATACTTGACTTCAGAAATGCATGGTGCCAGGCCGGGAGCCTCAAAGGCGGTGGTCATCCTGGTCACGGACGTCTCTGTGGATTCAGTGGATGCAGCAGCTGATGCCGCCAGGTCCAACAGAGTGACAGTGTTCCCTATTGGAATTGGAGATCGCTACGATGCAGCCCAGCTACGGATCTTGGCAGGCCCAGCAGGCGACTCCAACGTGGTGAAGCTCCAGCGAATCGAAGACCTCCCTACCATGGTCACCTTGGGCAATTCCTTCCTCCACAAACTGTGCTCTGGATTTGTTAGGATTTGCATGGATGAGGATGGGAATGAGAAGAGGCCCGGGGACGTCTGGACCTTGCCAGACCAGTGCCACACCGTGACTTGCCAGCCAGATGGCCAGACCTTGCTGAAGAGTCATCGGGTCAACTGTGACCGGGGGCTGAGGCCTTCGTGCCCTAACAGCCAGTCCCCTGTTAAAGTGGAAGAAACCTGTGGCTGCCGCTGGACCTGCCCCTGCGTGTGCACAGGCAGCTCCACTCGGCACATCGTGACCTTTGATGGGCAGAATTTCAAGCTGACTGGCAGCTGTTCTTATGTCCTATTTCAAAACAAGGAGCAGGACCTGGAGGTGATTCTCCATAATGGTGCCTGCAGCCCTGGAAGAGACCGTAGCCAGGCTGCCACTTGCTAACCC
VWF4_block7_s2	CCGCGTGATTACGAGTCGGGCTACGGTCTCTCCTTGGTCACATCTTCACATTCACTCCACAAAACAATGAGTTCCAACTGCAGCTCAGCCCCAAGACTTTTGCTTCAAAGACGTATGGTCTGTGTGGGATCTGTGATGAGAACGGAGCCAATGACTTCATGCTGAGGGATGGCACAGTCACCACAGACTGGAAAACACTTGTTCAGGAATGGACTGTGCAGCGGCCAGGGCAGACGTGCCAGCCCATCCTGGAGGAGCAGTGTCTTGTCCCCGACAGCTCCCACTGCCAGGTCCTCCTCTTACCACTGTTTGCTGAATGCCACAAGGTCCTGGCTCCAGCCACATTCTATGCCATCTGCCAGCAGGACAGTTGCCACCAGGAGCAAGTGTGTGAGGTGATCGCCTCTTATGCCCACCTCTGTCGGACCAACGGGGTCTGCGTTGACTGGAGGACACCTGATTTCTGTGCTATGTCATGCCCACCATCTCTGGTCTACAACCACTGTGAGCATGGCTGTCCCCGGCACTGTGATGGCAACGTGAGCTCCTGTGGGGACCATCCCTCCGAAGGCTGTTTCTGCCCTCCAGATAAAGTCATGTTGGAAGGCAGCTGTGTCCCTGAAGAGGCCTGCCTAGGCAGGTGGCATAGAGACCGTAGCCAGGCTGCCACTTGCTAACCC
VWF4_block8_s2	CCGCGTGATTACGAGTCGGGCTACGGTCTCTGGAAAACACTTGTTCAGGAATGGACTGTGCAGCGGCCAGGGCAGACGTGCCAGCCCATCCTGGAGGAGCAGTGTCTTGTCCCCGACAGCTCCCACTGCCAGGTCCTCCTCTTACCACTGTTTGCTGAATGCCACAAGGTCCTGGCTCCAGCCACATTCTATGCCATCTGCCAGCAGGACAGTTGCCACCAGGAGCAAGTGTGTGAGGTGATCGCCTCTTATGCCCACCTCTGTCGGACCAACGGGGTCTGCGTTGACTGGAGGACACCTGATTTCTGTGCTATGTCATGCCCACCATCTCTGGTCTACAACCACTGTGAGCATGGCTGTCCCCGGCACTGTGATGGCAACGTGAGCTCCTGTGGGGACCATCCCTCCGAAGGCTGTTTCTGCCCTCCAGATAAAGTCATGTTGGAAGGCAGCTGTGTCCCTGAAGAGGCCTGCCTAGGCAGGTGGCATAGAGACCGTAGCCAGGCTGCCACTTGCTAACCC
VWF4_block9_s2	CCGCGTGATTACGAGTCGGGCTACGGTCTCTTTCTATGCCATCTGCCAGCAGGACAGTTGCCACCAGGAGCAAGTGTGTGAGGTGATCGCCTCTTATGCCCACCTCTGTCGGACCAACGGGGTCTGCGTTGACTGGAGGACACCTGATTTCTGTGCTATGTCATGCCCACCATCTCTGGTCTACAACCACTGTGAGCATGGCTGTCCCCGGCACTGTGATGGCAACGTGAGCTCCTGTGGGGACCATCCCTCCGAAGGCTGTTTCTGCCCTCCAGATAAAGTCATGTTGGAAGGCAGCTGTGTCCCTGAAGAGGCCTGCCTAGGCAGGTGGCATAGAGACCGTAGCCAGGCTGCCACTTGCTAACCC
VWF4_block10_s2	ACGCCGCCACGTGTTCGTTAACTGTTGATTGGTGGCACATAAGTAATACCATGGTCCCTGAAATTCGGCTCAGTTACTTCGAGCGTAATGCCGCGTGATTACGAGTCGGGCTACGGTCTCTACTGTGAGCATGGCTGTCCCCGGCACTGTGATGGCAACGTGAGCTCCTGTGGGGACCATCCCTCCGAAGGCTGTTTCTGCCCTCCAGATAAAGTCATGTTGGAAGGCAGCTGTGTCCCTGAAGAGGCCTGCCTAGGCAGGTGGCATAGAGACCGTAGCCAGGCTGCCACTTGCTAACCC
VWF5_block2_s1	ACGCCGCCACGTGTTCGTTAACTGTTGATTGGTGGCACATAAGTAATACCATGGTCCCTGAAATTCGGCTCAGTTACTTCGAGCGTAATGTCTCAAATGGCGTAGAACGGCCCGCGTGATTACGAGTCGGGCTACGGTCTCTCGTCCACCTGCCTAGGAGGCCTGCACTCAGTGCATTGGTGAGGATGGAGTCCAGCACCAGTTCCTGGAAGCCTGGGTCCCGGACCACCAGCCCTGTCAGATCTGCACATGCCTCAGCGGGCGGAAAGAGACCGTAGCCAGGCTGCCACTTGCTAACCC
VWF5_block3_s1	CCGCGTGATTACGAGTCGGGCTACGGTCTCTCGTCCACCTGCCTAGGAGGCCTGCACTCAGTGCATTGGTGAGGATGGAGTCCAGCACCAGTTCCTGGAAGCCTGGGTCCCGGACCACCAGCCCTGTCAGATCTGCACATGCCTCAGCGGGCGGAAGGTCAACTGCACAACGCAGCCCTGCCCCACGGCCAAAGCTCCCACGTGTGGCCTGTGTGAAGTAGCCCGCCTCCGCCAGAATGCAGACCAGTGCTGCCCCGAGTATGAGTGTGTGTGTGACCCAGTGAGCTGTGACCTGCCCCCAGTGCCTAGAGACCGTAGCCAGGCTGCCACTTGCTAACCC
VWF5_block4_s1	CCGCGTGATTACGAGTCGGGCTACGGTCTCTCGTCCACCTGCCTAGGAGGCCTGCACTCAGTGCATTGGTGAGGATGGAGTCCAGCACCAGTTCCTGGAAGCCTGGGTCCCGGACCACCAGCCCTGTCAGATCTGCACATGCCTCAGCGGGCGGAAGGTCAACTGCACAACGCAGCCCTGCCCCACGGCCAAAGCTCCCACGTGTGGCCTGTGTGAAGTAGCCCGCCTCCGCCAGAATGCAGACCAGTGCTGCCCCGAGTATGAGTGTGTGTGTGACCCAGTGAGCTGTGACCTGCCCCCAGTGCCTCACTGTGAACGTGGCCTCCAGCCCACACTGACCAACCCTGGCGAGTGCAGACCCAACTTCACATGCGCCTGCAGGAAGGAGGAGTGCAAAAGAGTGTCCCCACCCTCCTGCCCCCCGCACCGTTTGCCCACCCTTCGGAAGAAGAGACCGTAGCCAGGCTGCCACTTGCTAACCC
VWF5_block5_s1	CCGCGTGATTACGAGTCGGGCTACGGTCTCTCGTCCACCTGCCTAGGAGGCCTGCACTCAGTGCATTGGTGAGGATGGAGTCCAGCACCAGTTCCTGGAAGCCTGGGTCCCGGACCACCAGCCCTGTCAGATCTGCACATGCCTCAGCGGGCGGAAGGTCAACTGCACAACGCAGCCCTGCCCCACGGCCAAAGCTCCCACGTGTGGCCTGTGTGAAGTAGCCCGCCTCCGCCAGAATGCAGACCAGTGCTGCCCCGAGTATGAGTGTGTGTGTGACCCAGTGAGCTGTGACCTGCCCCCAGTGCCTCACTGTGAACGTGGCCTCCAGCCCACACTGACCAACCCTGGCGAGTGCAGACCCAACTTCACATGCGCCTGCAGGAAGGAGGAGTGCAAAAGAGTGTCCCCACCCTCCTGCCCCCCGCACCGTTTGCCCACCCTTCGGAAGACCCAGTGCTGTGATGAGTATGAGTGTGCCTGCAACTGTGTCAACTCCACAGTGAGCTGTCCCCTTGGGTACTTGGCCTCAACTGCCACCAATGACTGTGGCTGTACCACAACCACATGCCTTCCCGACAAGGTGTGTGTCCACCGAAAGAGACCGTAGCCAGGCTGCCACTTGCTAACCC
VWF5_block6_s1	CCGCGTGATTACGAGTCGGGCTACGGTCTCTCGTCCACCTGCCTAGGAGGCCTGCACTCAGTGCATTGGTGAGGATGGAGTCCAGCACCAGTTCCTGGAAGCCTGGGTCCCGGACCACCAGCCCTGTCAGATCTGCACATGCCTCAGCGGGCGGAAGGTCAACTGCACAACGCAGCCCTGCCCCACGGCCAAAGCTCCCACGTGTGGCCTGTGTGAAGTAGCCCGCCTCCGCCAGAATGCAGACCAGTGCTGCCCCGAGTATGAGTGTGTGTGTGACCCAGTGAGCTGTGACCTGCCCCCAGTGCCTCACTGTGAACGTGGCCTCCAGCCCACACTGACCAACCCTGGCGAGTGCAGACCCAACTTCACATGCGCCTGCAGGAAGGAGGAGTGCAAAAGAGTGTCCCCACCCTCCTGCCCCCCGCACCGTTTGCCCACCCTTCGGAAGACCCAGTGCTGTGATGAGTATGAGTGTGCCTGCAACTGTGTCAACTCCACAGTGAGCTGTCCCCTTGGGTACTTGGCCTCAACTGCCACCAATGACTGTGGCTGTACCACAACCACATGCCTTCCCGACAAGGTGTGTGTCCACCGAAGCACCATCTACCCTGTGGGCCAGTTCTGGGAGGAGGGCTGCGATGTGTGCACATGCACCGACATGGAGGATGCCGTGATGGGCCTCCGCGTGGCCCAGTGCTCCCAGAAGCCCTGTGAGGACAGCTGTCGGTCGGGCTTCACTTAGAGACCGTAGCCAGGCTGCCACTTGCTAACCC
VWF5_block6_s2	CCGCGTGATTACGAGTCGGGCTACGGTCTCTTCCGAGTGAAGGAGGAGGTCTTTATACAACAAAGGAACGTCTCCTGCCCCCAGCTGGAGGTCCCTGTCTGCCCCTCGGGCTTTCAGCTGAGCTGTAAGACCTCAGCGTGCTGCCCAAGCTGTCGCTGTGAGCGCATGGAGGCCTGCATGCTCAATGGCACTGTCATTGGGCCCGGGAAGACTGTGATGATCGATGTGTGCACGACCTGCCGCTGCATGGTGCAGGTCGGGGTCATCTCTGGATTCAAGCTGGAGTGCAGGAAGACCACATGCAACCCCTGCCCCCTGGGTTACAAGGAAGAAAATAACACAGGTGAATGTTGTGGGAGATGTTTGCCTACGGCTTGCACCATTCAGCTAAGAGGAGGACAGATCATGACACTGAAGCGTGATGAGACGCTCCAGGATGGCTGTGATACTCACTTCTGCAAGGTCAATGAGAGAGGAGAGTACTTCTGGGAGAAGAGGGTCACAGGCTGCCCACCCTTTGATGAACACAAGTGTCTGGCTGAGGGAGGTAAAATTATGAAAATTCCAGGCACATGCTGTGACACATGTGAGGAGCCTGAGTGCAACGACATCACTGCCAGGCTGCAGTATGTCAAGGTGGGAAGCTGTAAGTCTGAAGTAGAGGTGGATATCCACTACTGCCAGGGCAAATGTGCCAGCAAAGCCATGTACTCCATTGACATCAACGATGTGCAGGACCAGTGCTCCTGCTGCTCTCCGACACGGACGGAGCCCATGCAGGTCGCCCTGCACTGCACCAATGGCTCTGTTGTGTACCATGAGGTTCTCAATGCCATGGAGTGCAAATGCTCCCCCAGGAAGTGCAGCAAGCTAGGCAGGTGGCATAGAGACCGTAGCCAGGCTGCCACTTGCTAACCC
VWF5_block7_s1	CCGCGTGATTACGAGTCGGGCTACGGTCTCTCGTCCACCTGCCTAGGAGGCCTGCACTCAGTGCATTGGTGAGGATGGAGTCCAGCACCAGTTCCTGGAAGCCTGGGTCCCGGACCACCAGCCCTGTCAGATCTGCACATGCCTCAGCGGGCGGAAGGTCAACTGCACAACGCAGCCCTGCCCCACGGCCAAAGCTCCCACGTGTGGCCTGTGTGAAGTAGCCCGCCTCCGCCAGAATGCAGACCAGTGCTGCCCCGAGTATGAGTGTGTGTGTGACCCAGTGAGCTGTGACCTGCCCCCAGTGCCTCACTGTGAACGTGGCCTCCAGCCCACACTGACCAACCCTGGCGAGTGCAGACCCAACTTCACATGCGCCTGCAGGAAGGAGGAGTGCAAAAGAGTGTCCCCACCCTCCTGCCCCCCGCACCGTTTGCCCACCCTTCGGAAGACCCAGTGCTGTGATGAGTATGAGTGTGCCTGCAACTGTGTCAACTCCACAGTGAGCTGTCCCCTTGGGTACTTGGCCTCAACTGCCACCAATGACTGTGGCTGTACCACAACCACATGCCTTCCCGACAAGGTGTGTGTCCACCGAAGCACCATCTACCCTGTGGGCCAGTTCTGGGAGGAGGGCTGCGATGTGTGCACATGCACCGACATGGAGGATGCCGTGATGGGCCTCCGCGTGGCCCAGTGCTCCCAGAAGCCCTGTGAGGACAGCTGTCGGTCGGGCTTCACTTACGTTCTGCATGAAGGCGAGTGCTGTGGAAGGTGCCTGCCATCTGCCTGTGAGGTGGTGACTGGCTCACCGCGGGGGGACTCCCAGTCTTCCTGGAAGAGTGTCGGCTCCCAGTGGGCCTCCCCGGAGAACCCCTGCCTCATAGAGACCGTAGCCAGGCTGCCACTTGCTAACCC
VWF5_block7_s2	CCGCGTGATTACGAGTCGGGCTACGGTCTCTGCCTGCATGCTCAATGGCACTGTCATTGGGCCCGGGAAGACTGTGATGATCGATGTGTGCACGACCTGCCGCTGCATGGTGCAGGTCGGGGTCATCTCTGGATTCAAGCTGGAGTGCAGGAAGACCACATGCAACCCCTGCCCCCTGGGTTACAAGGAAGAAAATAACACAGGTGAATGTTGTGGGAGATGTTTGCCTACGGCTTGCACCATTCAGCTAAGAGGAGGACAGATCATGACACTGAAGCGTGATGAGACGCTCCAGGATGGCTGTGATACTCACTTCTGCAAGGTCAATGAGAGAGGAGAGTACTTCTGGGAGAAGAGGGTCACAGGCTGCCCACCCTTTGATGAACACAAGTGTCTGGCTGAGGGAGGTAAAATTATGAAAATTCCAGGCACATGCTGTGACACATGTGAGGAGCCTGAGTGCAACGACATCACTGCCAGGCTGCAGTATGTCAAGGTGGGAAGCTGTAAGTCTGAAGTAGAGGTGGATATCCACTACTGCCAGGGCAAATGTGCCAGCAAAGCCATGTACTCCATTGACATCAACGATGTGCAGGACCAGTGCTCCTGCTGCTCTCCGACACGGACGGAGCCCATGCAGGTCGCCCTGCACTGCACCAATGGCTCTGTTGTGTACCATGAGGTTCTCAATGCCATGGAGTGCAAATGCTCCCCCAGGAAGTGCAGCAAGCTAGGCAGGTGGCATAGAGACCGTAGCCAGGCTGCCACTTGCTAACCC
VWF5_block8_s2	CCGCGTGATTACGAGTCGGGCTACGGTCTCTAGGAAGAAAATAACACAGGTGAATGTTGTGGGAGATGTTTGCCTACGGCTTGCACCATTCAGCTAAGAGGAGGACAGATCATGACACTGAAGCGTGATGAGACGCTCCAGGATGGCTGTGATACTCACTTCTGCAAGGTCAATGAGAGAGGAGAGTACTTCTGGGAGAAGAGGGTCACAGGCTGCCCACCCTTTGATGAACACAAGTGTCTGGCTGAGGGAGGTAAAATTATGAAAATTCCAGGCACATGCTGTGACACATGTGAGGAGCCTGAGTGCAACGACATCACTGCCAGGCTGCAGTATGTCAAGGTGGGAAGCTGTAAGTCTGAAGTAGAGGTGGATATCCACTACTGCCAGGGCAAATGTGCCAGCAAAGCCATGTACTCCATTGACATCAACGATGTGCAGGACCAGTGCTCCTGCTGCTCTCCGACACGGACGGAGCCCATGCAGGTCGCCCTGCACTGCACCAATGGCTCTGTTGTGTACCATGAGGTTCTCAATGCCATGGAGTGCAAATGCTCCCCCAGGAAGTGCAGCAAGCTAGGCAGGTGGCATAGAGACCGTAGCCAGGCTGCCACTTGCTAACCC
VWF5_block9_s2	CCGCGTGATTACGAGTCGGGCTACGGTCTCTATGAGAGAGGAGAGTACTTCTGGGAGAAGAGGGTCACAGGCTGCCCACCCTTTGATGAACACAAGTGTCTGGCTGAGGGAGGTAAAATTATGAAAATTCCAGGCACATGCTGTGACACATGTGAGGAGCCTGAGTGCAACGACATCACTGCCAGGCTGCAGTATGTCAAGGTGGGAAGCTGTAAGTCTGAAGTAGAGGTGGATATCCACTACTGCCAGGGCAAATGTGCCAGCAAAGCCATGTACTCCATTGACATCAACGATGTGCAGGACCAGTGCTCCTGCTGCTCTCCGACACGGACGGAGCCCATGCAGGTCGCCCTGCACTGCACCAATGGCTCTGTTGTGTACCATGAGGTTCTCAATGCCATGGAGTGCAAATGCTCCCCCAGGAAGTGCAGCAAGCTAGGCAGGTGGCATAGAGACCGTAGCCAGGCTGCCACTTGCTAACCC
VWF5_block10_s2	CCGCGTGATTACGAGTCGGGCTACGGTCTCTACATCACTGCCAGGCTGCAGTATGTCAAGGTGGGAAGCTGTAAGTCTGAAGTAGAGGTGGATATCCACTACTGCCAGGGCAAATGTGCCAGCAAAGCCATGTACTCCATTGACATCAACGATGTGCAGGACCAGTGCTCCTGCTGCTCTCCGACACGGACGGAGCCCATGCAGGTCGCCCTGCACTGCACCAATGGCTCTGTTGTGTACCATGAGGTTCTCAATGCCATGGAGTGCAAATGCTCCCCCAGGAAGTGCAGCAAGCTAGGCAGGTGGCATAGAGACCGTAGCCAGGCTGCCACTTGCTAACCC
VWF5_block11_s2	ACGCCGCCACGTGTTCGTTAACTGTTGATTGGTGGCACATAAGTAATACCATGGTCCCTGAAATTCGGCTCAGTTACTTCGAGCGTAATGTCTCAAATGGCGTAGACCGCGTGATTACGAGTCGGGCTACGGTCTCTTCCGACACGGACGGAGCCCATGCAGGTCGCCCTGCACTGCACCAATGGCTCTGTTGTGTACCATGAGGTTCTCAATGCCATGGAGTGCAAATGCTCCCCCAGGAAGTGCAGCAAGCTAGGCAGGTGGCATAGAGACCGTAGCCAGGCTGCCACTTGCTAACCC
