FRED1_block1_s1	CCGCGTGATTACGAGTCGGGCTACGGTCTCTTGGACGCAAGATTTCCTCCTAGAGTGCCAAAATCTTTTCCATTCAACACCTCAGTCGTGTACAAAAAGACTCTGTTTGTAGAATTCACGGATCACCTTTTCAACATCGCTAAGCCAAGGCCACCCTGGATGGGTCTGCTAGGTCCTACCATCCAGGCTGAGGTTTATGATACAGTGGTCATTACACTTAAGAACATGGCTTCCCATCCTGTCAGTCTTCATGCTGTTGGTGTATCCTACTGGAAAGCTTCTGAGGGAGCTGAATATGATGATCAGACCAGTCAAAGGGAGAAAGAAGATGATAAAGTCTTCCCTGGTGGAAGCCATACATATGTCTGGCAGGTCCTGAAAGAGAATGGTCCAATGGCCTCTGACCCACTGTGCCTTACCTACTCATATCTTTCTCATGTGGACCTGGTAAAAGACTTGAATTCAGGCCTCATTGGAGCCCTACTAGTATGTAGAGAAGGGAGTCTGGCCAAGGAAAAGACACAGACCTTGCACAAATTTATACTACTTTTTGCTGTATTTGATGAAGGGAAAAGTTGGCACTCAGAAACAAAGAACTCCTTGATGCAGGATAGGGATGCTGCATCTGCTCGGGCCTGGCCTAAAATGCACACAGTCAATGGTTATGTAAACAGATCTCTGCCAGGTCTGATTGGATGCCACAGGAAATCAGTCTATTGGCATGTGATTGGAATGGGCACCACTCCTGAAGTGCACTCAATATTCCTCGAAGGTCACACATTTCTTGTGAGGAACCATCGCCAGGCGTCCTTGGAAATCTCGCCAATAACTTTCCTTACTGCTCAAACACTCTTGATGGACCTTGGACAGTTTCTACTGTTTTGTCATATCTCTTCCCACCAACATGATGGCATGGAAGCTTATGTCAAAGTAGACAGCTGTCCAGAGGAACCCCAACTACGAATGAAAAATAATGAAGAAGCGGAAGACTATGATGATGATCTTACTGATTCTGAAATGGATGTGGTCAGGTTTGATGATGACAACTCTCCTTCCTTTATCCAAATTCGCTCAGTTGCCAAGAAGCATCCTAAAACTTGGGTACATTACATTGCTGCTGAAGAGGAGGACTGGGACTATGCTCCCTTAGTCCTCGCCCCCGATGACAGAAGTTATAAAAGTCAATATTTGAACAATGGCCCTCAGCGGATTGGTAGGAAGTACAAAAAAGTCCGATTTATGGCATACACAGATGAAACCTTTAAGACTCGTGAAGCTATTCAGCATGAATCAGGAATCTTGGGACCTTTACTTTATGGGGAAGTTGGAGACACACTGTTGATTATATTTAAGAATCAAGCAAGCAGACCATATAACATCTACCCTCACGGAATCACTGATGTCCGTCCTTTGTATTCAAGGAGATTACCAAAAGGTGTAAAACATTTGAAGGATTTTCCAATTCTGCCAGGAGAAATATTCAAATATAAATGGACAGTGACTGTAGAAGATGGGCCAACTAAATCAGATCCTCGGTGCCTGACCCGCTATTACTCTTAGGCTAGGCAGGTGTTTCAGAGACCGTAGCCAGGCTGCCACTTGCTAACCC
FRED1_block2_s2	CCGCGTGATTACGAGTCGGGCTACGGTCTCTCTGAGGTTTATGATACAGTGGTCATTACACTTAAGAACATGGCTTCCCATCCTGTCAGTCTTCATGCTGTTGGTGTATCCTACTGGAAAGCTTCTGAGGGAGCTGAATATGATGATCAGACCAGTCAAAGGGAGAAAGAAGATGATAAAGTCTTCCCTGGTGGAAGCCATACATATGTCTGGCAGGTCCTGAAAGAGAATGGTCCAATGGCCTCTGACCCACTGTGCCTTACCTACTCATATCTTTCTCATGTGGACCTGGTAAAAGACTTGAATTCAGGCCTCATTGGAGCCCTACTAGTATGTAGAGAAGGGAGTCTGGCCAAGGAAAAGACACAGACCTTGCACAAATTTATACTACTTTTTGCTGTATTTGATGAAGGGAAAAGTTGGCACTCAGAAACAAAGAACTCCTTGATGCAGGATAGGGATGCTGCATCTGCTCGGGCCTGGCCTAAAATGCACACAGTCAATGGTTATGTAAACAGATCTCTGCCAGGTCTGATTGGATGCCACAGGAAATCAGTCTATTGGCATGTGATTGGAATGGGCACCACTCCTGAAGTGCACTCAATATTCCTCGAAGGTCACACATTTCTTGTGAGGAACCATCGCCAGGCGTCCTTGGAAATCTCGCCAATAACTTTCCTTACTGCTCAAACACTCTTGATGGACCTTGGACAGTTTCTACTGTTTTGTCATATCTCTTCCCACCAACATGATGGCATGGAAGCTTATGTCAAAGTAGACAGCTGTCCAGAGGAACCCCAACTACGAATGAAAAATAATGAAGAAGCGGAAGACTATGATGATGATCTTACTGATTCTGAAATGGATGTGGTCAGGTTTGATGATGACAACTCTCCTTCCTTTATCCAAATTCGCTCAGTTGCCAAGAAGCATCCTAAAACTTGGGTACATTACATTGCTGCTGAAGAGGAGGACTGGGACTATGCTCCCTTAGTCCTCGCCCCCGATGACAGAAGTTATAAAAGTCAATATTTGAACAATGGCCCTCAGCGGATTGGTAGGAAGTACAAAAAAGTCCGATTTATGGCATACACAGATGAAACCTTTAAGACTCGTGAAGCTATTCAGCATGAATCAGGAATCTTGGGACCTTTACTTTATGGGGAAGTTGGAGACACACTGTTGATTATATTTAAGAATCAAGCAAGCAGACCATATAACATCTACCCTCACGGAATCACTGATGTCCGTCCTTTGTATTCAAGGAGATTACCAAAAGGTGTAAAACATTTGAAGGATTTTCCAATTCTGCCAGGAGAAATATTCAAATATAAATGGACAGTGACTGTAGAAGATGGGCCAACTAAATCAGATCCTCGGTGCCTGACCCGCTATTACTCTTAGGCTAGGCAGGTGTTTCAGAGACCGTAGCCAGGCTGCCACTTGCTAACCC
FRED1_block3_s2	CCGCGTGATTACGAGTCGGGCTACGGTCTCTTGGAAGCCATACATATGTCTGGCAGGTCCTGAAAGAGAATGGTCCAATGGCCTCTGACCCACTGTGCCTTACCTACTCATATCTTTCTCATGTGGACCTGGTAAAAGACTTGAATTCAGGCCTCATTGGAGCCCTACTAGTATGTAGAGAAGGGAGTCTGGCCAAGGAAAAGACACAGACCTTGCACAAATTTATACTACTTTTTGCTGTATTTGATGAAGGGAAAAGTTGGCACTCAGAAACAAAGAACTCCTTGATGCAGGATAGGGATGCTGCATCTGCTCGGGCCTGGCCTAAAATGCACACAGTCAATGGTTATGTAAACAGATCTCTGCCAGGTCTGATTGGATGCCACAGGAAATCAGTCTATTGGCATGTGATTGGAATGGGCACCACTCCTGAAGTGCACTCAATATTCCTCGAAGGTCACACATTTCTTGTGAGGAACCATCGCCAGGCGTCCTTGGAAATCTCGCCAATAACTTTCCTTACTGCTCAAACACTCTTGATGGACCTTGGACAGTTTCTACTGTTTTGTCATATCTCTTCCCACCAACATGATGGCATGGAAGCTTATGTCAAAGTAGACAGCTGTCCAGAGGAACCCCAACTACGAATGAAAAATAATGAAGAAGCGGAAGACTATGATGATGATCTTACTGATTCTGAAATGGATGTGGTCAGGTTTGATGATGACAACTCTCCTTCCTTTATCCAAATTCGCTCAGTTGCCAAGAAGCATCCTAAAACTTGGGTACATTACATTGCTGCTGAAGAGGAGGACTGGGACTATGCTCCCTTAGTCCTCGCCCCCGATGACAGAAGTTATAAAAGTCAATATTTGAACAATGGCCCTCAGCGGATTGGTAGGAAGTACAAAAAAGTCCGATTTATGGCATACACAGATGAAACCTTTAAGACTCGTGAAGCTATTCAGCATGAATCAGGAATCTTGGGACCTTTACTTTATGGGGAAGTTGGAGACACACTGTTGATTATATTTAAGAATCAAGCAAGCAGACCATATAACATCTACCCTCACGGAATCACTGATGTCCGTCCTTTGTATTCAAGGAGATTACCAAAAGGTGTAAAACATTTGAAGGATTTTCCAATTCTGCCAGGAGAAATATTCAAATATAAATGGACAGTGACTGTAGAAGATGGGCCAACTAAATCAGATCCTCGGTGCCTGACCCGCTATTACTCTTAGGCTAGGCAGGTGTTTCAGAGACCGTAGCCAGGCTGCCACTTGCTAACCC
FRED1_block4_s2	CCGCGTGATTACGAGTCGGGCTACGGTCTCTTCTGGCCAAGGAAAAGACACAGACCTTGCACAAATTTATACTACTTTTTGCTGTATTTGATGAAGGGAAAAGTTGGCACTCAGAAACAAAGAACTCCTTGATGCAGGATAGGGATGCTGCATCTGCTCGGGCCTGGCCTAAAATGCACACAGTCAATGGTTATGTAAACAGATCTCTGCCAGGTCTGATTGGATGCCACAGGAAATCAGTCTATTGGCATGTGATTGGAATGGGCACCACTCCTGAAGTGCACTCAATATTCCTCGAAGGTCACACATTTCTTGTGAGGAACCATCGCCAGGCGTCCTTGGAAATCTCGCCAATAACTTTCCTTACTGCTCAAACACTCTTGATGGACCTTGGACAGTTTCTACTGTTTTGTCATATCTCTTCCCACCAACATGATGGCATGGAAGCTTATGTCAAAGTAGACAGCTGTCCAGAGGAACCCCAACTACGAATGAAAAATAATGAAGAAGCGGAAGACTATGATGATGATCTTACTGATTCTGAAATGGATGTGGTCAGGTTTGATGATGACAACTCTCCTTCCTTTATCCAAATTCGCTCAGTTGCCAAGAAGCATCCTAAAACTTGGGTACATTACATTGCTGCTGAAGAGGAGGACTGGGACTATGCTCCCTTAGTCCTCGCCCCCGATGACAGAAGTTATAAAAGTCAATATTTGAACAATGGCCCTCAGCGGATTGGTAGGAAGTACAAAAAAGTCCGATTTATGGCATACACAGATGAAACCTTTAAGACTCGTGAAGCTATTCAGCATGAATCAGGAATCTTGGGACCTTTACTTTATGGGGAAGTTGGAGACACACTGTTGATTATATTTAAGAATCAAGCAAGCAGACCATATAACATCTACCCTCACGGAATCACTGATGTCCGTCCTTTGTATTCAAGGAGATTACCAAAAGGTGTAAAACATTTGAAGGATTTTCCAATTCTGCCAGGAGAAATATTCAAATATAAATGGACAGTGACTGTAGAAGATGGGCCAACTAAATCAGATCCTCGGTGCCTGACCCGCTATTACTCTTAGGCTAGGCAGGTGTTTCAGAGACCGTAGCCAGGCTGCCACTTGCTAACCC
FRED1_block8_s1	CCGCGTGATTACGAGTCGGGCTACGGTCTCTACGACACCTGCCTAGTGGCATGCAAATAGAGCTCTCTACCTGCTTCTTTCTGTGCCTTTTGCGATTCTGCTTTAGTGCCACCAGAAGATACTACCTGGGTGCAGTGGAACTGTCATGGGACTATATGCAAAGTGATCTCGGTGAGCTGCCTGTGGACGCAAGATTTCCTCCTAGAGTGCCAAAATCTTTTCCATTCAACACCTCAGTCGTGTACAAAAAGACTCTGTTTGTAGAATTCACGGATCACCTTTTCAACATCGCTAAGCCAAGGCCACCCTGGATGGGTCTGCTAGGTCCTACCATCCAGGCTGAGGTTTATGATACAGTGGTCATTACACTTAAGAACATGGCTTCCCATCCTGTCAGTCTTCATGCTGTTGGTGTATCCTACTGGAAAGCTTCTGAGGGAGCTGAATATGATGATCAGACCAGTCAAAGGGAGAAAGAAGATGATAAAGTCTTCCCTGGTGGAAGCCATACATATGTCTGGCAGGTCCTGAAAGAGAATGGTCCAATGGCCTCTGACCCACTGTGCCTTACCTACTCATATCTTTCTCATGTGGACCTGGTAAAAGACTTGAATTCAGGCCTCATTGGAGCCCTACTAGTATGTAGAGAAGGGAGTCTGGCCAAGGAAAAGACACAGACCTTGCACAAATTTATACTACTTTTTGCTGTATTTGATGAAGGGAAAAGTTGGCACTCAGAAACAAAGAACTCCTTGATGCAGGATAGGGATGCTGCATCTGCTCGGGCCTGGCCTAAAATGCACACAGTCAATGGTTATGTAAACAGATCTCTGCCAGGTCTGATTGGATGCCACAGGAAATCAGTCTATTGGCATGTGATTGGAATGGGCACCACTCCTGAAGTGCACTCAATATTCCTCGAAGGTCACACATTTCTTGTGAGGAACCATCGCCAGGCGTCCTTGGAAATCTCGCCAATAACTTTCCTTACTGCTCAAACACTCTTGATGGACCTTGGACAGTTTCTACTGTTTTGTCATATCTCTTCCCACCAACATGATGGCATGGAAGCTTATGTCAAAGTAGACAGCTGTCCAGAGGAACCCCAACTAGAGACCGTAGCCAGGCTGCCACTTGCTAACCC
FRED1_block9_s1	CCGCGTGATTACGAGTCGGGCTACGGTCTCTACGACACCTGCCTAGTGGCATGCAAATAGAGCTCTCTACCTGCTTCTTTCTGTGCCTTTTGCGATTCTGCTTTAGTGCCACCAGAAGATACTACCTGGGTGCAGTGGAACTGTCATGGGACTATATGCAAAGTGATCTCGGTGAGCTGCCTGTGGACGCAAGATTTCCTCCTAGAGTGCCAAAATCTTTTCCATTCAACACCTCAGTCGTGTACAAAAAGACTCTGTTTGTAGAATTCACGGATCACCTTTTCAACATCGCTAAGCCAAGGCCACCCTGGATGGGTCTGCTAGGTCCTACCATCCAGGCTGAGGTTTATGATACAGTGGTCATTACACTTAAGAACATGGCTTCCCATCCTGTCAGTCTTCATGCTGTTGGTGTATCCTACTGGAAAGCTTCTGAGGGAGCTGAATATGATGATCAGACCAGTCAAAGGGAGAAAGAAGATGATAAAGTCTTCCCTGGTGGAAGCCATACATATGTCTGGCAGGTCCTGAAAGAGAATGGTCCAATGGCCTCTGACCCACTGTGCCTTACCTACTCATATCTTTCTCATGTGGACCTGGTAAAAGACTTGAATTCAGGCCTCATTGGAGCCCTACTAGTATGTAGAGAAGGGAGTCTGGCCAAGGAAAAGACACAGACCTTGCACAAATTTATACTACTTTTTGCTGTATTTGATGAAGGGAAAAGTTGGCACTCAGAAACAAAGAACTCCTTGATGCAGGATAGGGATGCTGCATCTGCTCGGGCCTGGCCTAAAATGCACACAGTCAATGGTTATGTAAACAGATCTCTGCCAGGTCTGATTGGATGCCACAGGAAATCAGTCTATTGGCATGTGATTGGAATGGGCACCACTCCTGAAGTGCACTCAATATTCCTCGAAGGTCACACATTTCTTGTGAGGAACCATCGCCAGGCGTCCTTGGAAATCTCGCCAATAACTTTCCTTACTGCTCAAACACTCTTGATGGACCTTGGACAGTTTCTACTGTTTTGTCATATCTCTTCCCACCAACATGATGGCATGGAAGCTTATGTCAAAGTAGACAGCTGTCCAGAGGAACCCCAACTACGAATGAAAAATAATGAAGAAGCGGAAGACTATGATGATGATCTTACTGATTCTGAAATGGATGTGGTCAGGTTTGATGATGACAACTCTCCTTCCTTTATCCAAATTCGCTCAGTTGCCAAGAAGCATCCTAAAACTTGGGTACATTAGAGACCGTAGCCAGGCTGCCACTTGCTAACCC
FRED1_block10_s1	CCGCGTGATTACGAGTCGGGCTACGGTCTCTACGACACCTGCCTAGTGGCATGCAAATAGAGCTCTCTACCTGCTTCTTTCTGTGCCTTTTGCGATTCTGCTTTAGTGCCACCAGAAGATACTACCTGGGTGCAGTGGAACTGTCATGGGACTATATGCAAAGTGATCTCGGTGAGCTGCCTGTGGACGCAAGATTTCCTCCTAGAGTGCCAAAATCTTTTCCATTCAACACCTCAGTCGTGTACAAAAAGACTCTGTTTGTAGAATTCACGGATCACCTTTTCAACATCGCTAAGCCAAGGCCACCCTGGATGGGTCTGCTAGGTCCTACCATCCAGGCTGAGGTTTATGATACAGTGGTCATTACACTTAAGAACATGGCTTCCCATCCTGTCAGTCTTCATGCTGTTGGTGTATCCTACTGGAAAGCTTCTGAGGGAGCTGAATATGATGATCAGACCAGTCAAAGGGAGAAAGAAGATGATAAAGTCTTCCCTGGTGGAAGCCATACATATGTCTGGCAGGTCCTGAAAGAGAATGGTCCAATGGCCTCTGACCCACTGTGCCTTACCTACTCATATCTTTCTCATGTGGACCTGGTAAAAGACTTGAATTCAGGCCTCATTGGAGCCCTACTAGTATGTAGAGAAGGGAGTCTGGCCAAGGAAAAGACACAGACCTTGCACAAATTTATACTACTTTTTGCTGTATTTGATGAAGGGAAAAGTTGGCACTCAGAAACAAAGAACTCCTTGATGCAGGATAGGGATGCTGCATCTGCTCGGGCCTGGCCTAAAATGCACACAGTCAATGGTTATGTAAACAGATCTCTGCCAGGTCTGATTGGATGCCACAGGAAATCAGTCTATTGGCATGTGATTGGAATGGGCACCACTCCTGAAGTGCACTCAATATTCCTCGAAGGTCACACATTTCTTGTGAGGAACCATCGCCAGGCGTCCTTGGAAATCTCGCCAATAACTTTCCTTACTGCTCAAACACTCTTGATGGACCTTGGACAGTTTCTACTGTTTTGTCATATCTCTTCCCACCAACATGATGGCATGGAAGCTTATGTCAAAGTAGACAGCTGTCCAGAGGAACCCCAACTACGAATGAAAAATAATGAAGAAGCGGAAGACTATGATGATGATCTTACTGATTCTGAAATGGATGTGGTCAGGTTTGATGATGACAACTCTCCTTCCTTTATCCAAATTCGCTCAGTTGCCAAGAAGCATCCTAAAACTTGGGTACATTACATTGCTGCTGAAGAGGAGGACTGGGACTATGCTCCCTTAGTCCTCGCCCCCGATGACAGAAGTTATAAAAGTCAATATTTGAACAATGGCCCTCAGCGGATTGGTAGGAAGTACAAAAAAGTCCGATTTATGGCATACACAGATGAAACCTTTAAGACTAGAGACCGTAGCCAGGCTGCCACTTGCTAACCC
FRED1_block11_s1	CCGCGTGATTACGAGTCGGGCTACGGTCTCTACGACACCTGCCTAGTGGCATGCAAATAGAGCTCTCTACCTGCTTCTTTCTGTGCCTTTTGCGATTCTGCTTTAGTGCCACCAGAAGATACTACCTGGGTGCAGTGGAACTGTCATGGGACTATATGCAAAGTGATCTCGGTGAGCTGCCTGTGGACGCAAGATTTCCTCCTAGAGTGCCAAAATCTTTTCCATTCAACACCTCAGTCGTGTACAAAAAGACTCTGTTTGTAGAATTCACGGATCACCTTTTCAACATCGCTAAGCCAAGGCCACCCTGGATGGGTCTGCTAGGTCCTACCATCCAGGCTGAGGTTTATGATACAGTGGTCATTACACTTAAGAACATGGCTTCCCATCCTGTCAGTCTTCATGCTGTTGGTGTATCCTACTGGAAAGCTTCTGAGGGAGCTGAATATGATGATCAGACCAGTCAAAGGGAGAAAGAAGATGATAAAGTCTTCCCTGGTGGAAGCCATACATATGTCTGGCAGGTCCTGAAAGAGAATGGTCCAATGGCCTCTGACCCACTGTGCCTTACCTACTCATATCTTTCTCATGTGGACCTGGTAAAAGACTTGAATTCAGGCCTCATTGGAGCCCTACTAGTATGTAGAGAAGGGAGTCTGGCCAAGGAAAAGACACAGACCTTGCACAAATTTATACTACTTTTTGCTGTATTTGATGAAGGGAAAAGTTGGCACTCAGAAACAAAGAACTCCTTGATGCAGGATAGGGATGCTGCATCTGCTCGGGCCTGGCCTAAAATGCACACAGTCAATGGTTATGTAAACAGATCTCTGCCAGGTCTGATTGGATGCCACAGGAAATCAGTCTATTGGCATGTGATTGGAATGGGCACCACTCCTGAAGTGCACTCAATATTCCTCGAAGGTCACACATTTCTTGTGAGGAACCATCGCCAGGCGTCCTTGGAAATCTCGCCAATAACTTTCCTTACTGCTCAAACACTCTTGATGGACCTTGGACAGTTTCTACTGTTTTGTCATATCTCTTCCCACCAACATGATGGCATGGAAGCTTATGTCAAAGTAGACAGCTGTCCAGAGGAACCCCAACTACGAATGAAAAATAATGAAGAAGCGGAAGACTATGATGATGATCTTACTGATTCTGAAATGGATGTGGTCAGGTTTGATGATGACAACTCTCCTTCCTTTATCCAAATTCGCTCAGTTGCCAAGAAGCATCCTAAAACTTGGGTACATTACATTGCTGCTGAAGAGGAGGACTGGGACTATGCTCCCTTAGTCCTCGCCCCCGATGACAGAAGTTATAAAAGTCAATATTTGAACAATGGCCCTCAGCGGATTGGTAGGAAGTACAAAAAAGTCCGATTTATGGCATACACAGATGAAACCTTTAAGACTCGTGAAGCTATTCAGCATGAATCAGGAATCTTGGGACCTTTACTTTATGGGGAAGTTGGAGACACACTGTTGATTATATTTAAGAATCAAGCAAGCAGACCATATAACATCTACCCTCACGGAATCACTGATGTCCGTCCTTTGTATTCAAGGAGATAGAGACCGTAGCCAGGCTGCCACTTGCTAACCC
VWF1_block1_s1	CCGCGTGATTACGAGTCGGGCTACGGTCTCTCCTTTGATGGGAGCATGTACAGCTTTGCGGGATACTGCAGTTACCTCCTGGCAGGGGGCTGCCAGAAACGCTCCTTCTCGATTATTGGGGACTTCCAGAATGGCAAGAGAGTGAGCCTCTCCGTGTATCTTGGGGAATTTTTTGACATCCATTTGTTTGTCAATGGTACCGTGACACAGGGGGACCAAAGAGTCTCCATGCCCTATGCCTCCAAAGGGCTGTATCTAGAAACTGAGGCTGGGTACTACAAGCTGTCCGGTGAGGCCTATGGCTTTGTGGCCAGGATCGATGGCAGCGGCAACTTTCAAGTCCTGCTGTCAGACAGATACTTCAACAAGACCTGCGGGCTGTGTGGCAACTTTAACATCTTTGCTGAAGATGACTTTATGACCCAAGAAGGGACCTTGACCTCGGACCCTTATGACTTTGCCAACTCATGGGCTCTGAGCAGTGGAGAACAGTGGTGTGAACGGGCATCTCCTCCCAGCAGCTCATGCAACATCTCCTCTGGGGAAATGCAGAAGGGCCTGTGGGAGCAGTGCCAGCTTCTGAAGAGCACCTCGGTGTTTGCCCGCTGCCACCCTCTGGTGGACCCCGAGCCTTTTGTGGCCCTGTGTGAGAAGACTTTGTGTGAGTGTGCTGGGGGGCTGGAGTGCGCCTGCCCTGCCCTCCTGGAGTACGCCCGGACCTGTGCCCAGGAGGGAATGGTGCTGTACGGCTGGACCGACCACAGCGCGTGCAGCCCAGTGTGCCCTGCTGGTATGGAGTATAGGCAGTGTGTGTCCCCTTGCGCCAGGACCTGCCAGAGCCTGCACATCAATGAAATGTGTCAGGAGCGATGCGTGGATGGCTGCAGCTGCCCTGAGGGACAGCTCCTGGATGAAGGCCTCTGCGTGGAGAGCACCGAGTGTCCCTGCGTGCATTCCGGAAAGCGCTACCCTCCCGGCACCTCCCTCTCTCGAGACTGCAACACATGCATTTGCCGAAACAGCCAGTGGATCTGCAGCAATGAAGAATGTCCAGGGGAGTGCCTTGTCACAGGTCAATCACACTTCAAGAGCTTTGACAACAGATACTTCACCTTCAGTGGGATCTGCCAGTACCTGCTGGCCCGGGATTGCCAGGACCACTCCTTCTCCATTGTCATTGAGACTGTCCAGTGTGCTGATGACCGCGACGCTGTGTGCACCCGCTCCGTCACCGTCCGGCTGCCTGGCCTGCACAACAGCCTTGTGAAACTGAAGCATGGGGCAGGAGTTGCCATGGATGGCCAGGACGTCCAGCTCCCCCTCCTGAAAGGTGACCTCCGCATCCAGCATACAGTGACGGCCTCCGTGCGCCTCAGCTACGGGGAGGACCTGCAGATGGACTGGGATGGCCGCGGGAGGCTGCTGGTGAAGCTGTCCCCCGTCTATGCCGGGAAGACCTGCGGCCTGTGTGGGAATTACAATGGCAACCAGGGCGACGACTTCCTTACCCCCTCTGGGCTGGCGGAGCCCCGGGTGGAGGACTTCGGGAACGCCTGGAAGCTGCACGGGGACTGCCAGGACCTGTAGGCTAGGCAGGTGTTTCAGAGACCGTAGCCAGGCTGCCACTTGCTAACCC
VWF1_block2_s2	CCGCGTGATTACGAGTCGGGCTACGGTCTCTAATGGTACCGTGACACAGGGGGACCAAAGAGTCTCCATGCCCTATGCCTCCAAAGGGCTGTATCTAGAAACTGAGGCTGGGTACTACAAGCTGTCCGGTGAGGCCTATGGCTTTGTGGCCAGGATCGATGGCAGCGGCAACTTTCAAGTCCTGCTGTCAGACAGATACTTCAACAAGACCTGCGGGCTGTGTGGCAACTTTAACATCTTTGCTGAAGATGACTTTATGACCCAAGAAGGGACCTTGACCTCGGACCCTTATGACTTTGCCAACTCATGGGCTCTGAGCAGTGGAGAACAGTGGTGTGAACGGGCATCTCCTCCCAGCAGCTCATGCAACATCTCCTCTGGGGAAATGCAGAAGGGCCTGTGGGAGCAGTGCCAGCTTCTGAAGAGCACCTCGGTGTTTGCCCGCTGCCACCCTCTGGTGGACCCCGAGCCTTTTGTGGCCCTGTGTGAGAAGACTTTGTGTGAGTGTGCTGGGGGGCTGGAGTGCGCCTGCCCTGCCCTCCTGGAGTACGCCCGGACCTGTGCCCAGGAGGGAATGGTGCTGTACGGCTGGACCGACCACAGCGCGTGCAGCCCAGTGTGCCCTGCTGGTATGGAGTATAGGCAGTGTGTGTCCCCTTGCGCCAGGACCTGCCAGAGCCTGCACATCAATGAAATGTGTCAGGAGCGATGCGTGGATGGCTGCAGCTGCCCTGAGGGACAGCTCCTGGATGAAGGCCTCTGCGTGGAGAGCACCGAGTGTCCCTGCGTGCATTCCGGAAAGCGCTACCCTCCCGGCACCTCCCTCTCTCGAGACTGCAACACATGCATTTGCCGAAACAGCCAGTGGATCTGCAGCAATGAAGAATGTCCAGGGGAGTGCCTTGTCACAGGTCAATCACACTTCAAGAGCTTTGACAACAGATACTTCACCTTCAGTGGGATCTGCCAGTACCTGCTGGCCCGGGATTGCCAGGACCACTCCTTCTCCATTGTCATTGAGACTGTCCAGTGTGCTGATGACCGCGACGCTGTGTGCACCCGCTCCGTCACCGTCCGGCTGCCTGGCCTGCACAACAGCCTTGTGAAACTGAAGCATGGGGCAGGAGTTGCCATGGATGGCCAGGACGTCCAGCTCCCCCTCCTGAAAGGTGACCTCCGCATCCAGCATACAGTGACGGCCTCCGTGCGCCTCAGCTACGGGGAGGACCTGCAGATGGACTGGGATGGCCGCGGGAGGCTGCTGGTGAAGCTGTCCCCCGTCTATGCCGGGAAGACCTGCGGCCTGTGTGGGAATTACAATGGCAACCAGGGCGACGACTTCCTTACCCCCTCTGGGCTGGCGGAGCCCCGGGTGGAGGACTTCGGGAACGCCTGGAAGCTGCACGGGGACTGCCAGGACCTGTAGGCTAGGCAGGTGTTTCAGAGACCGTAGCCAGGCTGCCACTTGCTAACCC
VWF1_block3_s2	CCGCGTGATTACGAGTCGGGCTACGGTCTCTTCAGACAGATACTTCAACAAGACCTGCGGGCTGTGTGGCAACTTTAACATCTTTGCTGAAGATGACTTTATGACCCAAGAAGGGACCTTGACCTCGGACCCTTATGACTTTGCCAACTCATGGGCTCTGAGCAGTGGAGAACAGTGGTGTGAACGGGCATCTCCTCCCAGCAGCTCATGCAACATCTCCTCTGGGGAAATGCAGAAGGGCCTGTGGGAGCAGTGCCAGCTTCTGAAGAGCACCTCGGTGTTTGCCCGCTGCCACCCTCTGGTGGACCCCGAGCCTTTTGTGGCCCTGTGTGAGAAGACTTTGTGTGAGTGTGCTGGGGGGCTGGAGTGCGCCTGCCCTGCCCTCCTGGAGTACGCCCGGACCTGTGCCCAGGAGGGAATGGTGCTGTACGGCTGGACCGACCACAGCGCGTGCAGCCCAGTGTGCCCTGCTGGTATGGAGTATAGGCAGTGTGTGTCCCCTTGCGCCAGGACCTGCCAGAGCCTGCACATCAATGAAATGTGTCAGGAGCGATGCGTGGATGGCTGCAGCTGCCCTGAGGGACAGCTCCTGGATGAAGGCCTCTGCGTGGAGAGCACCGAGTGTCCCTGCGTGCATTCCGGAAAGCGCTACCCTCCCGGCACCTCCCTCTCTCGAGACTGCAACACATGCATTTGCCGAAACAGCCAGTGGATCTGCAGCAATGAAGAATGTCCAGGGGAGTGCCTTGTCACAGGTCAATCACACTTCAAGAGCTTTGACAACAGATACTTCACCTTCAGTGGGATCTGCCAGTACCTGCTGGCCCGGGATTGCCAGGACCACTCCTTCTCCATTGTCATTGAGACTGTCCAGTGTGCTGATGACCGCGACGCTGTGTGCACCCGCTCCGTCACCGTCCGGCTGCCTGGCCTGCACAACAGCCTTGTGAAACTGAAGCATGGGGCAGGAGTTGCCATGGATGGCCAGGACGTCCAGCTCCCCCTCCTGAAAGGTGACCTCCGCATCCAGCATACAGTGACGGCCTCCGTGCGCCTCAGCTACGGGGAGGACCTGCAGATGGACTGGGATGGCCGCGGGAGGCTGCTGGTGAAGCTGTCCCCCGTCTATGCCGGGAAGACCTGCGGCCTGTGTGGGAATTACAATGGCAACCAGGGCGACGACTTCCTTACCCCCTCTGGGCTGGCGGAGCCCCGGGTGGAGGACTTCGGGAACGCCTGGAAGCTGCACGGGGACTGCCAGGACCTGTAGGCTAGGCAGGTGTTTCAGAGACCGTAGCCAGGCTGCCACTTGCTAACCC
VWF1_block4_s2	CCGCGTGATTACGAGTCGGGCTACGGTCTCTATCTCCTCCCAGCAGCTCATGCAACATCTCCTCTGGGGAAATGCAGAAGGGCCTGTGGGAGCAGTGCCAGCTTCTGAAGAGCACCTCGGTGTTTGCCCGCTGCCACCCTCTGGTGGACCCCGAGCCTTTTGTGGCCCTGTGTGAGAAGACTTTGTGTGAGTGTGCTGGGGGGCTGGAGTGCGCCTGCCCTGCCCTCCTGGAGTACGCCCGGACCTGTGCCCAGGAGGGAATGGTGCTGTACGGCTGGACCGACCACAGCGCGTGCAGCCCAGTGTGCCCTGCTGGTATGGAGTATAGGCAGTGTGTGTCCCCTTGCGCCAGGACCTGCCAGAGCCTGCACATCAATGAAATGTGTCAGGAGCGATGCGTGGATGGCTGCAGCTGCCCTGAGGGACAGCTCCTGGATGAAGGCCTCTGCGTGGAGAGCACCGAGTGTCCCTGCGTGCATTCCGGAAAGCGCTACCCTCCCGGCACCTCCCTCTCTCGAGACTGCAACACATGCATTTGCCGAAACAGCCAGTGGATCTGCAGCAATGAAGAATGTCCAGGGGAGTGCCTTGTCACAGGTCAATCACACTTCAAGAGCTTTGACAACAGATACTTCACCTTCAGTGGGATCTGCCAGTACCTGCTGGCCCGGGATTGCCAGGACCACTCCTTCTCCATTGTCATTGAGACTGTCCAGTGTGCTGATGACCGCGACGCTGTGTGCACCCGCTCCGTCACCGTCCGGCTGCCTGGCCTGCACAACAGCCTTGTGAAACTGAAGCATGGGGCAGGAGTTGCCATGGATGGCCAGGACGTCCAGCTCCCCCTCCTGAAAGGTGACCTCCGCATCCAGCATACAGTGACGGCCTCCGTGCGCCTCAGCTACGGGGAGGACCTGCAGATGGACTGGGATGGCCGCGGGAGGCTGCTGGTGAAGCTGTCCCCCGTCTATGCCGGGAAGACCTGCGGCCTGTGTGGGAATTACAATGGCAACCAGGGCGACGACTTCCTTACCCCCTCTGGGCTGGCGGAGCCCCGGGTGGAGGACTTCGGGAACGCCTGGAAGCTGCACGGGGACTGCCAGGACCTGTAGGCTAGGCAGGTGTTTCAGAGACCGTAGCCAGGCTGCCACTTGCTAACCC
VWF1_block7_s1	CCGCGTGATTACGAGTCGGGCTACGGTCTCTACGACACCTGCCTAGTGGCATGATTCCTGCCAGATTTGCCGGGGTGCTGCTTGCTCTGGCCCTCATTTTGCCAGGGACCCTTTGTGCAGAAGGAACTCGCGGCAGGTCATCCACGGCCCGATGCAGCCTTTTCGGAAGTGACTTCGTCAACACCTTTGATGGGAGCATGTACAGCTTTGCGGGATACTGCAGTTACCTCCTGGCAGGGGGCTGCCAGAAACGCTCCTTCTCGATTATTGGGGACTTCCAGAATGGCAAGAGAGTGAGCCTCTCCGTGTATCTTGGGGAATTTTTTGACATCCATTTGTTTGTCAATGGTACCGTGACACAGGGGGACCAAAGAGTCTCCATGCCCTATGCCTCCAAAGGGCTGTATCTAGAAACTGAGGCTGGGTACTACAAGCTGTCCGGTGAGGCCTATGGCTTTGTGGCCAGGATCGATGGCAGCGGCAACTTTCAAGTCCTGCTGTCAGACAGATACTTCAACAAGACCTGCGGGCTGTGTGGCAACTTTAACATCTTTGCTGAAGATGACTTTATGACCCAAGAAGGGACCTTGACCTCGGACCCTTATGACTTTGCCAACTCATGGGCTCTGAGCAGTGGAGAACAGTGGTGTGAACGGGCATCTCCTCCCAGCAGCTCATGCAACATCTCCTCTGGGGAAATGCAGAAGGGCCTGTGGGAGCAGTGCCAGCTTCTGAAGAGCACCTCGGTGTTTGCCCGCTGCCACCCTCTGGTGGACCCCGAGCCTTTTGTGGCCCTGTGTGAGAAGACTTTGTGTGAGTGTGCTGGGGGGCTGGAGTGCGCCTGCCCTGCCCTCCTGGAGTACGCCCGGACCTGTGCCCAGGAGGGAATGGTGCTGTACGGCTGGACCGACCACAGCGCGTGCAGCCCAGTGTGCCCTGCTGGTATGGAGTATAGGCAGTGTGTGTCCCCTTAGAGACCGTAGCCAGGCTGCCACTTGCTAACCC
VWF1_block8_s1	CCGCGTGATTACGAGTCGGGCTACGGTCTCTACGACACCTGCCTAGTGGCATGATTCCTGCCAGATTTGCCGGGGTGCTGCTTGCTCTGGCCCTCATTTTGCCAGGGACCCTTTGTGCAGAAGGAACTCGCGGCAGGTCATCCACGGCCCGATGCAGCCTTTTCGGAAGTGACTTCGTCAACACCTTTGATGGGAGCATGTACAGCTTTGCGGGATACTGCAGTTACCTCCTGGCAGGGGGCTGCCAGAAACGCTCCTTCTCGATTATTGGGGACTTCCAGAATGGCAAGAGAGTGAGCCTCTCCGTGTATCTTGGGGAATTTTTTGACATCCATTTGTTTGTCAATGGTACCGTGACACAGGGGGACCAAAGAGTCTCCATGCCCTATGCCTCCAAAGGGCTGTATCTAGAAACTGAGGCTGGGTACTACAAGCTGTCCGGTGAGGCCTATGGCTTTGTGGCCAGGATCGATGGCAGCGGCAACTTTCAAGTCCTGCTGTCAGACAGATACTTCAACAAGACCTGCGGGCTGTGTGGCAACTTTAACATCTTTGCTGAAGATGACTTTATGACCCAAGAAGGGACCTTGACCTCGGACCCTTATGACTTTGCCAACTCATGGGCTCTGAGCAGTGGAGAACAGTGGTGTGAACGGGCATCTCCTCCCAGCAGCTCATGCAACATCTCCTCTGGGGAAATGCAGAAGGGCCTGTGGGAGCAGTGCCAGCTTCTGAAGAGCACCTCGGTGTTTGCCCGCTGCCACCCTCTGGTGGACCCCGAGCCTTTTGTGGCCCTGTGTGAGAAGACTTTGTGTGAGTGTGCTGGGGGGCTGGAGTGCGCCTGCCCTGCCCTCCTGGAGTACGCCCGGACCTGTGCCCAGGAGGGAATGGTGCTGTACGGCTGGACCGACCACAGCGCGTGCAGCCCAGTGTGCCCTGCTGGTATGGAGTATAGGCAGTGTGTGTCCCCTTGCGCCAGGACCTGCCAGAGCCTGCACATCAATGAAATGTGTCAGGAGCGATGCGTGGATGGCTGCAGCTGCCCTGAGGGACAGCTCCTGGATGAAGGCCTCTGCGTGGAGAGCACCGAGTGTCCCTGCGTGCATTCCGGAAAGCGCTACCCTCCCAGAGACCGTAGCCAGGCTGCCACTTGCTAACCC
VWF1_block9_s1	CCGCGTGATTACGAGTCGGGCTACGGTCTCTACGACACCTGCCTAGTGGCATGATTCCTGCCAGATTTGCCGGGGTGCTGCTTGCTCTGGCCCTCATTTTGCCAGGGACCCTTTGTGCAGAAGGAACTCGCGGCAGGTCATCCACGGCCCGATGCAGCCTTTTCGGAAGTGACTTCGTCAACACCTTTGATGGGAGCATGTACAGCTTTGCGGGATACTGCAGTTACCTCCTGGCAGGGGGCTGCCAGAAACGCTCCTTCTCGATTATTGGGGACTTCCAGAATGGCAAGAGAGTGAGCCTCTCCGTGTATCTTGGGGAATTTTTTGACATCCATTTGTTTGTCAATGGTACCGTGACACAGGGGGACCAAAGAGTCTCCATGCCCTATGCCTCCAAAGGGCTGTATCTAGAAACTGAGGCTGGGTACTACAAGCTGTCCGGTGAGGCCTATGGCTTTGTGGCCAGGATCGATGGCAGCGGCAACTTTCAAGTCCTGCTGTCAGACAGATACTTCAACAAGACCTGCGGGCTGTGTGGCAACTTTAACATCTTTGCTGAAGATGACTTTATGACCCAAGAAGGGACCTTGACCTCGGACCCTTATGACTTTGCCAACTCATGGGCTCTGAGCAGTGGAGAACAGTGGTGTGAACGGGCATCTCCTCCCAGCAGCTCATGCAACATCTCCTCTGGGGAAATGCAGAAGGGCCTGTGGGAGCAGTGCCAGCTTCTGAAGAGCACCTCGGTGTTTGCCCGCTGCCACCCTCTGGTGGACCCCGAGCCTTTTGTGGCCCTGTGTGAGAAGACTTTGTGTGAGTGTGCTGGGGGGCTGGAGTGCGCCTGCCCTGCCCTCCTGGAGTACGCCCGGACCTGTGCCCAGGAGGGAATGGTGCTGTACGGCTGGACCGACCACAGCGCGTGCAGCCCAGTGTGCCCTGCTGGTATGGAGTATAGGCAGTGTGTGTCCCCTTGCGCCAGGACCTGCCAGAGCCTGCACATCAATGAAATGTGTCAGGAGCGATGCGTGGATGGCTGCAGCTGCCCTGAGGGACAGCTCCTGGATGAAGGCCTCTGCGTGGAGAGCACCGAGTGTCCCTGCGTGCATTCCGGAAAGCGCTACCCTCCCGGCACCTCCCTCTCTCGAGACTGCAACACATGCATTTGCCGAAACAGCCAGTGGATCTGCAGCAATGAAGAATGTCCAGGGGAGTGCCTTGTCACAGGTCAATCACACTTCAAGAGCTTTGACAACAGATACTTCACCTTCAGTGGGATCTGAGAGACCGTAGCCAGGCTGCCACTTGCTAACCC
VWF1_block10_s1	CCGCGTGATTACGAGTCGGGCTACGGTCTCTACGACACCTGCCTAGTGGCATGATTCCTGCCAGATTTGCCGGGGTGCTGCTTGCTCTGGCCCTCATTTTGCCAGGGACCCTTTGTGCAGAAGGAACTCGCGGCAGGTCATCCACGGCCCGATGCAGCCTTTTCGGAAGTGACTTCGTCAACACCTTTGATGGGAGCATGTACAGCTTTGCGGGATACTGCAGTTACCTCCTGGCAGGGGGCTGCCAGAAACGCTCCTTCTCGATTATTGGGGACTTCCAGAATGGCAAGAGAGTGAGCCTCTCCGTGTATCTTGGGGAATTTTTTGACATCCATTTGTTTGTCAATGGTACCGTGACACAGGGGGACCAAAGAGTCTCCATGCCCTATGCCTCCAAAGGGCTGTATCTAGAAACTGAGGCTGGGTACTACAAGCTGTCCGGTGAGGCCTATGGCTTTGTGGCCAGGATCGATGGCAGCGGCAACTTTCAAGTCCTGCTGTCAGACAGATACTTCAACAAGACCTGCGGGCTGTGTGGCAACTTTAACATCTTTGCTGAAGATGACTTTATGACCCAAGAAGGGACCTTGACCTCGGACCCTTATGACTTTGCCAACTCATGGGCTCTGAGCAGTGGAGAACAGTGGTGTGAACGGGCATCTCCTCCCAGCAGCTCATGCAACATCTCCTCTGGGGAAATGCAGAAGGGCCTGTGGGAGCAGTGCCAGCTTCTGAAGAGCACCTCGGTGTTTGCCCGCTGCCACCCTCTGGTGGACCCCGAGCCTTTTGTGGCCCTGTGTGAGAAGACTTTGTGTGAGTGTGCTGGGGGGCTGGAGTGCGCCTGCCCTGCCCTCCTGGAGTACGCCCGGACCTGTGCCCAGGAGGGAATGGTGCTGTACGGCTGGACCGACCACAGCGCGTGCAGCCCAGTGTGCCCTGCTGGTATGGAGTATAGGCAGTGTGTGTCCCCTTGCGCCAGGACCTGCCAGAGCCTGCACATCAATGAAATGTGTCAGGAGCGATGCGTGGATGGCTGCAGCTGCCCTGAGGGACAGCTCCTGGATGAAGGCCTCTGCGTGGAGAGCACCGAGTGTCCCTGCGTGCATTCCGGAAAGCGCTACCCTCCCGGCACCTCCCTCTCTCGAGACTGCAACACATGCATTTGCCGAAACAGCCAGTGGATCTGCAGCAATGAAGAATGTCCAGGGGAGTGCCTTGTCACAGGTCAATCACACTTCAAGAGCTTTGACAACAGATACTTCACCTTCAGTGGGATCTGCCAGTACCTGCTGGCCCGGGATTGCCAGGACCACTCCTTCTCCATTGTCATTGAGACTGTCCAGTGTGCTGATGACCGCGACGCTGTGTGCACCCGCTCCGTCACCGTCCGGCTGCCTGGCCTGCACAACAGCCTTGTGAAACTGAAGCATGGGGCAGGAGTTAGAGACCGTAGCCAGGCTGCCACTTGCTAACCC
VWF1_block11_s1	CCGCGTGATTACGAGTCGGGCTACGGTCTCTACGACACCTGCCTAGTGGCATGATTCCTGCCAGATTTGCCGGGGTGCTGCTTGCTCTGGCCCTCATTTTGCCAGGGACCCTTTGTGCAGAAGGAACTCGCGGCAGGTCATCCACGGCCCGATGCAGCCTTTTCGGAAGTGACTTCGTCAACACCTTTGATGGGAGCATGTACAGCTTTGCGGGATACTGCAGTTACCTCCTGGCAGGGGGCTGCCAGAAACGCTCCTTCTCGATTATTGGGGACTTCCAGAATGGCAAGAGAGTGAGCCTCTCCGTGTATCTTGGGGAATTTTTTGACATCCATTTGTTTGTCAATGGTACCGTGACACAGGGGGACCAAAGAGTCTCCATGCCCTATGCCTCCAAAGGGCTGTATCTAGAAACTGAGGCTGGGTACTACAAGCTGTCCGGTGAGGCCTATGGCTTTGTGGCCAGGATCGATGGCAGCGGCAACTTTCAAGTCCTGCTGTCAGACAGATACTTCAACAAGACCTGCGGGCTGTGTGGCAACTTTAACATCTTTGCTGAAGATGACTTTATGACCCAAGAAGGGACCTTGACCTCGGACCCTTATGACTTTGCCAACTCATGGGCTCTGAGCAGTGGAGAACAGTGGTGTGAACGGGCATCTCCTCCCAGCAGCTCATGCAACATCTCCTCTGGGGAAATGCAGAAGGGCCTGTGGGAGCAGTGCCAGCTTCTGAAGAGCACCTCGGTGTTTGCCCGCTGCCACCCTCTGGTGGACCCCGAGCCTTTTGTGGCCCTGTGTGAGAAGACTTTGTGTGAGTGTGCTGGGGGGCTGGAGTGCGCCTGCCCTGCCCTCCTGGAGTACGCCCGGACCTGTGCCCAGGAGGGAATGGTGCTGTACGGCTGGACCGACCACAGCGCGTGCAGCCCAGTGTGCCCTGCTGGTATGGAGTATAGGCAGTGTGTGTCCCCTTGCGCCAGGACCTGCCAGAGCCTGCACATCAATGAAATGTGTCAGGAGCGATGCGTGGATGGCTGCAGCTGCCCTGAGGGACAGCTCCTGGATGAAGGCCTCTGCGTGGAGAGCACCGAGTGTCCCTGCGTGCATTCCGGAAAGCGCTACCCTCCCGGCACCTCCCTCTCTCGAGACTGCAACACATGCATTTGCCGAAACAGCCAGTGGATCTGCAGCAATGAAGAATGTCCAGGGGAGTGCCTTGTCACAGGTCAATCACACTTCAAGAGCTTTGACAACAGATACTTCACCTTCAGTGGGATCTGCCAGTACCTGCTGGCCCGGGATTGCCAGGACCACTCCTTCTCCATTGTCATTGAGACTGTCCAGTGTGCTGATGACCGCGACGCTGTGTGCACCCGCTCCGTCACCGTCCGGCTGCCTGGCCTGCACAACAGCCTTGTGAAACTGAAGCATGGGGCAGGAGTTGCCATGGATGGCCAGGACGTCCAGCTCCCCCTCCTGAAAGGTGACCTCCGCATCCAGCATACAGTGACGGCCTCCGTGCGCCTCAGCTACGGGGAGGACCTGCAGATGGACTGGGATGGCCGCGGGAGGCTGCTGGTGAAGCTGTCCCCCGTCTAAGAGACCGTAGCCAGGCTGCCACTTGCTAACCC
