FRED1_block2_s1	ACGCCGCCACGTGTTCGTTAACTGTTGATTGGTGGCACATAAGTAATACCATGGTCCCTGAAATTCGGCTCAGTTACTTCGAGCGTAATGTCTCAAATCCGCGTGATTACGAGTCGGGCTACGGTCTCTACGACACCTGCCTAGTGGCATGCAAATAGAGCTCTCTACCTGCTTCTTTCTGTGCCTTTTGCGATTCTGCTTTAGTGCCACCAGAAGATACTACCTGGGTGCAGTGGAACTGTCATGGGACTATATGCAAAGTGATCTAGAGACCGTAGCCAGGCTGCCACTTGCTAACCC
FRED1_block3_s1	CCGCGTGATTACGAGTCGGGCTACGGTCTCTACGACACCTGCCTAGTGGCATGCAAATAGAGCTCTCTACCTGCTTCTTTCTGTGCCTTTTGCGATTCTGCTTTAGTGCCACCAGAAGATACTACCTGGGTGCAGTGGAACTGTCATGGGACTATATGCAAAGTGATCTCGGTGAGCTGCCTGTGGACGCAAGATTTCCTCCTAGAGTGCCAAAATCTTTTCCATTCAACACCTCAGTCGTGTACAAAAAGACTCTGTTTGTAGAATTCACGGATCACCTTTTCAACATCGCTAAGCCAAGGCCACCCTGGATGGGTCTGCTAGGAGAGACCGTAGCCAGGCTGCCACTTGCTAACCC
FRED1_block4_s1	CCGCGTGATTACGAGTCGGGCTACGGTCTCTACGACACCTGCCTAGTGGCATGCAAATAGAGCTCTCTACCTGCTTCTTTCTGTGCCTTTTGCGATTCTGCTTTAGTGCCACCAGAAGATACTACCTGGGTGCAGTGGAACTGTCATGGGACTATATGCAAAGTGATCTCGGTGAGCTGCCTGTGGACGCAAGATTTCCTCCTAGAGTGCCAAAATCTTTTCCATTCAACACCTCAGTCGTGTACAAAAAGACTCTGTTTGTAGAATTCACGGATCACCTTTTCAACATCGCTAAGCCAAGGCCACCCTGGATGGGTCTGCTAGGTCCTACCATCCAGGCTGAGGTTTATGATACAGTGGTCATTACACTTAAGAACATGGCTTCCCATCCTGTCAGTCTTCATGCTGTTGGTGTATCCTACTGGAAAGCTTCTGAGGGAGCTGAATATGATGATCAGACCAGTCAAAGGGAGAAAGAAAGAGACCGTAGCCAGGCTGCCACTTGCTAACCC
FRED1_block5_s1	CCGCGTGATTACGAGTCGGGCTACGGTCTCTACGACACCTGCCTAGTGGCATGCAAATAGAGCTCTCTACCTGCTTCTTTCTGTGCCTTTTGCGATTCTGCTTTAGTGCCACCAGAAGATACTACCTGGGTGCAGTGGAACTGTCATGGGACTATATGCAAAGTGATCTCGGTGAGCTGCCTGTGGACGCAAGATTTCCTCCTAGAGTGCCAAAATCTTTTCCATTCAACACCTCAGTCGTGTACAAAAAGACTCTGTTTGTAGAATTCACGGATCACCTTTTCAACATCGCTAAGCCAAGGCCACCCTGGATGGGTCTGCTAGGTCCTACCATCCAGGCTGAGGTTTATGATACAGTGGTCATTACACTTAAGAACATGGCTTCCCATCCTGTCAGTCTTCATGCTGTTGGTGTATCCTACTGGAAAGCTTCTGAGGGAGCTGAATATGATGATCAGACCAGTCAAAGGGAGAAAGAAGATGATAAAGTCTTCCCTGGTGGAAGCCATACATATGTCTGGCAGGTCCTGAAAGAGAATGGTCCAATGGCCTCTGACCCACTGTGCCTTACCTACTCATATCTTTCTCATGTGGACCTGGTAAAAGACTTGAATTCAGGCCTCATTGGAGCCCTACTAGTATGTAGAGACCGTAGCCAGGCTGCCACTTGCTAACCC
FRED1_block5_s2	CCGCGTGATTACGAGTCGGGCTACGGTCTCTAATGGTTATGTAAACAGATCTCTGCCAGGTCTGATTGGATGCCACAGGAAATCAGTCTATTGGCATGTGATTGGAATGGGCACCACTCCTGAAGTGCACTCAATATTCCTCGAAGGTCACACATTTCTTGTGAGGAACCATCGCCAGGCGTCCTTGGAAATCTCGCCAATAACTTTCCTTACTGCTCAAACACTCTTGATGGACCTTGGACAGTTTCTACTGTTTTGTCATATCTCTTCCCACCAACATGATGGCATGGAAGCTTATGTCAAAGTAGACAGCTGTCCAGAGGAACCCCAACTACGAATGAAAAATAATGAAGAAGCGGAAGACTATGATGATGATCTTACTGATTCTGAAATGGATGTGGTCAGGTTTGATGATGACAACTCTCCTTCCTTTATCCAAATTCGCTCAGTTGCCAAGAAGCATCCTAAAACTTGGGTACATTACATTGCTGCTGAAGAGGAGGACTGGGACTATGCTCCCTTAGTCCTCGCCCCCGATGACAGAAGTTATAAAAGTCAATATTTGAACAATGGCCCTCAGCGGATTGGTAGGAAGTACAAAAAAGTCCGATTTATGGCATACACAGATGAAACCTTTAAGACTCGTGAAGCTATTCAGCATGAATCAGGAATCTTGGGACCTTTACTTTATGGGGAAGTTGGAGACACACTGTTGATTATATTTAAGAATCAAGCAAGCAGACCATATAACATCTACCCTCACGGAATCACTGATGTCCGTCCTTTGTATTCAAGGAGATTACCAAAAGGTGTAAAACATTTGAAGGATTTTCCAATTCTGCCAGGAGAAATATTCAAATATAAATGGACAGTGACTGTAGAAGATGGGCCAACTAAATCAGATCCTCGGTGCCTGACCCGCTATTACTCTTAGGCTAGGCAGGTGTTTCAGAGACCGTAGCCAGGCTGCCACTTGCTAACCC
FRED1_block6_s1	CCGCGTGATTACGAGTCGGGCTACGGTCTCTACGACACCTGCCTAGTGGCATGCAAATAGAGCTCTCTACCTGCTTCTTTCTGTGCCTTTTGCGATTCTGCTTTAGTGCCACCAGAAGATACTACCTGGGTGCAGTGGAACTGTCATGGGACTATATGCAAAGTGATCTCGGTGAGCTGCCTGTGGACGCAAGATTTCCTCCTAGAGTGCCAAAATCTTTTCCATTCAACACCTCAGTCGTGTACAAAAAGACTCTGTTTGTAGAATTCACGGATCACCTTTTCAACATCGCTAAGCCAAGGCCACCCTGGATGGGTCTGCTAGGTCCTACCATCCAGGCTGAGGTTTATGATACAGTGGTCATTACACTTAAGAACATGGCTTCCCATCCTGTCAGTCTTCATGCTGTTGGTGTATCCTACTGGAAAGCTTCTGAGGGAGCTGAATATGATGATCAGACCAGTCAAAGGGAGAAAGAAGATGATAAAGTCTTCCCTGGTGGAAGCCATACATATGTCTGGCAGGTCCTGAAAGAGAATGGTCCAATGGCCTCTGACCCACTGTGCCTTACCTACTCATATCTTTCTCATGTGGACCTGGTAAAAGACTTGAATTCAGGCCTCATTGGAGCCCTACTAGTATGTAGAGAAGGGAGTCTGGCCAAGGAAAAGACACAGACCTTGCACAAATTTATACTACTTTTTGCTGTATTTGATGAAGGGAAAAGTTGGCACTCAGAAACAAAGAACTCCTTGATGCAGGATAGGGATGCTGCATCTGCTCGGGCCTGGCCTAAAATAGAGACCGTAGCCAGGCTGCCACTTGCTAACCC
FRED1_block6_s2	CCGCGTGATTACGAGTCGGGCTACGGTCTCTTGGAAATCTCGCCAATAACTTTCCTTACTGCTCAAACACTCTTGATGGACCTTGGACAGTTTCTACTGTTTTGTCATATCTCTTCCCACCAACATGATGGCATGGAAGCTTATGTCAAAGTAGACAGCTGTCCAGAGGAACCCCAACTACGAATGAAAAATAATGAAGAAGCGGAAGACTATGATGATGATCTTACTGATTCTGAAATGGATGTGGTCAGGTTTGATGATGACAACTCTCCTTCCTTTATCCAAATTCGCTCAGTTGCCAAGAAGCATCCTAAAACTTGGGTACATTACATTGCTGCTGAAGAGGAGGACTGGGACTATGCTCCCTTAGTCCTCGCCCCCGATGACAGAAGTTATAAAAGTCAATATTTGAACAATGGCCCTCAGCGGATTGGTAGGAAGTACAAAAAAGTCCGATTTATGGCATACACAGATGAAACCTTTAAGACTCGTGAAGCTATTCAGCATGAATCAGGAATCTTGGGACCTTTACTTTATGGGGAAGTTGGAGACACACTGTTGATTATATTTAAGAATCAAGCAAGCAGACCATATAACATCTACCCTCACGGAATCACTGATGTCCGTCCTTTGTATTCAAGGAGATTACCAAAAGGTGTAAAACATTTGAAGGATTTTCCAATTCTGCCAGGAGAAATATTCAAATATAAATGGACAGTGACTGTAGAAGATGGGCCAACTAAATCAGATCCTCGGTGCCTGACCCGCTATTACTCTTAGGCTAGGCAGGTGTTTCAGAGACCGTAGCCAGGCTGCCACTTGCTAACCC
FRED1_block7_s1	CCGCGTGATTACGAGTCGGGCTACGGTCTCTACGACACCTGCCTAGTGGCATGCAAATAGAGCTCTCTACCTGCTTCTTTCTGTGCCTTTTGCGATTCTGCTTTAGTGCCACCAGAAGATACTACCTGGGTGCAGTGGAACTGTCATGGGACTATATGCAAAGTGATCTCGGTGAGCTGCCTGTGGACGCAAGATTTCCTCCTAGAGTGCCAAAATCTTTTCCATTCAACACCTCAGTCGTGTACAAAAAGACTCTGTTTGTAGAATTCACGGATCACCTTTTCAACATCGCTAAGCCAAGGCCACCCTGGATGGGTCTGCTAGGTCCTACCATCCAGGCTGAGGTTTATGATACAGTGGTCATTACACTTAAGAACATGGCTTCCCATCCTGTCAGTCTTCATGCTGTTGGTGTATCCTACTGGAAAGCTTCTGAGGGAGCTGAATATGATGATCAGACCAGTCAAAGGGAGAAAGAAGATGATAAAGTCTTCCCTGGTGGAAGCCATACATATGTCTGGCAGGTCCTGAAAGAGAATGGTCCAATGGCCTCTGACCCACTGTGCCTTACCTACTCATATCTTTCTCATGTGGACCTGGTAAAAGACTTGAATTCAGGCCTCATTGGAGCCCTACTAGTATGTAGAGAAGGGAGTCTGGCCAAGGAAAAGACACAGACCTTGCACAAATTTATACTACTTTTTGCTGTATTTGATGAAGGGAAAAGTTGGCACTCAGAAACAAAGAACTCCTTGATGCAGGATAGGGATGCTGCATCTGCTCGGGCCTGGCCTAAAATGCACACAGTCAATGGTTATGTAAACAGATCTCTGCCAGGTCTGATTGGATGCCACAGGAAATCAGTCTATTGGCATGTGATTGGAATGGGCACCACTCCTGAAGTGCACTCAATATTCCTCGAAGGTCACACATTTCTTGTGAGGAACCATCGAGAGACCGTAGCCAGGCTGCCACTTGCTAACCC
FRED1_block7_s2	CCGCGTGATTACGAGTCGGGCTACGGTCTCTAAATAATGAAGAAGCGGAAGACTATGATGATGATCTTACTGATTCTGAAATGGATGTGGTCAGGTTTGATGATGACAACTCTCCTTCCTTTATCCAAATTCGCTCAGTTGCCAAGAAGCATCCTAAAACTTGGGTACATTACATTGCTGCTGAAGAGGAGGACTGGGACTATGCTCCCTTAGTCCTCGCCCCCGATGACAGAAGTTATAAAAGTCAATATTTGAACAATGGCCCTCAGCGGATTGGTAGGAAGTACAAAAAAGTCCGATTTATGGCATACACAGATGAAACCTTTAAGACTCGTGAAGCTATTCAGCATGAATCAGGAATCTTGGGACCTTTACTTTATGGGGAAGTTGGAGACACACTGTTGATTATATTTAAGAATCAAGCAAGCAGACCATATAACATCTACCCTCACGGAATCACTGATGTCCGTCCTTTGTATTCAAGGAGATTACCAAAAGGTGTAAAACATTTGAAGGATTTTCCAATTCTGCCAGGAGAAATATTCAAATATAAATGGACAGTGACTGTAGAAGATGGGCCAACTAAATCAGATCCTCGGTGCCTGACCCGCTATTACTCTTAGGCTAGGCAGGTGTTTCAGAGACCGTAGCCAGGCTGCCACTTGCTAACCC
FRED1_block8_s2	CCGCGTGATTACGAGTCGGGCTACGGTCTCTCTGAAGAGGAGGACTGGGACTATGCTCCCTTAGTCCTCGCCCCCGATGACAGAAGTTATAAAAGTCAATATTTGAACAATGGCCCTCAGCGGATTGGTAGGAAGTACAAAAAAGTCCGATTTATGGCATACACAGATGAAACCTTTAAGACTCGTGAAGCTATTCAGCATGAATCAGGAATCTTGGGACCTTTACTTTATGGGGAAGTTGGAGACACACTGTTGATTATATTTAAGAATCAAGCAAGCAGACCATATAACATCTACCCTCACGGAATCACTGATGTCCGTCCTTTGTATTCAAGGAGATTACCAAAAGGTGTAAAACATTTGAAGGATTTTCCAATTCTGCCAGGAGAAATATTCAAATATAAATGGACAGTGACTGTAGAAGATGGGCCAACTAAATCAGATCCTCGGTGCCTGACCCGCTATTACTCTTAGGCTAGGCAGGTGTTTCAGAGACCGTAGCCAGGCTGCCACTTGCTAACCC
FRED1_block9_s2	CCGCGTGATTACGAGTCGGGCTACGGTCTCTTCAGCATGAATCAGGAATCTTGGGACCTTTACTTTATGGGGAAGTTGGAGACACACTGTTGATTATATTTAAGAATCAAGCAAGCAGACCATATAACATCTACCCTCACGGAATCACTGATGTCCGTCCTTTGTATTCAAGGAGATTACCAAAAGGTGTAAAACATTTGAAGGATTTTCCAATTCTGCCAGGAGAAATATTCAAATATAAATGGACAGTGACTGTAGAAGATGGGCCAACTAAATCAGATCCTCGGTGCCTGACCCGCTATTACTCTTAGGCTAGGCAGGTGTTTCAGAGACCGTAGCCAGGCTGCCACTTGCTAACCC
FRED1_block10_s2	ACGCCGCCACGTGTTCGTTAACTGTTGATTGGTGGCACATAAGTAATACCATGGTCCCTGAAATTCGGCTCAGTTACTTCGAGCGTAATGTCCCGCGTGATTACGAGTCGGGCTACGGTCTCTAAGGTGTAAAACATTTGAAGGATTTTCCAATTCTGCCAGGAGAAATATTCAAATATAAATGGACAGTGACTGTAGAAGATGGGCCAACTAAATCAGATCCTCGGTGCCTGACCCGCTATTACTCTTAGGCTAGGCAGGTGTTTCAGAGACCGTAGCCAGGCTGCCACTTGCTAACCC
VWF1_block2_s1	ACGCCGCCACGTGTTCGTTAACTGTTGATTGGTGGCACATAAGTAATACCATGGTCCCTGAAATTCGGCTCAGTTACTTCGAGCGTAATGTCTCAAACCGCGTGATTACGAGTCGGGCTACGGTCTCTACGACACCTGCCTAGTGGCATGATTCCTGCCAGATTTGCCGGGGTGCTGCTTGCTCTGGCCCTCATTTTGCCAGGGACCCTTTGTGCAGAAGGAACTCGCGGCAGGTCATCCACGGCCCGATGCAGCCTTTTCGGAAGTAGAGACCGTAGCCAGGCTGCCACTTGCTAACCC
VWF1_block3_s1	CCGCGTGATTACGAGTCGGGCTACGGTCTCTACGACACCTGCCTAGTGGCATGATTCCTGCCAGATTTGCCGGGGTGCTGCTTGCTCTGGCCCTCATTTTGCCAGGGACCCTTTGTGCAGAAGGAACTCGCGGCAGGTCATCCACGGCCCGATGCAGCCTTTTCGGAAGTGACTTCGTCAACACCTTTGATGGGAGCATGTACAGCTTTGCGGGATACTGCAGTTACCTCCTGGCAGGGGGCTGCCAGAAACGCTCCTTCTCGATTATTGGGGACTTCCAGAATGGCAAGAGAGTGAGCCTCTCCGTGTATCTTGGGGAATTTTTTGACATCCAAGAGACCGTAGCCAGGCTGCCACTTGCTAACCC
VWF1_block4_s1	CCGCGTGATTACGAGTCGGGCTACGGTCTCTACGACACCTGCCTAGTGGCATGATTCCTGCCAGATTTGCCGGGGTGCTGCTTGCTCTGGCCCTCATTTTGCCAGGGACCCTTTGTGCAGAAGGAACTCGCGGCAGGTCATCCACGGCCCGATGCAGCCTTTTCGGAAGTGACTTCGTCAACACCTTTGATGGGAGCATGTACAGCTTTGCGGGATACTGCAGTTACCTCCTGGCAGGGGGCTGCCAGAAACGCTCCTTCTCGATTATTGGGGACTTCCAGAATGGCAAGAGAGTGAGCCTCTCCGTGTATCTTGGGGAATTTTTTGACATCCATTTGTTTGTCAATGGTACCGTGACACAGGGGGACCAAAGAGTCTCCATGCCCTATGCCTCCAAAGGGCTGTATCTAGAAACTGAGGCTGGGTACTACAAGCTGTCCGGTGAGGCCTATGGCTTTGTGGCCAGGATCGATGGCAGCGGCAACTTAGAGACCGTAGCCAGGCTGCCACTTGCTAACCC
VWF1_block5_s1	CCGCGTGATTACGAGTCGGGCTACGGTCTCTACGACACCTGCCTAGTGGCATGATTCCTGCCAGATTTGCCGGGGTGCTGCTTGCTCTGGCCCTCATTTTGCCAGGGACCCTTTGTGCAGAAGGAACTCGCGGCAGGTCATCCACGGCCCGATGCAGCCTTTTCGGAAGTGACTTCGTCAACACCTTTGATGGGAGCATGTACAGCTTTGCGGGATACTGCAGTTACCTCCTGGCAGGGGGCTGCCAGAAACGCTCCTTCTCGATTATTGGGGACTTCCAGAATGGCAAGAGAGTGAGCCTCTCCGTGTATCTTGGGGAATTTTTTGACATCCATTTGTTTGTCAATGGTACCGTGACACAGGGGGACCAAAGAGTCTCCATGCCCTATGCCTCCAAAGGGCTGTATCTAGAAACTGAGGCTGGGTACTACAAGCTGTCCGGTGAGGCCTATGGCTTTGTGGCCAGGATCGATGGCAGCGGCAACTTTCAAGTCCTGCTGTCAGACAGATACTTCAACAAGACCTGCGGGCTGTGTGGCAACTTTAACATCTTTGCTGAAGATGACTTTATGACCCAAGAAGGGACCTTGACCTCGGACCCTTATGACTTTGCCAACTCATGGGCTCTGAGCAGTGGAGAACAGTAGAGACCGTAGCCAGGCTGCCACTTGCTAACCC
VWF1_block5_s2	CCGCGTGATTACGAGTCGGGCTACGGTCTCTCTGGGGGGCTGGAGTGCGCCTGCCCTGCCCTCCTGGAGTACGCCCGGACCTGTGCCCAGGAGGGAATGGTGCTGTACGGCTGGACCGACCACAGCGCGTGCAGCCCAGTGTGCCCTGCTGGTATGGAGTATAGGCAGTGTGTGTCCCCTTGCGCCAGGACCTGCCAGAGCCTGCACATCAATGAAATGTGTCAGGAGCGATGCGTGGATGGCTGCAGCTGCCCTGAGGGACAGCTCCTGGATGAAGGCCTCTGCGTGGAGAGCACCGAGTGTCCCTGCGTGCATTCCGGAAAGCGCTACCCTCCCGGCACCTCCCTCTCTCGAGACTGCAACACATGCATTTGCCGAAACAGCCAGTGGATCTGCAGCAATGAAGAATGTCCAGGGGAGTGCCTTGTCACAGGTCAATCACACTTCAAGAGCTTTGACAACAGATACTTCACCTTCAGTGGGATCTGCCAGTACCTGCTGGCCCGGGATTGCCAGGACCACTCCTTCTCCATTGTCATTGAGACTGTCCAGTGTGCTGATGACCGCGACGCTGTGTGCACCCGCTCCGTCACCGTCCGGCTGCCTGGCCTGCACAACAGCCTTGTGAAACTGAAGCATGGGGCAGGAGTTGCCATGGATGGCCAGGACGTCCAGCTCCCCCTCCTGAAAGGTGACCTCCGCATCCAGCATACAGTGACGGCCTCCGTGCGCCTCAGCTACGGGGAGGACCTGCAGATGGACTGGGATGGCCGCGGGAGGCTGCTGGTGAAGCTGTCCCCCGTCTATGCCGGGAAGACCTGCGGCCTGTGTGGGAATTACAATGGCAACCAGGGCGACGACTTCCTTACCCCCTCTGGGCTGGCGGAGCCCCGGGTGGAGGACTTCGGGAACGCCTGGAAGCTGCACGGGGACTGCCAGGACCTGTAGGCTAGGCAGGTGTTTCAGAGACCGTAGCCAGGCTGCCACTTGCTAACCC
VWF1_block6_s1	CCGCGTGATTACGAGTCGGGCTACGGTCTCTACGACACCTGCCTAGTGGCATGATTCCTGCCAGATTTGCCGGGGTGCTGCTTGCTCTGGCCCTCATTTTGCCAGGGACCCTTTGTGCAGAAGGAACTCGCGGCAGGTCATCCACGGCCCGATGCAGCCTTTTCGGAAGTGACTTCGTCAACACCTTTGATGGGAGCATGTACAGCTTTGCGGGATACTGCAGTTACCTCCTGGCAGGGGGCTGCCAGAAACGCTCCTTCTCGATTATTGGGGACTTCCAGAATGGCAAGAGAGTGAGCCTCTCCGTGTATCTTGGGGAATTTTTTGACATCCATTTGTTTGTCAATGGTACCGTGACACAGGGGGACCAAAGAGTCTCCATGCCCTATGCCTCCAAAGGGCTGTATCTAGAAACTGAGGCTGGGTACTACAAGCTGTCCGGTGAGGCCTATGGCTTTGTGGCCAGGATCGATGGCAGCGGCAACTTTCAAGTCCTGCTGTCAGACAGATACTTCAACAAGACCTGCGGGCTGTGTGGCAACTTTAACATCTTTGCTGAAGATGACTTTATGACCCAAGAAGGGACCTTGACCTCGGACCCTTATGACTTTGCCAACTCATGGGCTCTGAGCAGTGGAGAACAGTGGTGTGAACGGGCATCTCCTCCCAGCAGCTCATGCAACATCTCCTCTGGGGAAATGCAGAAGGGCCTGTGGGAGCAGTGCCAGCTTCTGAAGAGCACCTCGGTGTTTGCCCGCTGCCACCCTCTGGTGGACCCCGAGCCTTTTGTGGCCCTGTGTGAGAAAGAGACCGTAGCCAGGCTGCCACTTGCTAACCC
VWF1_block6_s2	CCGCGTGATTACGAGTCGGGCTACGGTCTCTCAGGACCTGCCAGAGCCTGCACATCAATGAAATGTGTCAGGAGCGATGCGTGGATGGCTGCAGCTGCCCTGAGGGACAGCTCCTGGATGAAGGCCTCTGCGTGGAGAGCACCGAGTGTCCCTGCGTGCATTCCGGAAAGCGCTACCCTCCCGGCACCTCCCTCTCTCGAGACTGCAACACATGCATTTGCCGAAACAGCCAGTGGATCTGCAGCAATGAAGAATGTCCAGGGGAGTGCCTTGTCACAGGTCAATCACACTTCAAGAGCTTTGACAACAGATACTTCACCTTCAGTGGGATCTGCCAGTACCTGCTGGCCCGGGATTGCCAGGACCACTCCTTCTCCATTGTCATTGAGACTGTCCAGTGTGCTGATGACCGCGACGCTGTGTGCACCCGCTCCGTCACCGTCCGGCTGCCTGGCCTGCACAACAGCCTTGTGAAACTGAAGCATGGGGCAGGAGTTGCCATGGATGGCCAGGACGTCCAGCTCCCCCTCCTGAAAGGTGACCTCCGCATCCAGCATACAGTGACGGCCTCCGTGCGCCTCAGCTACGGGGAGGACCTGCAGATGGACTGGGATGGCCGCGGGAGGCTGCTGGTGAAGCTGTCCCCCGTCTATGCCGGGAAGACCTGCGGCCTGTGTGGGAATTACAATGGCAACCAGGGCGACGACTTCCTTACCCCCTCTGGGCTGGCGGAGCCCCGGGTGGAGGACTTCGGGAACGCCTGGAAGCTGCACGGGGACTGCCAGGACCTGTAGGCTAGGCAGGTGTTTCAGAGACCGTAGCCAGGCTGCCACTTGCTAACCC
VWF1_block7_s2	CCGCGTGATTACGAGTCGGGCTACGGTCTCTTCCCTCTCTCGAGACTGCAACACATGCATTTGCCGAAACAGCCAGTGGATCTGCAGCAATGAAGAATGTCCAGGGGAGTGCCTTGTCACAGGTCAATCACACTTCAAGAGCTTTGACAACAGATACTTCACCTTCAGTGGGATCTGCCAGTACCTGCTGGCCCGGGATTGCCAGGACCACTCCTTCTCCATTGTCATTGAGACTGTCCAGTGTGCTGATGACCGCGACGCTGTGTGCACCCGCTCCGTCACCGTCCGGCTGCCTGGCCTGCACAACAGCCTTGTGAAACTGAAGCATGGGGCAGGAGTTGCCATGGATGGCCAGGACGTCCAGCTCCCCCTCCTGAAAGGTGACCTCCGCATCCAGCATACAGTGACGGCCTCCGTGCGCCTCAGCTACGGGGAGGACCTGCAGATGGACTGGGATGGCCGCGGGAGGCTGCTGGTGAAGCTGTCCCCCGTCTATGCCGGGAAGACCTGCGGCCTGTGTGGGAATTACAATGGCAACCAGGGCGACGACTTCCTTACCCCCTCTGGGCTGGCGGAGCCCCGGGTGGAGGACTTCGGGAACGCCTGGAAGCTGCACGGGGACTGCCAGGACCTGTAGGCTAGGCAGGTGTTTCAGAGACCGTAGCCAGGCTGCCACTTGCTAACCC
VWF1_block8_s2	CCGCGTGATTACGAGTCGGGCTACGGTCTCTGGATTGCCAGGACCACTCCTTCTCCATTGTCATTGAGACTGTCCAGTGTGCTGATGACCGCGACGCTGTGTGCACCCGCTCCGTCACCGTCCGGCTGCCTGGCCTGCACAACAGCCTTGTGAAACTGAAGCATGGGGCAGGAGTTGCCATGGATGGCCAGGACGTCCAGCTCCCCCTCCTGAAAGGTGACCTCCGCATCCAGCATACAGTGACGGCCTCCGTGCGCCTCAGCTACGGGGAGGACCTGCAGATGGACTGGGATGGCCGCGGGAGGCTGCTGGTGAAGCTGTCCCCCGTCTATGCCGGGAAGACCTGCGGCCTGTGTGGGAATTACAATGGCAACCAGGGCGACGACTTCCTTACCCCCTCTGGGCTGGCGGAGCCCCGGGTGGAGGACTTCGGGAACGCCTGGAAGCTGCACGGGGACTGCCAGGACCTGTAGGCTAGGCAGGTGTTTCAGAGACCGTAGCCAGGCTGCCACTTGCTAACCC
VWF1_block9_s2	CCGCGTGATTACGAGTCGGGCTACGGTCTCTGGATGGCCAGGACGTCCAGCTCCCCCTCCTGAAAGGTGACCTCCGCATCCAGCATACAGTGACGGCCTCCGTGCGCCTCAGCTACGGGGAGGACCTGCAGATGGACTGGGATGGCCGCGGGAGGCTGCTGGTGAAGCTGTCCCCCGTCTATGCCGGGAAGACCTGCGGCCTGTGTGGGAATTACAATGGCAACCAGGGCGACGACTTCCTTACCCCCTCTGGGCTGGCGGAGCCCCGGGTGGAGGACTTCGGGAACGCCTGGAAGCTGCACGGGGACTGCCAGGACCTGTAGGCTAGGCAGGTGTTTCAGAGACCGTAGCCAGGCTGCCACTTGCTAACCC
VWF1_block10_s2	ACGCCGCCACGTGTTCGTTAACTGTTGATTGGTGGCACATAAGTAATACCATGGTCCCTGAAATTCGGCTCAGTTACTTCGAGCGTAATCCGCGTGATTACGAGTCGGGCTACGGTCTCTCCTGCGGCCTGTGTGGGAATTACAATGGCAACCAGGGCGACGACTTCCTTACCCCCTCTGGGCTGGCGGAGCCCCGGGTGGAGGACTTCGGGAACGCCTGGAAGCTGCACGGGGACTGCCAGGACCTGTAGGCTAGGCAGGTGTTTCAGAGACCGTAGCCAGGCTGCCACTTGCTAACCC
