FRED1_gene_ampF	GGCTACGGTCTCTACGACACCTGCCTAGATGCAAATAGAGCTCTCTACCTGCTTC	25nm	STD
FRED1_gene_ampR	GGCTACGGTCTCTGAAACACCTGCCTAGAGAGTAATAGCGGGTCAGGCAC	25nm	STD
FRED1_block1_s1_ampF	GGCTACGGTCTCTTGGACGCAAGATTTCCTCCTAGAG	25nm	STD
FRED1_block2_s1_ampR	GGCTACGGTCTCTAGATCACTTTGCATATAGTCCCATGACAG	25nm	STD
FRED1_block2_s2_ampF	GGCTACGGTCTCTCTGAGGTTTATGATACAGTGGTCATTACAC	25nm	STD
FRED1_block3_s1_ampR	GGCTACGGTCTCTCCTAGCAGACCCATCCAGGG	25nm	STD
FRED1_block3_s2_ampF	GGCTACGGTCTCTTGGAAGCCATACATATGTCTGGCAG	25nm	STD
FRED1_block4_s1_ampR	GGCTACGGTCTCTTTCTTTCTCCCTTTGACTGGTCTGATC	25nm	STD
FRED1_block4_s2_ampF	GGCTACGGTCTCTTCTGGCCAAGGAAAAGACACAGAC	25nm	STD
FRED1_block5_s1_ampR	GGCTACGGTCTCTACATACTAGTAGGGCTCCAATGAGG	25nm	STD
FRED1_block5_s2_ampF	GGCTACGGTCTCTAATGGTTATGTAAACAGATCTCTGCCAG	25nm	STD
FRED1_block6_s1_ampR	GGCTACGGTCTCTATTTTAGGCCAGGCCCGAGC	25nm	STD
FRED1_block6_s2_ampF	GGCTACGGTCTCTTGGAAATCTCGCCAATAACTTTCCTTAC	25nm	STD
FRED1_block7_s1_ampR	GGCTACGGTCTCTCGATGGTTCCTCACAAGAAATGTGTG	25nm	STD
FRED1_block7_s2_ampF	GGCTACGGTCTCTAAATAATGAAGAAGCGGAAGACTATGATGA	25nm	STD
FRED1_block8_s1_ampR	GGCTACGGTCTCTAGTTGGGGTTCCTCTGGACAG	25nm	STD
FRED1_block8_s2_ampF	GGCTACGGTCTCTCTGAAGAGGAGGACTGGGACTATG	25nm	STD
FRED1_block9_s1_ampR	GGCTACGGTCTCTAATGTACCCAAGTTTTAGGATGCTTCTTG	25nm	STD
FRED1_block9_s2_ampF	GGCTACGGTCTCTTCAGCATGAATCAGGAATCTTGGGAC	25nm	STD
FRED1_block10_s1_ampR	GGCTACGGTCTCTAGTCTTAAAGGTTTCATCTGTGTATGCC	25nm	STD
FRED1_block10_s2_ampF	GGCTACGGTCTCTAAGGTGTAAAACATTTGAAGGATTTTCCAA	25nm	STD
FRED1_block11_s1_ampR	GGCTACGGTCTCTATCTCCTTGAATACAAAGGACGGACATC	25nm	STD
VWF1_gene_ampF	GGCTACGGTCTCTACGACACCTGCCTAGATGATTCCTGCCAGATTTGCCG	25nm	STD
VWF1_gene_ampR	GGCTACGGTCTCTGAAACACCTGCCTAGCAGGTCCTGGCAGTCCCC	25nm	STD
VWF1_block1_s1_ampF	GGCTACGGTCTCTCCTTTGATGGGAGCATGTACAGC	25nm	STD
VWF1_block2_s1_ampR	GGCTACGGTCTCTACTTCCGAAAAGGCTGCATCG	25nm	STD
VWF1_block2_s2_ampF	GGCTACGGTCTCTAATGGTACCGTGACACAGGGG	25nm	STD
VWF1_block3_s1_ampR	GGCTACGGTCTCTTGGATGTCAAAAAATTCCCCAAGATACAC	25nm	STD
VWF1_block3_s2_ampF	GGCTACGGTCTCTTCAGACAGATACTTCAACAAGACCTGC	25nm	STD
VWF1_block4_s1_ampR	GGCTACGGTCTCTAAGTTGCCGCTGCCATCG	25nm	STD
VWF1_block4_s2_ampF	GGCTACGGTCTCTATCTCCTCCCAGCAGCTCATG	25nm	STD
VWF1_block5_s1_ampR	GGCTACGGTCTCTACTGTTCTCCACTGCTCAGAGC	25nm	STD
VWF1_block5_s2_ampF	GGCTACGGTCTCTCTGGGGGGCTGGAGTGC	25nm	STD
VWF1_block6_s1_ampR	GGCTACGGTCTCTTTCTCACACAGGGCCACAAAAG	25nm	STD
VWF1_block6_s2_ampF	GGCTACGGTCTCTCAGGACCTGCCAGAGCCTG	25nm	STD
VWF1_block7_s1_ampR	GGCTACGGTCTCTAAGGGGACACACACTGCCTATAC	25nm	STD
VWF1_block7_s2_ampF	GGCTACGGTCTCTTCCCTCTCTCGAGACTGCAAC	25nm	STD
VWF1_block8_s1_ampR	GGCTACGGTCTCTGGGAGGGTAGCGCTTTCCG	25nm	STD
VWF1_block8_s2_ampF	GGCTACGGTCTCTGGATTGCCAGGACCACTCCTTC	25nm	STD
VWF1_block9_s1_ampR	GGCTACGGTCTCTCAGATCCCACTGAAGGTGAAGTATCTG	25nm	STD
VWF1_block9_s2_ampF	GGCTACGGTCTCTGGATGGCCAGGACGTCCAG	25nm	STD
VWF1_block10_s1_ampR	GGCTACGGTCTCTAACTCCTGCCCCATGCTTCAG	25nm	STD
VWF1_block10_s2_ampF	GGCTACGGTCTCTCCTGCGGCCTGTGTGGG	25nm	STD
VWF1_block11_s1_ampR	GGCTACGGTCTCTTAGACGGGGGACAGCTTCAC	25nm	STD
