FRED3_gene_ampF	GGCTACGGTCTCTCTGGCACCTGCCTAGCCATATATAAGAGCAGAAGTTGAAGATAAT	25nm	STD
FRED3_gene_ampR	GGCTACGGTCTCTCATTCACCTGCCTAGGTAGAGGTCCTGTGCCTCGC	25nm	STD
FRED3_block1_s1_ampF	GGCTACGGTCTCTGAAACCAAAACTTACTTTTGGAAAGTGCAA	25nm	STD
FRED3_block2_s1_ampR	GGCTACGGTCTCTAAGTTTTTTCTAGGTTCTGCTCCTTGC	25nm	STD
FRED3_block2_s2_ampF	GGCTACGGTCTCTTGAACCCTGCTCATGGGAGAC	25nm	STD
FRED3_block3_s1_ampR	GGCTACGGTCTCTTAGTGTGGCAGACCAGAAGGG	25nm	STD
FRED3_block3_s2_ampF	GGCTACGGTCTCTTTCCATGCAATCAATGGCTACATAATGG	25nm	STD
FRED3_block4_s1_ampR	GGCTACGGTCTCTATTCTCTTTAAAAGTGGGATCTTCCATCTG	25nm	STD
FRED3_block4_s2_ampF	GGCTACGGTCTCTAGGAGTATAAAATGGCACTGTACAATCTC	25nm	STD
FRED3_block5_s1_ampR	GGCTACGGTCTCTTCGTACAGTGAACACATGTCCACTG	25nm	STD
FRED3_block5_s2_ampF	GGCTACGGTCTCTGGAATGGCTTCTGGACACATTAGAG	25nm	STD
FRED3_block6_s1_ampR	GGCTACGGTCTCTACTTATTGCTGTACACCAGAAAAAGTGTG	25nm	STD
FRED3_block6_s2_ampF	GGCTACGGTCTCTATGATTATTCACGGCATCAAGACCC	25nm	STD
FRED3_block7_s1_ampR	GGCTACGGTCTCTAGATCCACCTTGATCCAAGAAAAGGG	25nm	STD
FRED3_block7_s2_ampF	GGCTACGGTCTCTTCATCTGGGATAAAACACAATATTTTTAAC	25nm	STD
FRED3_block8_s1_ampR	GGCTACGGTCTCTAAGACCATTAAGGTTCCAGTGGAATTTC	25nm	STD
FRED3_block8_s2_ampF	GGCTACGGTCTCTGTAAAGCAATATCAGATGCACAGATTACTG	25nm	STD
FRED3_block9_s1_ampR	GGCTACGGTCTCTTTCCCAATGGCATGCTGCAAC	25nm	STD
FRED3_block9_s2_ampF	GGCTACGGTCTCTAAGACAATGAAAGTCACAGGAGTAACTAC	25nm	STD
FRED3_block10_s1_ampR	GGCTACGGTCTCTGGAAGTCCACTTGCAGCCAC	25nm	STD
FRED3_block10_s2_ampF	GGCTACGGTCTCTTCCTTCACACCTGTGGTGAACTC	25nm	STD
FRED3_block11_s1_ampR	GGCTACGGTCTCTTCTTGATTTCCCTGAAAAACCTTTACTTTG	25nm	STD
