Gene	Block	Forward Primer Well	Forward Primer	Reverse Primer Well	Reverse Primer	Validated
FRED3	1	H8	ACATTAAATTTCGCCGTGGC	G1	TAAGATAGCACCACGGATGG	False
FRED3	2	D7	AGTGTTTTCCATTTTCCGCG	D1	ACGTGAAACTGTATCGAGCC	False
FRED3	3	E9	AAATAAGACGACGACCCTCG	G4	ACTGGACCCAATAAAAGGCC	False
FRED3	4	F6	AGTCCCAAGTTCAGACGTAC	A2	ACAACGAGCAGACCGAATAG	False
FRED3	5	A4	AAAGCACTCTTAGGCCTCTG	A1	GTTGCATCTAAGCCAAGTGC	False
FRED3	6	C9	AGATTTCCGACGAGATTCCC	G9	AAGGAACTATGGCATCGAGC	False
FRED3	7	C6	AGTATTCTTACAGCCAGCCG	A11	AAGAATTACTGACCCCTCGG	False
FRED3	8	D5	AGCTATGATCCCGGTGTAAC	E1	ATTCAAGGGTTGGACGACTC	False
FRED3	9	B5	AAAGGGGCCGTCAATATCAG	G6	CCTTTAACAGGACATGCAGC	False
FRED3	10	B1	CCAGAGCTTAGGGGACATAC	A7	TGCTGAATGAGAAACCTCGG	False
FRED3	11	F4	TTAGCTCAGGTCCAAAGTCC	G2	AAGGCGCTCGGATAATACTC	False
