FRED3_block1_s1	CCGCGTGATTACGAGTCGGGCTACGGTCTCTGAAACCAAAACTTACTTTTGGAAAGTGCAACATCATATGGCACCCACTAAAGATGAGTTTGACTGCAAAGCCTGGGCTTATTTCTCTGATGTTGACCTGGAAAAAGATGTGCACTCAGGCCTGATTGGACCCCTTCTGGTCTGCCACACTAACACACTGAACCCTGCTCATGGGAGACAAGTGACAGTACAGGAATTTGCTCTGTTTTTCACCATCTTTGATGAAACCAAAAGCTGGTACTTCACTGAAAATATGGAAAGAAACTGCAGGGCTCCCTGCAATATCCAGATGGAAGATCCCACTTTTAAAGAGAATTATCGCTTCCATGCAATCAATGGCTACATAATGGATACACTACCTGGCTTAGTAATGGCTCAGGATCAAAGGATTCGATGGTATCTGCTCAGCATGGGCAGCAATGAAAACATCCATTCTATTCATTTCAGTGGACATGTGTTCACTGTACGAAAAAAAGAGGAGTATAAAATGGCACTGTACAATCTCTATCCAGGTGTTTTTGAGACAGTGGAAATGTTACCATCCAAAGCTGGAATTTGGCGGGTGGAATGCCTTATTGGCGAGCATCTACATGCTGGGATGAGCACACTTTTTCTGGTGTACAGCAATAAGTGTCAGACTCCCCTGGGAATGGCTTCTGGACACATTAGAGATTTTCAGATTACAGCTTCAGGACAATATGGACAGTGGGCCCCAAAGCTGGCCAGACTTCATTATTCCGGATCAATCAATGCCTGGAGCACCAAGGAGCCCTTTTCTTGGATCAAGGTGGATCTGTTGGCACCAATGATTATTCACGGCATCAAGACCCAGGGTGCCCGTCAGAAGTTCTCCAGCCTCTACATCTCTCAGTTTATCATCATGTATAGTCTTGATGGGAAGAAGTGGCAGACTTATCGAGGAAATTCCACTGGAACCTTAATGGTCTTCTTTGGCAATGTGGATTCATCTGGGATAAAACACAATATTTTTAACCCTCCAATTATTGCTCGATACATCCGTTTGCACCCAACTCATTATAGCATTCGCAGCACTCTTCGCATGGAGTTGATGGGCTGTGATTTAAATAGTTGCAGCATGCCATTGGGAATGGAGAGTAAAGCAATATCAGATGCACAGATTACTGCTTCATCCTACTTTACCAATATGTTTGCCACCTGGTCACCTTCAAAAGCTCGACTTCACCTCCAAGGGAGGAGTAATGCCTGGAGGCCTCAGGTGAATAATCCAAAAGAGTGGCTGCAAGTGGACTTCCAGAAGACAATGAAAGTCACAGGAGTAACTACTCAGGGAGTAAAATCTCTGCTTACCAGCATGTATGTGAAGGAGTTCCTCATCTCCAGCAGTCAAGATGGCCATCAGTGGACTCTCTTTTTTCAGAATGGCAAAGTAAAGGTTTTTCAGGGAAATCAAGACTCCTTCACACCTGTGGTGAACTCTCTAGACCCACCGTTACTGACTCGCTACCTTCGAATTCACCCCCAGAGTTGGGTGCACCAGATTGCCCTGAGGATGGAGGTTCTGGGCTGCGAGGCACAGGACCTCTACACAGCTAGGCAGGTGAATGAGAGACCGTAGCCAGGCTGCCACTTGCTAACCC
FRED3_block2_s2	CCGCGTGATTACGAGTCGGGCTACGGTCTCTTGAACCCTGCTCATGGGAGACAAGTGACAGTACAGGAATTTGCTCTGTTTTTCACCATCTTTGATGAAACCAAAAGCTGGTACTTCACTGAAAATATGGAAAGAAACTGCAGGGCTCCCTGCAATATCCAGATGGAAGATCCCACTTTTAAAGAGAATTATCGCTTCCATGCAATCAATGGCTACATAATGGATACACTACCTGGCTTAGTAATGGCTCAGGATCAAAGGATTCGATGGTATCTGCTCAGCATGGGCAGCAATGAAAACATCCATTCTATTCATTTCAGTGGACATGTGTTCACTGTACGAAAAAAAGAGGAGTATAAAATGGCACTGTACAATCTCTATCCAGGTGTTTTTGAGACAGTGGAAATGTTACCATCCAAAGCTGGAATTTGGCGGGTGGAATGCCTTATTGGCGAGCATCTACATGCTGGGATGAGCACACTTTTTCTGGTGTACAGCAATAAGTGTCAGACTCCCCTGGGAATGGCTTCTGGACACATTAGAGATTTTCAGATTACAGCTTCAGGACAATATGGACAGTGGGCCCCAAAGCTGGCCAGACTTCATTATTCCGGATCAATCAATGCCTGGAGCACCAAGGAGCCCTTTTCTTGGATCAAGGTGGATCTGTTGGCACCAATGATTATTCACGGCATCAAGACCCAGGGTGCCCGTCAGAAGTTCTCCAGCCTCTACATCTCTCAGTTTATCATCATGTATAGTCTTGATGGGAAGAAGTGGCAGACTTATCGAGGAAATTCCACTGGAACCTTAATGGTCTTCTTTGGCAATGTGGATTCATCTGGGATAAAACACAATATTTTTAACCCTCCAATTATTGCTCGATACATCCGTTTGCACCCAACTCATTATAGCATTCGCAGCACTCTTCGCATGGAGTTGATGGGCTGTGATTTAAATAGTTGCAGCATGCCATTGGGAATGGAGAGTAAAGCAATATCAGATGCACAGATTACTGCTTCATCCTACTTTACCAATATGTTTGCCACCTGGTCACCTTCAAAAGCTCGACTTCACCTCCAAGGGAGGAGTAATGCCTGGAGGCCTCAGGTGAATAATCCAAAAGAGTGGCTGCAAGTGGACTTCCAGAAGACAATGAAAGTCACAGGAGTAACTACTCAGGGAGTAAAATCTCTGCTTACCAGCATGTATGTGAAGGAGTTCCTCATCTCCAGCAGTCAAGATGGCCATCAGTGGACTCTCTTTTTTCAGAATGGCAAAGTAAAGGTTTTTCAGGGAAATCAAGACTCCTTCACACCTGTGGTGAACTCTCTAGACCCACCGTTACTGACTCGCTACCTTCGAATTCACCCCCAGAGTTGGGTGCACCAGATTGCCCTGAGGATGGAGGTTCTGGGCTGCGAGGCACAGGACCTCTACACAGCTAGGCAGGTGAATGAGAGACCGTAGCCAGGCTGCCACTTGCTAACCC
FRED3_block3_s2	CCGCGTGATTACGAGTCGGGCTACGGTCTCTTTCCATGCAATCAATGGCTACATAATGGATACACTACCTGGCTTAGTAATGGCTCAGGATCAAAGGATTCGATGGTATCTGCTCAGCATGGGCAGCAATGAAAACATCCATTCTATTCATTTCAGTGGACATGTGTTCACTGTACGAAAAAAAGAGGAGTATAAAATGGCACTGTACAATCTCTATCCAGGTGTTTTTGAGACAGTGGAAATGTTACCATCCAAAGCTGGAATTTGGCGGGTGGAATGCCTTATTGGCGAGCATCTACATGCTGGGATGAGCACACTTTTTCTGGTGTACAGCAATAAGTGTCAGACTCCCCTGGGAATGGCTTCTGGACACATTAGAGATTTTCAGATTACAGCTTCAGGACAATATGGACAGTGGGCCCCAAAGCTGGCCAGACTTCATTATTCCGGATCAATCAATGCCTGGAGCACCAAGGAGCCCTTTTCTTGGATCAAGGTGGATCTGTTGGCACCAATGATTATTCACGGCATCAAGACCCAGGGTGCCCGTCAGAAGTTCTCCAGCCTCTACATCTCTCAGTTTATCATCATGTATAGTCTTGATGGGAAGAAGTGGCAGACTTATCGAGGAAATTCCACTGGAACCTTAATGGTCTTCTTTGGCAATGTGGATTCATCTGGGATAAAACACAATATTTTTAACCCTCCAATTATTGCTCGATACATCCGTTTGCACCCAACTCATTATAGCATTCGCAGCACTCTTCGCATGGAGTTGATGGGCTGTGATTTAAATAGTTGCAGCATGCCATTGGGAATGGAGAGTAAAGCAATATCAGATGCACAGATTACTGCTTCATCCTACTTTACCAATATGTTTGCCACCTGGTCACCTTCAAAAGCTCGACTTCACCTCCAAGGGAGGAGTAATGCCTGGAGGCCTCAGGTGAATAATCCAAAAGAGTGGCTGCAAGTGGACTTCCAGAAGACAATGAAAGTCACAGGAGTAACTACTCAGGGAGTAAAATCTCTGCTTACCAGCATGTATGTGAAGGAGTTCCTCATCTCCAGCAGTCAAGATGGCCATCAGTGGACTCTCTTTTTTCAGAATGGCAAAGTAAAGGTTTTTCAGGGAAATCAAGACTCCTTCACACCTGTGGTGAACTCTCTAGACCCACCGTTACTGACTCGCTACCTTCGAATTCACCCCCAGAGTTGGGTGCACCAGATTGCCCTGAGGATGGAGGTTCTGGGCTGCGAGGCACAGGACCTCTACACAGCTAGGCAGGTGAATGAGAGACCGTAGCCAGGCTGCCACTTGCTAACCC
FRED3_block4_s2	CCGCGTGATTACGAGTCGGGCTACGGTCTCTAGGAGTATAAAATGGCACTGTACAATCTCTATCCAGGTGTTTTTGAGACAGTGGAAATGTTACCATCCAAAGCTGGAATTTGGCGGGTGGAATGCCTTATTGGCGAGCATCTACATGCTGGGATGAGCACACTTTTTCTGGTGTACAGCAATAAGTGTCAGACTCCCCTGGGAATGGCTTCTGGACACATTAGAGATTTTCAGATTACAGCTTCAGGACAATATGGACAGTGGGCCCCAAAGCTGGCCAGACTTCATTATTCCGGATCAATCAATGCCTGGAGCACCAAGGAGCCCTTTTCTTGGATCAAGGTGGATCTGTTGGCACCAATGATTATTCACGGCATCAAGACCCAGGGTGCCCGTCAGAAGTTCTCCAGCCTCTACATCTCTCAGTTTATCATCATGTATAGTCTTGATGGGAAGAAGTGGCAGACTTATCGAGGAAATTCCACTGGAACCTTAATGGTCTTCTTTGGCAATGTGGATTCATCTGGGATAAAACACAATATTTTTAACCCTCCAATTATTGCTCGATACATCCGTTTGCACCCAACTCATTATAGCATTCGCAGCACTCTTCGCATGGAGTTGATGGGCTGTGATTTAAATAGTTGCAGCATGCCATTGGGAATGGAGAGTAAAGCAATATCAGATGCACAGATTACTGCTTCATCCTACTTTACCAATATGTTTGCCACCTGGTCACCTTCAAAAGCTCGACTTCACCTCCAAGGGAGGAGTAATGCCTGGAGGCCTCAGGTGAATAATCCAAAAGAGTGGCTGCAAGTGGACTTCCAGAAGACAATGAAAGTCACAGGAGTAACTACTCAGGGAGTAAAATCTCTGCTTACCAGCATGTATGTGAAGGAGTTCCTCATCTCCAGCAGTCAAGATGGCCATCAGTGGACTCTCTTTTTTCAGAATGGCAAAGTAAAGGTTTTTCAGGGAAATCAAGACTCCTTCACACCTGTGGTGAACTCTCTAGACCCACCGTTACTGACTCGCTACCTTCGAATTCACCCCCAGAGTTGGGTGCACCAGATTGCCCTGAGGATGGAGGTTCTGGGCTGCGAGGCACAGGACCTCTACACAGCTAGGCAGGTGAATGAGAGACCGTAGCCAGGCTGCCACTTGCTAACCC
FRED3_block5_s2	CCGCGTGATTACGAGTCGGGCTACGGTCTCTGACTCCCCTGGGAATGGCTTCTGGACACATTAGAGATTTTCAGATTACAGCTTCAGGACAATATGGACAGTGGGCCCCAAAGCTGGCCAGACTTCATTATTCCGGATCAATCAATGCCTGGAGCACCAAGGAGCCCTTTTCTTGGATCAAGGTGGATCTGTTGGCACCAATGATTATTCACGGCATCAAGACCCAGGGTGCCCGTCAGAAGTTCTCCAGCCTCTACATCTCTCAGTTTATCATCATGTATAGTCTTGATGGGAAGAAGTGGCAGACTTATCGAGGAAATTCCACTGGAACCTTAATGGTCTTCTTTGGCAATGTGGATTCATCTGGGATAAAACACAATATTTTTAACCCTCCAATTATTGCTCGATACATCCGTTTGCACCCAACTCATTATAGCATTCGCAGCACTCTTCGCATGGAGTTGATGGGCTGTGATTTAAATAGTTGCAGCATGCCATTGGGAATGGAGAGTAAAGCAATATCAGATGCACAGATTACTGCTTCATCCTACTTTACCAATATGTTTGCCACCTGGTCACCTTCAAAAGCTCGACTTCACCTCCAAGGGAGGAGTAATGCCTGGAGGCCTCAGGTGAATAATCCAAAAGAGTGGCTGCAAGTGGACTTCCAGAAGACAATGAAAGTCACAGGAGTAACTACTCAGGGAGTAAAATCTCTGCTTACCAGCATGTATGTGAAGGAGTTCCTCATCTCCAGCAGTCAAGATGGCCATCAGTGGACTCTCTTTTTTCAGAATGGCAAAGTAAAGGTTTTTCAGGGAAATCAAGACTCCTTCACACCTGTGGTGAACTCTCTAGACCCACCGTTACTGACTCGCTACCTTCGAATTCACCCCCAGAGTTGGGTGCACCAGATTGCCCTGAGGATGGAGGTTCTGGGCTGCGAGGCACAGGACCTCTACACAGCTAGGCAGGTGAATGAGAGACCGTAGCCAGGCTGCCACTTGCTAACCC
FRED3_block7_s1	CCGCGTGATTACGAGTCGGGCTACGGTCTCTCTGGGGCCATATATAAGAGCAGAAGTTGAAGATAATATCATGGTAACTTTCAGAAATCAGGCCTCTCGTCCCTATTCCTTCTATTCTAGCCTTATTTCTTATGAGGAAGATCAGAGGCAAGGAGCAGAACCTAGAAAAAACTTTGTCAAGCCTAATGAAACCAAAACTTACTTTTGGAAAGTGCAACATCATATGGCACCCACTAAAGATGAGTTTGACTGCAAAGCCTGGGCTTATTTCTCTGATGTTGACCTGGAAAAAGATGTGCACTCAGGCCTGATTGGACCCCTTCTGGTCTGCCACACTAACACACTGAACCCTGCTCATGGGAGACAAGTGACAGTACAGGAATTTGCTCTGTTTTTCACCATCTTTGATGAAACCAAAAGCTGGTACTTCACTGAAAATATGGAAAGAAACTGCAGGGCTCCCTGCAATATCCAGATGGAAGATCCCACTTTTAAAGAGAATTATCGCTTCCATGCAATCAATGGCTACATAATGGATACACTACCTGGCTTAGTAATGGCTCAGGATCAAAGGATTCGATGGTATCTGCTCAGCATGGGCAGCAATGAAAACATCCATTCTATTCATTTCAGTGGACATGTGTTCACTGTACGAAAAAAAGAGGAGTATAAAATGGCACTGTACAATCTCTATCCAGGTGTTTTTGAGACAGTGGAAATGTTACCATCCAAAGCTGGAATTTGGCGGGTGGAATGCCTTATTGGCGAGCATCTACATGCTGGGATGAGCACACTTTTTCTGGTGTACAGCAATAAGTGTCAGACTCCCCTGGGAATGGCTTCTGGACACATTAGAGATTTTCAGATTACAGCTTCAGGACAATATGGACAGTGGGCCCCAAAGCTGGCCAGACTTCATTATTCCGGATCAATCAATGCCTGGAGCACCAAGGAGCCCTTTTCTTGGATCAAGGTGGATCTAGAGACCGTAGCCAGGCTGCCACTTGCTAACCC
FRED3_block8_s1	CCGCGTGATTACGAGTCGGGCTACGGTCTCTCTGGGGCCATATATAAGAGCAGAAGTTGAAGATAATATCATGGTAACTTTCAGAAATCAGGCCTCTCGTCCCTATTCCTTCTATTCTAGCCTTATTTCTTATGAGGAAGATCAGAGGCAAGGAGCAGAACCTAGAAAAAACTTTGTCAAGCCTAATGAAACCAAAACTTACTTTTGGAAAGTGCAACATCATATGGCACCCACTAAAGATGAGTTTGACTGCAAAGCCTGGGCTTATTTCTCTGATGTTGACCTGGAAAAAGATGTGCACTCAGGCCTGATTGGACCCCTTCTGGTCTGCCACACTAACACACTGAACCCTGCTCATGGGAGACAAGTGACAGTACAGGAATTTGCTCTGTTTTTCACCATCTTTGATGAAACCAAAAGCTGGTACTTCACTGAAAATATGGAAAGAAACTGCAGGGCTCCCTGCAATATCCAGATGGAAGATCCCACTTTTAAAGAGAATTATCGCTTCCATGCAATCAATGGCTACATAATGGATACACTACCTGGCTTAGTAATGGCTCAGGATCAAAGGATTCGATGGTATCTGCTCAGCATGGGCAGCAATGAAAACATCCATTCTATTCATTTCAGTGGACATGTGTTCACTGTACGAAAAAAAGAGGAGTATAAAATGGCACTGTACAATCTCTATCCAGGTGTTTTTGAGACAGTGGAAATGTTACCATCCAAAGCTGGAATTTGGCGGGTGGAATGCCTTATTGGCGAGCATCTACATGCTGGGATGAGCACACTTTTTCTGGTGTACAGCAATAAGTGTCAGACTCCCCTGGGAATGGCTTCTGGACACATTAGAGATTTTCAGATTACAGCTTCAGGACAATATGGACAGTGGGCCCCAAAGCTGGCCAGACTTCATTATTCCGGATCAATCAATGCCTGGAGCACCAAGGAGCCCTTTTCTTGGATCAAGGTGGATCTGTTGGCACCAATGATTATTCACGGCATCAAGACCCAGGGTGCCCGTCAGAAGTTCTCCAGCCTCTACATCTCTCAGTTTATCATCATGTATAGTCTTGATGGGAAGAAGTGGCAGACTTATCGAGGAAATTCCACTGGAACCTTAATGGTCTTAGAGACCGTAGCCAGGCTGCCACTTGCTAACCC
FRED3_block9_s1	CCGCGTGATTACGAGTCGGGCTACGGTCTCTCTGGGGCCATATATAAGAGCAGAAGTTGAAGATAATATCATGGTAACTTTCAGAAATCAGGCCTCTCGTCCCTATTCCTTCTATTCTAGCCTTATTTCTTATGAGGAAGATCAGAGGCAAGGAGCAGAACCTAGAAAAAACTTTGTCAAGCCTAATGAAACCAAAACTTACTTTTGGAAAGTGCAACATCATATGGCACCCACTAAAGATGAGTTTGACTGCAAAGCCTGGGCTTATTTCTCTGATGTTGACCTGGAAAAAGATGTGCACTCAGGCCTGATTGGACCCCTTCTGGTCTGCCACACTAACACACTGAACCCTGCTCATGGGAGACAAGTGACAGTACAGGAATTTGCTCTGTTTTTCACCATCTTTGATGAAACCAAAAGCTGGTACTTCACTGAAAATATGGAAAGAAACTGCAGGGCTCCCTGCAATATCCAGATGGAAGATCCCACTTTTAAAGAGAATTATCGCTTCCATGCAATCAATGGCTACATAATGGATACACTACCTGGCTTAGTAATGGCTCAGGATCAAAGGATTCGATGGTATCTGCTCAGCATGGGCAGCAATGAAAACATCCATTCTATTCATTTCAGTGGACATGTGTTCACTGTACGAAAAAAAGAGGAGTATAAAATGGCACTGTACAATCTCTATCCAGGTGTTTTTGAGACAGTGGAAATGTTACCATCCAAAGCTGGAATTTGGCGGGTGGAATGCCTTATTGGCGAGCATCTACATGCTGGGATGAGCACACTTTTTCTGGTGTACAGCAATAAGTGTCAGACTCCCCTGGGAATGGCTTCTGGACACATTAGAGATTTTCAGATTACAGCTTCAGGACAATATGGACAGTGGGCCCCAAAGCTGGCCAGACTTCATTATTCCGGATCAATCAATGCCTGGAGCACCAAGGAGCCCTTTTCTTGGATCAAGGTGGATCTGTTGGCACCAATGATTATTCACGGCATCAAGACCCAGGGTGCCCGTCAGAAGTTCTCCAGCCTCTACATCTCTCAGTTTATCATCATGTATAGTCTTGATGGGAAGAAGTGGCAGACTTATCGAGGAAATTCCACTGGAACCTTAATGGTCTTCTTTGGCAATGTGGATTCATCTGGGATAAAACACAATATTTTTAACCCTCCAATTATTGCTCGATACATCCGTTTGCACCCAACTCATTATAGCATTCGCAGCACTCTTCGCATGGAGTTGATGGGCTGTGATTTAAATAGTTGCAGCATGCCATTGGGAAAGAGACCGTAGCCAGGCTGCCACTTGCTAACCC
FRED3_block10_s1	CCGCGTGATTACGAGTCGGGCTACGGTCTCTCTGGGGCCATATATAAGAGCAGAAGTTGAAGATAATATCATGGTAACTTTCAGAAATCAGGCCTCTCGTCCCTATTCCTTCTATTCTAGCCTTATTTCTTATGAGGAAGATCAGAGGCAAGGAGCAGAACCTAGAAAAAACTTTGTCAAGCCTAATGAAACCAAAACTTACTTTTGGAAAGTGCAACATCATATGGCACCCACTAAAGATGAGTTTGACTGCAAAGCCTGGGCTTATTTCTCTGATGTTGACCTGGAAAAAGATGTGCACTCAGGCCTGATTGGACCCCTTCTGGTCTGCCACACTAACACACTGAACCCTGCTCATGGGAGACAAGTGACAGTACAGGAATTTGCTCTGTTTTTCACCATCTTTGATGAAACCAAAAGCTGGTACTTCACTGAAAATATGGAAAGAAACTGCAGGGCTCCCTGCAATATCCAGATGGAAGATCCCACTTTTAAAGAGAATTATCGCTTCCATGCAATCAATGGCTACATAATGGATACACTACCTGGCTTAGTAATGGCTCAGGATCAAAGGATTCGATGGTATCTGCTCAGCATGGGCAGCAATGAAAACATCCATTCTATTCATTTCAGTGGACATGTGTTCACTGTACGAAAAAAAGAGGAGTATAAAATGGCACTGTACAATCTCTATCCAGGTGTTTTTGAGACAGTGGAAATGTTACCATCCAAAGCTGGAATTTGGCGGGTGGAATGCCTTATTGGCGAGCATCTACATGCTGGGATGAGCACACTTTTTCTGGTGTACAGCAATAAGTGTCAGACTCCCCTGGGAATGGCTTCTGGACACATTAGAGATTTTCAGATTACAGCTTCAGGACAATATGGACAGTGGGCCCCAAAGCTGGCCAGACTTCATTATTCCGGATCAATCAATGCCTGGAGCACCAAGGAGCCCTTTTCTTGGATCAAGGTGGATCTGTTGGCACCAATGATTATTCACGGCATCAAGACCCAGGGTGCCCGTCAGAAGTTCTCCAGCCTCTACATCTCTCAGTTTATCATCATGTATAGTCTTGATGGGAAGAAGTGGCAGACTTATCGAGGAAATTCCACTGGAACCTTAATGGTCTTCTTTGGCAATGTGGATTCATCTGGGATAAAACACAATATTTTTAACCCTCCAATTATTGCTCGATACATCCGTTTGCACCCAACTCATTATAGCATTCGCAGCACTCTTCGCATGGAGTTGATGGGCTGTGATTTAAATAGTTGCAGCATGCCATTGGGAATGGAGAGTAAAGCAATATCAGATGCACAGATTACTGCTTCATCCTACTTTACCAATATGTTTGCCACCTGGTCACCTTCAAAAGCTCGACTTCACCTCCAAGGGAGGAGTAATGCCTGGAGGCCTCAGGTGAATAATCCAAAAGAGTGGCTGCAAGTGGACTTCCAGAGACCGTAGCCAGGCTGCCACTTGCTAACCC
FRED3_block11_s1	CCGCGTGATTACGAGTCGGGCTACGGTCTCTCTGGGGCCATATATAAGAGCAGAAGTTGAAGATAATATCATGGTAACTTTCAGAAATCAGGCCTCTCGTCCCTATTCCTTCTATTCTAGCCTTATTTCTTATGAGGAAGATCAGAGGCAAGGAGCAGAACCTAGAAAAAACTTTGTCAAGCCTAATGAAACCAAAACTTACTTTTGGAAAGTGCAACATCATATGGCACCCACTAAAGATGAGTTTGACTGCAAAGCCTGGGCTTATTTCTCTGATGTTGACCTGGAAAAAGATGTGCACTCAGGCCTGATTGGACCCCTTCTGGTCTGCCACACTAACACACTGAACCCTGCTCATGGGAGACAAGTGACAGTACAGGAATTTGCTCTGTTTTTCACCATCTTTGATGAAACCAAAAGCTGGTACTTCACTGAAAATATGGAAAGAAACTGCAGGGCTCCCTGCAATATCCAGATGGAAGATCCCACTTTTAAAGAGAATTATCGCTTCCATGCAATCAATGGCTACATAATGGATACACTACCTGGCTTAGTAATGGCTCAGGATCAAAGGATTCGATGGTATCTGCTCAGCATGGGCAGCAATGAAAACATCCATTCTATTCATTTCAGTGGACATGTGTTCACTGTACGAAAAAAAGAGGAGTATAAAATGGCACTGTACAATCTCTATCCAGGTGTTTTTGAGACAGTGGAAATGTTACCATCCAAAGCTGGAATTTGGCGGGTGGAATGCCTTATTGGCGAGCATCTACATGCTGGGATGAGCACACTTTTTCTGGTGTACAGCAATAAGTGTCAGACTCCCCTGGGAATGGCTTCTGGACACATTAGAGATTTTCAGATTACAGCTTCAGGACAATATGGACAGTGGGCCCCAAAGCTGGCCAGACTTCATTATTCCGGATCAATCAATGCCTGGAGCACCAAGGAGCCCTTTTCTTGGATCAAGGTGGATCTGTTGGCACCAATGATTATTCACGGCATCAAGACCCAGGGTGCCCGTCAGAAGTTCTCCAGCCTCTACATCTCTCAGTTTATCATCATGTATAGTCTTGATGGGAAGAAGTGGCAGACTTATCGAGGAAATTCCACTGGAACCTTAATGGTCTTCTTTGGCAATGTGGATTCATCTGGGATAAAACACAATATTTTTAACCCTCCAATTATTGCTCGATACATCCGTTTGCACCCAACTCATTATAGCATTCGCAGCACTCTTCGCATGGAGTTGATGGGCTGTGATTTAAATAGTTGCAGCATGCCATTGGGAATGGAGAGTAAAGCAATATCAGATGCACAGATTACTGCTTCATCCTACTTTACCAATATGTTTGCCACCTGGTCACCTTCAAAAGCTCGACTTCACCTCCAAGGGAGGAGTAATGCCTGGAGGCCTCAGGTGAATAATCCAAAAGAGTGGCTGCAAGTGGACTTCCAGAAGACAATGAAAGTCACAGGAGTAACTACTCAGGGAGTAAAATCTCTGCTTACCAGCATGTATGTGAAGGAGTTCCTCATCTCCAGCAGTCAAGATGGCCATCAGTGGACTCTCTTTTTTCAGAATGGCAAAGTAAAGGTTTTTCAGGGAAATCAAGAAGAGACCGTAGCCAGGCTGCCACTTGCTAACCC
