FRED3_block2_s1	ACGCCGCCACGTGTTCGTTAACTGTTGATTGGTGGCACATAAGTAATACCATGGTCCCTGAAATTCGGCTCAGTTACTTCGAGCGTAATGTCTCCGCGTGATTACGAGTCGGGCTACGGTCTCTCTGGGGCCATATATAAGAGCAGAAGTTGAAGATAATATCATGGTAACTTTCAGAAATCAGGCCTCTCGTCCCTATTCCTTCTATTCTAGCCTTATTTCTTATGAGGAAGATCAGAGGCAAGGAGCAGAACCTAGAAAAAACTTAGAGACCGTAGCCAGGCTGCCACTTGCTAACCC
FRED3_block3_s1	CCGCGTGATTACGAGTCGGGCTACGGTCTCTCTGGGGCCATATATAAGAGCAGAAGTTGAAGATAATATCATGGTAACTTTCAGAAATCAGGCCTCTCGTCCCTATTCCTTCTATTCTAGCCTTATTTCTTATGAGGAAGATCAGAGGCAAGGAGCAGAACCTAGAAAAAACTTTGTCAAGCCTAATGAAACCAAAACTTACTTTTGGAAAGTGCAACATCATATGGCACCCACTAAAGATGAGTTTGACTGCAAAGCCTGGGCTTATTTCTCTGATGTTGACCTGGAAAAAGATGTGCACTCAGGCCTGATTGGACCCCTTCTGGTCTGCCACACTAAGAGACCGTAGCCAGGCTGCCACTTGCTAACCC
FRED3_block4_s1	CCGCGTGATTACGAGTCGGGCTACGGTCTCTCTGGGGCCATATATAAGAGCAGAAGTTGAAGATAATATCATGGTAACTTTCAGAAATCAGGCCTCTCGTCCCTATTCCTTCTATTCTAGCCTTATTTCTTATGAGGAAGATCAGAGGCAAGGAGCAGAACCTAGAAAAAACTTTGTCAAGCCTAATGAAACCAAAACTTACTTTTGGAAAGTGCAACATCATATGGCACCCACTAAAGATGAGTTTGACTGCAAAGCCTGGGCTTATTTCTCTGATGTTGACCTGGAAAAAGATGTGCACTCAGGCCTGATTGGACCCCTTCTGGTCTGCCACACTAACACACTGAACCCTGCTCATGGGAGACAAGTGACAGTACAGGAATTTGCTCTGTTTTTCACCATCTTTGATGAAACCAAAAGCTGGTACTTCACTGAAAATATGGAAAGAAACTGCAGGGCTCCCTGCAATATCCAGATGGAAGATCCCACTTAGAGACCGTAGCCAGGCTGCCACTTGCTAACCC
FRED3_block5_s1	CCGCGTGATTACGAGTCGGGCTACGGTCTCTCTGGGGCCATATATAAGAGCAGAAGTTGAAGATAATATCATGGTAACTTTCAGAAATCAGGCCTCTCGTCCCTATTCCTTCTATTCTAGCCTTATTTCTTATGAGGAAGATCAGAGGCAAGGAGCAGAACCTAGAAAAAACTTTGTCAAGCCTAATGAAACCAAAACTTACTTTTGGAAAGTGCAACATCATATGGCACCCACTAAAGATGAGTTTGACTGCAAAGCCTGGGCTTATTTCTCTGATGTTGACCTGGAAAAAGATGTGCACTCAGGCCTGATTGGACCCCTTCTGGTCTGCCACACTAACACACTGAACCCTGCTCATGGGAGACAAGTGACAGTACAGGAATTTGCTCTGTTTTTCACCATCTTTGATGAAACCAAAAGCTGGTACTTCACTGAAAATATGGAAAGAAACTGCAGGGCTCCCTGCAATATCCAGATGGAAGATCCCACTTTTAAAGAGAATTATCGCTTCCATGCAATCAATGGCTACATAATGGATACACTACCTGGCTTAGTAATGGCTCAGGATCAAAGGATTCGATGGTATCTGCTCAGCATGGGCAGCAATGAAAACATCCATTCTATTCATTTCAGTGGACATGTGTTCACTGTACGAAAAGAGACCGTAGCCAGGCTGCCACTTGCTAACCC
FRED3_block6_s1	CCGCGTGATTACGAGTCGGGCTACGGTCTCTCTGGGGCCATATATAAGAGCAGAAGTTGAAGATAATATCATGGTAACTTTCAGAAATCAGGCCTCTCGTCCCTATTCCTTCTATTCTAGCCTTATTTCTTATGAGGAAGATCAGAGGCAAGGAGCAGAACCTAGAAAAAACTTTGTCAAGCCTAATGAAACCAAAACTTACTTTTGGAAAGTGCAACATCATATGGCACCCACTAAAGATGAGTTTGACTGCAAAGCCTGGGCTTATTTCTCTGATGTTGACCTGGAAAAAGATGTGCACTCAGGCCTGATTGGACCCCTTCTGGTCTGCCACACTAACACACTGAACCCTGCTCATGGGAGACAAGTGACAGTACAGGAATTTGCTCTGTTTTTCACCATCTTTGATGAAACCAAAAGCTGGTACTTCACTGAAAATATGGAAAGAAACTGCAGGGCTCCCTGCAATATCCAGATGGAAGATCCCACTTTTAAAGAGAATTATCGCTTCCATGCAATCAATGGCTACATAATGGATACACTACCTGGCTTAGTAATGGCTCAGGATCAAAGGATTCGATGGTATCTGCTCAGCATGGGCAGCAATGAAAACATCCATTCTATTCATTTCAGTGGACATGTGTTCACTGTACGAAAAAAAGAGGAGTATAAAATGGCACTGTACAATCTCTATCCAGGTGTTTTTGAGACAGTGGAAATGTTACCATCCAAAGCTGGAATTTGGCGGGTGGAATGCCTTATTGGCGAGCATCTACATGCTGGGATGAGCACACTTTTTCTGGTGTACAGCAATAAGTAGAGACCGTAGCCAGGCTGCCACTTGCTAACCC
FRED3_block6_s2	CCGCGTGATTACGAGTCGGGCTACGGTCTCTATGATTATTCACGGCATCAAGACCCAGGGTGCCCGTCAGAAGTTCTCCAGCCTCTACATCTCTCAGTTTATCATCATGTATAGTCTTGATGGGAAGAAGTGGCAGACTTATCGAGGAAATTCCACTGGAACCTTAATGGTCTTCTTTGGCAATGTGGATTCATCTGGGATAAAACACAATATTTTTAACCCTCCAATTATTGCTCGATACATCCGTTTGCACCCAACTCATTATAGCATTCGCAGCACTCTTCGCATGGAGTTGATGGGCTGTGATTTAAATAGTTGCAGCATGCCATTGGGAATGGAGAGTAAAGCAATATCAGATGCACAGATTACTGCTTCATCCTACTTTACCAATATGTTTGCCACCTGGTCACCTTCAAAAGCTCGACTTCACCTCCAAGGGAGGAGTAATGCCTGGAGGCCTCAGGTGAATAATCCAAAAGAGTGGCTGCAAGTGGACTTCCAGAAGACAATGAAAGTCACAGGAGTAACTACTCAGGGAGTAAAATCTCTGCTTACCAGCATGTATGTGAAGGAGTTCCTCATCTCCAGCAGTCAAGATGGCCATCAGTGGACTCTCTTTTTTCAGAATGGCAAAGTAAAGGTTTTTCAGGGAAATCAAGACTCCTTCACACCTGTGGTGAACTCTCTAGACCCACCGTTACTGACTCGCTACCTTCGAATTCACCCCCAGAGTTGGGTGCACCAGATTGCCCTGAGGATGGAGGTTCTGGGCTGCGAGGCACAGGACCTCTACACAGCTAGGCAGGTGAATGAGAGACCGTAGCCAGGCTGCCACTTGCTAACCC
FRED3_block7_s2	CCGCGTGATTACGAGTCGGGCTACGGTCTCTTCATCTGGGATAAAACACAATATTTTTAACCCTCCAATTATTGCTCGATACATCCGTTTGCACCCAACTCATTATAGCATTCGCAGCACTCTTCGCATGGAGTTGATGGGCTGTGATTTAAATAGTTGCAGCATGCCATTGGGAATGGAGAGTAAAGCAATATCAGATGCACAGATTACTGCTTCATCCTACTTTACCAATATGTTTGCCACCTGGTCACCTTCAAAAGCTCGACTTCACCTCCAAGGGAGGAGTAATGCCTGGAGGCCTCAGGTGAATAATCCAAAAGAGTGGCTGCAAGTGGACTTCCAGAAGACAATGAAAGTCACAGGAGTAACTACTCAGGGAGTAAAATCTCTGCTTACCAGCATGTATGTGAAGGAGTTCCTCATCTCCAGCAGTCAAGATGGCCATCAGTGGACTCTCTTTTTTCAGAATGGCAAAGTAAAGGTTTTTCAGGGAAATCAAGACTCCTTCACACCTGTGGTGAACTCTCTAGACCCACCGTTACTGACTCGCTACCTTCGAATTCACCCCCAGAGTTGGGTGCACCAGATTGCCCTGAGGATGGAGGTTCTGGGCTGCGAGGCACAGGACCTCTACACAGCTAGGCAGGTGAATGAGAGACCGTAGCCAGGCTGCCACTTGCTAACCC
FRED3_block8_s2	CCGCGTGATTACGAGTCGGGCTACGGTCTCTGTAAAGCAATATCAGATGCACAGATTACTGCTTCATCCTACTTTACCAATATGTTTGCCACCTGGTCACCTTCAAAAGCTCGACTTCACCTCCAAGGGAGGAGTAATGCCTGGAGGCCTCAGGTGAATAATCCAAAAGAGTGGCTGCAAGTGGACTTCCAGAAGACAATGAAAGTCACAGGAGTAACTACTCAGGGAGTAAAATCTCTGCTTACCAGCATGTATGTGAAGGAGTTCCTCATCTCCAGCAGTCAAGATGGCCATCAGTGGACTCTCTTTTTTCAGAATGGCAAAGTAAAGGTTTTTCAGGGAAATCAAGACTCCTTCACACCTGTGGTGAACTCTCTAGACCCACCGTTACTGACTCGCTACCTTCGAATTCACCCCCAGAGTTGGGTGCACCAGATTGCCCTGAGGATGGAGGTTCTGGGCTGCGAGGCACAGGACCTCTACACAGCTAGGCAGGTGAATGAGAGACCGTAGCCAGGCTGCCACTTGCTAACCC
FRED3_block9_s2	CCGCGTGATTACGAGTCGGGCTACGGTCTCTAAGACAATGAAAGTCACAGGAGTAACTACTCAGGGAGTAAAATCTCTGCTTACCAGCATGTATGTGAAGGAGTTCCTCATCTCCAGCAGTCAAGATGGCCATCAGTGGACTCTCTTTTTTCAGAATGGCAAAGTAAAGGTTTTTCAGGGAAATCAAGACTCCTTCACACCTGTGGTGAACTCTCTAGACCCACCGTTACTGACTCGCTACCTTCGAATTCACCCCCAGAGTTGGGTGCACCAGATTGCCCTGAGGATGGAGGTTCTGGGCTGCGAGGCACAGGACCTCTACACAGCTAGGCAGGTGAATGAGAGACCGTAGCCAGGCTGCCACTTGCTAACCC
FRED3_block10_s2	ACGCCGCCACGTGTTCGTTAACTGTTGATTGGTGGCACATAAGTAATACCATGGTCCCTGAAATTCGGCTCAGTTACTTCGAGCGCCGCGTGATTACGAGTCGGGCTACGGTCTCTTCCTTCACACCTGTGGTGAACTCTCTAGACCCACCGTTACTGACTCGCTACCTTCGAATTCACCCCCAGAGTTGGGTGCACCAGATTGCCCTGAGGATGGAGGTTCTGGGCTGCGAGGCACAGGACCTCTACACAGCTAGGCAGGTGAATGAGAGACCGTAGCCAGGCTGCCACTTGCTAACCC
