FRED2_block2_s1	ACGCCGCCACGTGTTCGTTAACTGTTGATTGGTGGCACATAAGTAATACCATGGTCCCTGAAATTCGGCTCAGTTACTTCGAGCGTAATGTCTCCCGCGTGATTACGAGTCGGGCTACGGTCTCTGAAATATTCAAATATAAATGGACAGTGACTGTAGAAGATGGGCCAACTAAATCAGATCCTCGGTGCCTGACCCGCTATTACTCTAGTTTCGTTAATATGGAGAGAGATCTAGCTTCAGGACTCATTGGCCCTCTCCTCATCTAGAGACCGTAGCCAGGCTGCCACTTGCTAACCC
FRED2_block3_s1	CCGCGTGATTACGAGTCGGGCTACGGTCTCTGAAATATTCAAATATAAATGGACAGTGACTGTAGAAGATGGGCCAACTAAATCAGATCCTCGGTGCCTGACCCGCTATTACTCTAGTTTCGTTAATATGGAGAGAGATCTAGCTTCAGGACTCATTGGCCCTCTCCTCATCTGCTACAAAGAATCTGTAGATCAAAGAGGAAACCAGATAATGTCAGACAAGAGGAATGTCATCCTGTTTTCTGTATTTGATGAGAACCGAAGCTGGTACCTCACAGAGAATATACAACGCTTTCTCCCCAATCCAGCTGGAGTGCAGCTTGAGGATCCAAGAGACCGTAGCCAGGCTGCCACTTGCTAACCC
FRED2_block4_s1	CCGCGTGATTACGAGTCGGGCTACGGTCTCTGAAATATTCAAATATAAATGGACAGTGACTGTAGAAGATGGGCCAACTAAATCAGATCCTCGGTGCCTGACCCGCTATTACTCTAGTTTCGTTAATATGGAGAGAGATCTAGCTTCAGGACTCATTGGCCCTCTCCTCATCTGCTACAAAGAATCTGTAGATCAAAGAGGAAACCAGATAATGTCAGACAAGAGGAATGTCATCCTGTTTTCTGTATTTGATGAGAACCGAAGCTGGTACCTCACAGAGAATATACAACGCTTTCTCCCCAATCCAGCTGGAGTGCAGCTTGAGGATCCAGAGTTCCAAGCCTCCAACATCATGCACAGCATCAATGGCTATGTTTTTGATAGTTTGCAGTTGTCAGTTTGTTTGCATGAGGTGGCATACTGGTACATTCTAAGCATTGGAGCACAGACTGACTTCCTTTCTGTCTTCTTCTCTGGATATACCTTCAAACACAAAATAGAGACCGTAGCCAGGCTGCCACTTGCTAACCC
FRED2_block5_s1	CCGCGTGATTACGAGTCGGGCTACGGTCTCTGAAATATTCAAATATAAATGGACAGTGACTGTAGAAGATGGGCCAACTAAATCAGATCCTCGGTGCCTGACCCGCTATTACTCTAGTTTCGTTAATATGGAGAGAGATCTAGCTTCAGGACTCATTGGCCCTCTCCTCATCTGCTACAAAGAATCTGTAGATCAAAGAGGAAACCAGATAATGTCAGACAAGAGGAATGTCATCCTGTTTTCTGTATTTGATGAGAACCGAAGCTGGTACCTCACAGAGAATATACAACGCTTTCTCCCCAATCCAGCTGGAGTGCAGCTTGAGGATCCAGAGTTCCAAGCCTCCAACATCATGCACAGCATCAATGGCTATGTTTTTGATAGTTTGCAGTTGTCAGTTTGTTTGCATGAGGTGGCATACTGGTACATTCTAAGCATTGGAGCACAGACTGACTTCCTTTCTGTCTTCTTCTCTGGATATACCTTCAAACACAAAATGGTCTATGAAGACACACTCACCCTATTCCCATTCTCAGGAGAAACTGTCTTCATGTCGATGGAAAACCCAGGTCTATGGATTCTGGGGTGCCACAACTCAGACTTTCGGAACAGAGGCATGACCGCCTTACTGAAGGTTTCTAGTTGTGACAAGAAAGAGACCGTAGCCAGGCTGCCACTTGCTAACCC
FRED2_block6_s1	CCGCGTGATTACGAGTCGGGCTACGGTCTCTGAAATATTCAAATATAAATGGACAGTGACTGTAGAAGATGGGCCAACTAAATCAGATCCTCGGTGCCTGACCCGCTATTACTCTAGTTTCGTTAATATGGAGAGAGATCTAGCTTCAGGACTCATTGGCCCTCTCCTCATCTGCTACAAAGAATCTGTAGATCAAAGAGGAAACCAGATAATGTCAGACAAGAGGAATGTCATCCTGTTTTCTGTATTTGATGAGAACCGAAGCTGGTACCTCACAGAGAATATACAACGCTTTCTCCCCAATCCAGCTGGAGTGCAGCTTGAGGATCCAGAGTTCCAAGCCTCCAACATCATGCACAGCATCAATGGCTATGTTTTTGATAGTTTGCAGTTGTCAGTTTGTTTGCATGAGGTGGCATACTGGTACATTCTAAGCATTGGAGCACAGACTGACTTCCTTTCTGTCTTCTTCTCTGGATATACCTTCAAACACAAAATGGTCTATGAAGACACACTCACCCTATTCCCATTCTCAGGAGAAACTGTCTTCATGTCGATGGAAAACCCAGGTCTATGGATTCTGGGGTGCCACAACTCAGACTTTCGGAACAGAGGCATGACCGCCTTACTGAAGGTTTCTAGTTGTGACAAGAACACTGGTGATTATTACGAGGACAGTTATGAAGATATTTCAGCATACTTGCTGAGTAAAAACAATGCCATTGAACCAAGAAGCTTCTCCCAGAATTCAAGACACCCTAGCACTAGGCAAAAGCAATTTAATGCCACCACAATTCCAGAAAATGACATAGAGAAGAAGAGACCGTAGCCAGGCTGCCACTTGCTAACCC
FRED2_block6_s2	CCGCGTGATTACGAGTCGGGCTACGGTCTCTTGGAGCAATAGACAGTAATAACAGCCTGTCTGAAATGACACACTTCAGGCCACAGCTCCATCACAGTGGGGACATGGTATTTACCCCTGAGTCAGGCCTCCAATTAAGATTAAATGAGAAACTGGGGACAACTGCAGCAACAGAGTTGAAGAAACTTGATTTCAAAGTTTCTAGTACATCAAATAATCTGATTTCAACAATTCCATCAGACAATTTGGCAGCAGGTACTGATAATACAAGTTCCTTAGGACCCCCAAGTATGCCAGTTCATTATGATAGTCAATTAGATACCACTCTATTTGGCAAAAAGTCATCTCCCCTTACTGAGTCTGGTGGACCTCTGAGCTTGAGTGAAGAAAATAATGATTCAAAGTTGTTAGAATCAGGTTTAATGAATAGCCAAGAAAGTTCATGGGGAAAAAATGTATCGTCACGGGAAATAACTCGTACTACTCTTCAGTCAGATCAAGAGGAAATTGACTATGATGATACCATATCAGTTGAAATGAAGAAGGAAGATTTTGACATTTATGATGAGGATGAAAATCAGAGCCCCCGCAGCTTTCAAAAGAAAACACGACACTATTTTATTGCTGCAGTGGAGAGGCTCTGGGATTATGGGATGAGTAGCTCCCCACATGTTCTAAGAAACAGGGCTCAGAGTGGCAGTGTCCCTCAGTTCAAGAAAGTTGTTTTCCAGGAATTTACTGATGGCTCCTTTACTCAGCCCTTATACCGTGGAGAACTAAATGAACATTTGGGACTCCTGGGGCCATATATAAGAGCAGAGAGACCGTAGCCAGGCTGCCACTTGCTAACCC
FRED2_block7_s2	CCGCGTGATTACGAGTCGGGCTACGGTCTCTTTCTAGTACATCAAATAATCTGATTTCAACAATTCCATCAGACAATTTGGCAGCAGGTACTGATAATACAAGTTCCTTAGGACCCCCAAGTATGCCAGTTCATTATGATAGTCAATTAGATACCACTCTATTTGGCAAAAAGTCATCTCCCCTTACTGAGTCTGGTGGACCTCTGAGCTTGAGTGAAGAAAATAATGATTCAAAGTTGTTAGAATCAGGTTTAATGAATAGCCAAGAAAGTTCATGGGGAAAAAATGTATCGTCACGGGAAATAACTCGTACTACTCTTCAGTCAGATCAAGAGGAAATTGACTATGATGATACCATATCAGTTGAAATGAAGAAGGAAGATTTTGACATTTATGATGAGGATGAAAATCAGAGCCCCCGCAGCTTTCAAAAGAAAACACGACACTATTTTATTGCTGCAGTGGAGAGGCTCTGGGATTATGGGATGAGTAGCTCCCCACATGTTCTAAGAAACAGGGCTCAGAGTGGCAGTGTCCCTCAGTTCAAGAAAGTTGTTTTCCAGGAATTTACTGATGGCTCCTTTACTCAGCCCTTATACCGTGGAGAACTAAATGAACATTTGGGACTCCTGGGGCCATATATAAGAGCAGAGAGACCGTAGCCAGGCTGCCACTTGCTAACCC
FRED2_block8_s2	CCGCGTGATTACGAGTCGGGCTACGGTCTCTTCTGGTGGACCTCTGAGCTTGAGTGAAGAAAATAATGATTCAAAGTTGTTAGAATCAGGTTTAATGAATAGCCAAGAAAGTTCATGGGGAAAAAATGTATCGTCACGGGAAATAACTCGTACTACTCTTCAGTCAGATCAAGAGGAAATTGACTATGATGATACCATATCAGTTGAAATGAAGAAGGAAGATTTTGACATTTATGATGAGGATGAAAATCAGAGCCCCCGCAGCTTTCAAAAGAAAACACGACACTATTTTATTGCTGCAGTGGAGAGGCTCTGGGATTATGGGATGAGTAGCTCCCCACATGTTCTAAGAAACAGGGCTCAGAGTGGCAGTGTCCCTCAGTTCAAGAAAGTTGTTTTCCAGGAATTTACTGATGGCTCCTTTACTCAGCCCTTATACCGTGGAGAACTAAATGAACATTTGGGACTCCTGGGGCCATATATAAGAGCAGAGAGACCGTAGCCAGGCTGCCACTTGCTAACCC
FRED2_block9_s2	CCGCGTGATTACGAGTCGGGCTACGGTCTCTATGATGATACCATATCAGTTGAAATGAAGAAGGAAGATTTTGACATTTATGATGAGGATGAAAATCAGAGCCCCCGCAGCTTTCAAAAGAAAACACGACACTATTTTATTGCTGCAGTGGAGAGGCTCTGGGATTATGGGATGAGTAGCTCCCCACATGTTCTAAGAAACAGGGCTCAGAGTGGCAGTGTCCCTCAGTTCAAGAAAGTTGTTTTCCAGGAATTTACTGATGGCTCCTTTACTCAGCCCTTATACCGTGGAGAACTAAATGAACATTTGGGACTCCTGGGGCCATATATAAGAGCAGAGAGACCGTAGCCAGGCTGCCACTTGCTAACCC
FRED2_block10_s2	ACGCCGCCACGTGTTCGTTAACTGTTGATTGGTGGCACATAAGTAATACCATGGTCCCTGAAATTCGGCTCAGTTACTTCGAGCGTAATCCGCGTGATTACGAGTCGGGCTACGGTCTCTTTCTAAGAAACAGGGCTCAGAGTGGCAGTGTCCCTCAGTTCAAGAAAGTTGTTTTCCAGGAATTTACTGATGGCTCCTTTACTCAGCCCTTATACCGTGGAGAACTAAATGAACATTTGGGACTCCTGGGGCCATATATAAGAGCAGAGAGACCGTAGCCAGGCTGCCACTTGCTAACCC
FRED3_block2_s1	ACGCCGCCACGTGTTCGTTAACTGTTGATTGGTGGCACATAAGTAATACCATGGTCCCTGAAATTCGGCTCAGTTACTTCGAGCGTAATGTCTCCGCGTGATTACGAGTCGGGCTACGGTCTCTCTGGGGCCATATATAAGAGCAGAAGTTGAAGATAATATCATGGTAACTTTCAGAAATCAGGCCTCTCGTCCCTATTCCTTCTATTCTAGCCTTATTTCTTATGAGGAAGATCAGAGGCAAGGAGCAGAACCTAGAAAAAACTTAGAGACCGTAGCCAGGCTGCCACTTGCTAACCC
FRED3_block3_s1	CCGCGTGATTACGAGTCGGGCTACGGTCTCTCTGGGGCCATATATAAGAGCAGAAGTTGAAGATAATATCATGGTAACTTTCAGAAATCAGGCCTCTCGTCCCTATTCCTTCTATTCTAGCCTTATTTCTTATGAGGAAGATCAGAGGCAAGGAGCAGAACCTAGAAAAAACTTTGTCAAGCCTAATGAAACCAAAACTTACTTTTGGAAAGTGCAACATCATATGGCACCCACTAAAGATGAGTTTGACTGCAAAGCCTGGGCTTATTTCTCTGATGTTGACCTGGAAAAAGATGTGCACTCAGGCCTGATTGGACCCCTTCTGGTCTGCCACACTAAGAGACCGTAGCCAGGCTGCCACTTGCTAACCC
FRED3_block4_s1	CCGCGTGATTACGAGTCGGGCTACGGTCTCTCTGGGGCCATATATAAGAGCAGAAGTTGAAGATAATATCATGGTAACTTTCAGAAATCAGGCCTCTCGTCCCTATTCCTTCTATTCTAGCCTTATTTCTTATGAGGAAGATCAGAGGCAAGGAGCAGAACCTAGAAAAAACTTTGTCAAGCCTAATGAAACCAAAACTTACTTTTGGAAAGTGCAACATCATATGGCACCCACTAAAGATGAGTTTGACTGCAAAGCCTGGGCTTATTTCTCTGATGTTGACCTGGAAAAAGATGTGCACTCAGGCCTGATTGGACCCCTTCTGGTCTGCCACACTAACACACTGAACCCTGCTCATGGGAGACAAGTGACAGTACAGGAATTTGCTCTGTTTTTCACCATCTTTGATGAAACCAAAAGCTGGTACTTCACTGAAAATATGGAAAGAAACTGCAGGGCTCCCTGCAATATCCAGATGGAAGATCCCACTTAGAGACCGTAGCCAGGCTGCCACTTGCTAACCC
FRED3_block5_s1	CCGCGTGATTACGAGTCGGGCTACGGTCTCTCTGGGGCCATATATAAGAGCAGAAGTTGAAGATAATATCATGGTAACTTTCAGAAATCAGGCCTCTCGTCCCTATTCCTTCTATTCTAGCCTTATTTCTTATGAGGAAGATCAGAGGCAAGGAGCAGAACCTAGAAAAAACTTTGTCAAGCCTAATGAAACCAAAACTTACTTTTGGAAAGTGCAACATCATATGGCACCCACTAAAGATGAGTTTGACTGCAAAGCCTGGGCTTATTTCTCTGATGTTGACCTGGAAAAAGATGTGCACTCAGGCCTGATTGGACCCCTTCTGGTCTGCCACACTAACACACTGAACCCTGCTCATGGGAGACAAGTGACAGTACAGGAATTTGCTCTGTTTTTCACCATCTTTGATGAAACCAAAAGCTGGTACTTCACTGAAAATATGGAAAGAAACTGCAGGGCTCCCTGCAATATCCAGATGGAAGATCCCACTTTTAAAGAGAATTATCGCTTCCATGCAATCAATGGCTACATAATGGATACACTACCTGGCTTAGTAATGGCTCAGGATCAAAGGATTCGATGGTATCTGCTCAGCATGGGCAGCAATGAAAACATCCATTCTATTCATTTCAGTGGACATGTGTTCACTGTACGAAAAGAGACCGTAGCCAGGCTGCCACTTGCTAACCC
FRED3_block6_s1	CCGCGTGATTACGAGTCGGGCTACGGTCTCTCTGGGGCCATATATAAGAGCAGAAGTTGAAGATAATATCATGGTAACTTTCAGAAATCAGGCCTCTCGTCCCTATTCCTTCTATTCTAGCCTTATTTCTTATGAGGAAGATCAGAGGCAAGGAGCAGAACCTAGAAAAAACTTTGTCAAGCCTAATGAAACCAAAACTTACTTTTGGAAAGTGCAACATCATATGGCACCCACTAAAGATGAGTTTGACTGCAAAGCCTGGGCTTATTTCTCTGATGTTGACCTGGAAAAAGATGTGCACTCAGGCCTGATTGGACCCCTTCTGGTCTGCCACACTAACACACTGAACCCTGCTCATGGGAGACAAGTGACAGTACAGGAATTTGCTCTGTTTTTCACCATCTTTGATGAAACCAAAAGCTGGTACTTCACTGAAAATATGGAAAGAAACTGCAGGGCTCCCTGCAATATCCAGATGGAAGATCCCACTTTTAAAGAGAATTATCGCTTCCATGCAATCAATGGCTACATAATGGATACACTACCTGGCTTAGTAATGGCTCAGGATCAAAGGATTCGATGGTATCTGCTCAGCATGGGCAGCAATGAAAACATCCATTCTATTCATTTCAGTGGACATGTGTTCACTGTACGAAAAAAAGAGGAGTATAAAATGGCACTGTACAATCTCTATCCAGGTGTTTTTGAGACAGTGGAAATGTTACCATCCAAAGCTGGAATTTGGCGGGTGGAATGCCTTATTGGCGAGCATCTACATGCTGGGATGAGCACACTTTTTCTGGTGTACAGCAATAAGTAGAGACCGTAGCCAGGCTGCCACTTGCTAACCC
FRED3_block6_s2	CCGCGTGATTACGAGTCGGGCTACGGTCTCTATGATTATTCACGGCATCAAGACCCAGGGTGCCCGTCAGAAGTTCTCCAGCCTCTACATCTCTCAGTTTATCATCATGTATAGTCTTGATGGGAAGAAGTGGCAGACTTATCGAGGAAATTCCACTGGAACCTTAATGGTCTTCTTTGGCAATGTGGATTCATCTGGGATAAAACACAATATTTTTAACCCTCCAATTATTGCTCGATACATCCGTTTGCACCCAACTCATTATAGCATTCGCAGCACTCTTCGCATGGAGTTGATGGGCTGTGATTTAAATAGTTGCAGCATGCCATTGGGAATGGAGAGTAAAGCAATATCAGATGCACAGATTACTGCTTCATCCTACTTTACCAATATGTTTGCCACCTGGTCACCTTCAAAAGCTCGACTTCACCTCCAAGGGAGGAGTAATGCCTGGAGGCCTCAGGTGAATAATCCAAAAGAGTGGCTGCAAGTGGACTTCCAGAAGACAATGAAAGTCACAGGAGTAACTACTCAGGGAGTAAAATCTCTGCTTACCAGCATGTATGTGAAGGAGTTCCTCATCTCCAGCAGTCAAGATGGCCATCAGTGGACTCTCTTTTTTCAGAATGGCAAAGTAAAGGTTTTTCAGGGAAATCAAGACTCCTTCACACCTGTGGTGAACTCTCTAGACCCACCGTTACTGACTCGCTACCTTCGAATTCACCCCCAGAGTTGGGTGCACCAGATTGCCCTGAGGATGGAGGTTCTGGGCTGCGAGGCACAGGACCTCTACACAGCTAGGCAGGTGAATGAGAGACCGTAGCCAGGCTGCCACTTGCTAACCC
FRED3_block7_s2	CCGCGTGATTACGAGTCGGGCTACGGTCTCTTCATCTGGGATAAAACACAATATTTTTAACCCTCCAATTATTGCTCGATACATCCGTTTGCACCCAACTCATTATAGCATTCGCAGCACTCTTCGCATGGAGTTGATGGGCTGTGATTTAAATAGTTGCAGCATGCCATTGGGAATGGAGAGTAAAGCAATATCAGATGCACAGATTACTGCTTCATCCTACTTTACCAATATGTTTGCCACCTGGTCACCTTCAAAAGCTCGACTTCACCTCCAAGGGAGGAGTAATGCCTGGAGGCCTCAGGTGAATAATCCAAAAGAGTGGCTGCAAGTGGACTTCCAGAAGACAATGAAAGTCACAGGAGTAACTACTCAGGGAGTAAAATCTCTGCTTACCAGCATGTATGTGAAGGAGTTCCTCATCTCCAGCAGTCAAGATGGCCATCAGTGGACTCTCTTTTTTCAGAATGGCAAAGTAAAGGTTTTTCAGGGAAATCAAGACTCCTTCACACCTGTGGTGAACTCTCTAGACCCACCGTTACTGACTCGCTACCTTCGAATTCACCCCCAGAGTTGGGTGCACCAGATTGCCCTGAGGATGGAGGTTCTGGGCTGCGAGGCACAGGACCTCTACACAGCTAGGCAGGTGAATGAGAGACCGTAGCCAGGCTGCCACTTGCTAACCC
FRED3_block8_s2	CCGCGTGATTACGAGTCGGGCTACGGTCTCTGTAAAGCAATATCAGATGCACAGATTACTGCTTCATCCTACTTTACCAATATGTTTGCCACCTGGTCACCTTCAAAAGCTCGACTTCACCTCCAAGGGAGGAGTAATGCCTGGAGGCCTCAGGTGAATAATCCAAAAGAGTGGCTGCAAGTGGACTTCCAGAAGACAATGAAAGTCACAGGAGTAACTACTCAGGGAGTAAAATCTCTGCTTACCAGCATGTATGTGAAGGAGTTCCTCATCTCCAGCAGTCAAGATGGCCATCAGTGGACTCTCTTTTTTCAGAATGGCAAAGTAAAGGTTTTTCAGGGAAATCAAGACTCCTTCACACCTGTGGTGAACTCTCTAGACCCACCGTTACTGACTCGCTACCTTCGAATTCACCCCCAGAGTTGGGTGCACCAGATTGCCCTGAGGATGGAGGTTCTGGGCTGCGAGGCACAGGACCTCTACACAGCTAGGCAGGTGAATGAGAGACCGTAGCCAGGCTGCCACTTGCTAACCC
FRED3_block9_s2	CCGCGTGATTACGAGTCGGGCTACGGTCTCTAAGACAATGAAAGTCACAGGAGTAACTACTCAGGGAGTAAAATCTCTGCTTACCAGCATGTATGTGAAGGAGTTCCTCATCTCCAGCAGTCAAGATGGCCATCAGTGGACTCTCTTTTTTCAGAATGGCAAAGTAAAGGTTTTTCAGGGAAATCAAGACTCCTTCACACCTGTGGTGAACTCTCTAGACCCACCGTTACTGACTCGCTACCTTCGAATTCACCCCCAGAGTTGGGTGCACCAGATTGCCCTGAGGATGGAGGTTCTGGGCTGCGAGGCACAGGACCTCTACACAGCTAGGCAGGTGAATGAGAGACCGTAGCCAGGCTGCCACTTGCTAACCC
FRED3_block10_s2	ACGCCGCCACGTGTTCGTTAACTGTTGATTGGTGGCACATAAGTAATACCATGGTCCCTGAAATTCGGCTCAGTTACTTCGAGCGCCGCGTGATTACGAGTCGGGCTACGGTCTCTTCCTTCACACCTGTGGTGAACTCTCTAGACCCACCGTTACTGACTCGCTACCTTCGAATTCACCCCCAGAGTTGGGTGCACCAGATTGCCCTGAGGATGGAGGTTCTGGGCTGCGAGGCACAGGACCTCTACACAGCTAGGCAGGTGAATGAGAGACCGTAGCCAGGCTGCCACTTGCTAACCC
FRED1_block2_s1	ACGCCGCCACGTGTTCGTTAACTGTTGATTGGTGGCACATAAGTAATACCATGGTCCCTGAAATTCGGCTCAGTTACTTCGAGCGTAATGTCTCAAATGGCCCGCGTGATTACGAGTCGGGCTACGGTCTCTACGACACCTGCCTAGGCCACCATGCAAATAGAGCTCTCTACCTGCTTCTTTCTGTGCCTTTTGCGATTCTGCTTTAGTGCCACCAGAAGATACTACCTGGGTGCAGTGGAACTGTCATGGGACTATATGCAAAGTAGAGACCGTAGCCAGGCTGCCACTTGCTAACCC
FRED1_block3_s1	CCGCGTGATTACGAGTCGGGCTACGGTCTCTACGACACCTGCCTAGGCCACCATGCAAATAGAGCTCTCTACCTGCTTCTTTCTGTGCCTTTTGCGATTCTGCTTTAGTGCCACCAGAAGATACTACCTGGGTGCAGTGGAACTGTCATGGGACTATATGCAAAGTGATCTCGGTGAGCTGCCTGTGGACGCAAGATTTCCTCCTAGAGTGCCAAAATCTTTTCCATTCAACACCTCAGTCGTGTACAAAAAGACTCTGTTTGTAGAATTCACGGATCACCTTTTCAACATCGCTAAGCCAAGGCCACCCTGGATGGGTCTGAGAGACCGTAGCCAGGCTGCCACTTGCTAACCC
FRED1_block4_s1	CCGCGTGATTACGAGTCGGGCTACGGTCTCTACGACACCTGCCTAGGCCACCATGCAAATAGAGCTCTCTACCTGCTTCTTTCTGTGCCTTTTGCGATTCTGCTTTAGTGCCACCAGAAGATACTACCTGGGTGCAGTGGAACTGTCATGGGACTATATGCAAAGTGATCTCGGTGAGCTGCCTGTGGACGCAAGATTTCCTCCTAGAGTGCCAAAATCTTTTCCATTCAACACCTCAGTCGTGTACAAAAAGACTCTGTTTGTAGAATTCACGGATCACCTTTTCAACATCGCTAAGCCAAGGCCACCCTGGATGGGTCTGCTAGGTCCTACCATCCAGGCTGAGGTTTATGATACAGTGGTCATTACACTTAAGAACATGGCTTCCCATCCTGTCAGTCTTCATGCTGTTGGTGTATCCTACTGGAAAGCTTCTGAGGGAGCTGAATATGATGATCAGACCAGTCAAAGGGAGAAAGAGACCGTAGCCAGGCTGCCACTTGCTAACCC
FRED1_block5_s1	CCGCGTGATTACGAGTCGGGCTACGGTCTCTACGACACCTGCCTAGGCCACCATGCAAATAGAGCTCTCTACCTGCTTCTTTCTGTGCCTTTTGCGATTCTGCTTTAGTGCCACCAGAAGATACTACCTGGGTGCAGTGGAACTGTCATGGGACTATATGCAAAGTGATCTCGGTGAGCTGCCTGTGGACGCAAGATTTCCTCCTAGAGTGCCAAAATCTTTTCCATTCAACACCTCAGTCGTGTACAAAAAGACTCTGTTTGTAGAATTCACGGATCACCTTTTCAACATCGCTAAGCCAAGGCCACCCTGGATGGGTCTGCTAGGTCCTACCATCCAGGCTGAGGTTTATGATACAGTGGTCATTACACTTAAGAACATGGCTTCCCATCCTGTCAGTCTTCATGCTGTTGGTGTATCCTACTGGAAAGCTTCTGAGGGAGCTGAATATGATGATCAGACCAGTCAAAGGGAGAAAGAAGATGATAAAGTCTTCCCTGGTGGAAGCCATACATATGTCTGGCAGGTCCTGAAAGAGAATGGTCCAATGGCCTCTGACCCACTGTGCCTTACCTACTCATATCTTTCTCATGTGGACCTGGTAAAAGACTTGAATTCAGGCCTCATTGGAAGAGACCGTAGCCAGGCTGCCACTTGCTAACCC
FRED1_block5_s2	CCGCGTGATTACGAGTCGGGCTACGGTCTCTAAATGCACACAGTCAATGGTTATGTAAACAGATCTCTGCCAGGTCTGATTGGATGCCACAGGAAATCAGTCTATTGGCATGTGATTGGAATGGGCACCACTCCTGAAGTGCACTCAATATTCCTCGAAGGTCACACATTTCTTGTGAGGAACCATCGCCAGGCGTCCTTGGAAATCTCGCCAATAACTTTCCTTACTGCTCAAACACTCTTGATGGACCTTGGACAGTTTCTACTGTTTTGTCATATCTCTTCCCACCAACATGATGGCATGGAAGCTTATGTCAAAGTAGACAGCTGTCCAGAGGAACCCCAACTACGAATGAAAAATAATGAAGAAGCGGAAGACTATGATGATGATCTTACTGATTCTGAAATGGATGTGGTCAGGTTTGATGATGACAACTCTCCTTCCTTTATCCAAATTCGCTCAGTTGCCAAGAAGCATCCTAAAACTTGGGTACATTACATTGCTGCTGAAGAGGAGGACTGGGACTATGCTCCCTTAGTCCTCGCCCCCGATGACAGAAGTTATAAAAGTCAATATTTGAACAATGGCCCTCAGCGGATTGGTAGGAAGTACAAAAAAGTCCGATTTATGGCATACACAGATGAAACCTTTAAGACTCGTGAAGCTATTCAGCATGAATCAGGAATCTTGGGACCTTTACTTTATGGGGAAGTTGGAGACACACTGTTGATTATATTTAAGAATCAAGCAAGCAGACCATATAACATCTACCCTCACGGAATCACTGATGTCCGTCCTTTGTATTCAAGGAGATTACCAAAAGGTGTAAAACATTTGAAGGATTTTCCAATTCTGCCAGGAGAAATATTCAAATATAAATGGACAGTGACTGTAGAAGATGGGCCAACTAAATCAGATCCTCGGTGCCTGACCCGCTATTACTCTAGTTTCAGAGACCGTAGCCAGGCTGCCACTTGCTAACCC
FRED1_block6_s1	CCGCGTGATTACGAGTCGGGCTACGGTCTCTACGACACCTGCCTAGGCCACCATGCAAATAGAGCTCTCTACCTGCTTCTTTCTGTGCCTTTTGCGATTCTGCTTTAGTGCCACCAGAAGATACTACCTGGGTGCAGTGGAACTGTCATGGGACTATATGCAAAGTGATCTCGGTGAGCTGCCTGTGGACGCAAGATTTCCTCCTAGAGTGCCAAAATCTTTTCCATTCAACACCTCAGTCGTGTACAAAAAGACTCTGTTTGTAGAATTCACGGATCACCTTTTCAACATCGCTAAGCCAAGGCCACCCTGGATGGGTCTGCTAGGTCCTACCATCCAGGCTGAGGTTTATGATACAGTGGTCATTACACTTAAGAACATGGCTTCCCATCCTGTCAGTCTTCATGCTGTTGGTGTATCCTACTGGAAAGCTTCTGAGGGAGCTGAATATGATGATCAGACCAGTCAAAGGGAGAAAGAAGATGATAAAGTCTTCCCTGGTGGAAGCCATACATATGTCTGGCAGGTCCTGAAAGAGAATGGTCCAATGGCCTCTGACCCACTGTGCCTTACCTACTCATATCTTTCTCATGTGGACCTGGTAAAAGACTTGAATTCAGGCCTCATTGGAGCCCTACTAGTATGTAGAGAAGGGAGTCTGGCCAAGGAAAAGACACAGACCTTGCACAAATTTATACTACTTTTTGCTGTATTTGATGAAGGGAAAAGTTGGCACTCAGAAACAAAGAACTCCTTGATGCAGGATAGGGATGCTGCATCTGCTCGGGCCTGAGAGACCGTAGCCAGGCTGCCACTTGCTAACCC
FRED1_block6_s2	CCGCGTGATTACGAGTCGGGCTACGGTCTCTAGGCGTCCTTGGAAATCTCGCCAATAACTTTCCTTACTGCTCAAACACTCTTGATGGACCTTGGACAGTTTCTACTGTTTTGTCATATCTCTTCCCACCAACATGATGGCATGGAAGCTTATGTCAAAGTAGACAGCTGTCCAGAGGAACCCCAACTACGAATGAAAAATAATGAAGAAGCGGAAGACTATGATGATGATCTTACTGATTCTGAAATGGATGTGGTCAGGTTTGATGATGACAACTCTCCTTCCTTTATCCAAATTCGCTCAGTTGCCAAGAAGCATCCTAAAACTTGGGTACATTACATTGCTGCTGAAGAGGAGGACTGGGACTATGCTCCCTTAGTCCTCGCCCCCGATGACAGAAGTTATAAAAGTCAATATTTGAACAATGGCCCTCAGCGGATTGGTAGGAAGTACAAAAAAGTCCGATTTATGGCATACACAGATGAAACCTTTAAGACTCGTGAAGCTATTCAGCATGAATCAGGAATCTTGGGACCTTTACTTTATGGGGAAGTTGGAGACACACTGTTGATTATATTTAAGAATCAAGCAAGCAGACCATATAACATCTACCCTCACGGAATCACTGATGTCCGTCCTTTGTATTCAAGGAGATTACCAAAAGGTGTAAAACATTTGAAGGATTTTCCAATTCTGCCAGGAGAAATATTCAAATATAAATGGACAGTGACTGTAGAAGATGGGCCAACTAAATCAGATCCTCGGTGCCTGACCCGCTATTACTCTAGTTTCAGAGACCGTAGCCAGGCTGCCACTTGCTAACCC
FRED1_block7_s1	CCGCGTGATTACGAGTCGGGCTACGGTCTCTACGACACCTGCCTAGGCCACCATGCAAATAGAGCTCTCTACCTGCTTCTTTCTGTGCCTTTTGCGATTCTGCTTTAGTGCCACCAGAAGATACTACCTGGGTGCAGTGGAACTGTCATGGGACTATATGCAAAGTGATCTCGGTGAGCTGCCTGTGGACGCAAGATTTCCTCCTAGAGTGCCAAAATCTTTTCCATTCAACACCTCAGTCGTGTACAAAAAGACTCTGTTTGTAGAATTCACGGATCACCTTTTCAACATCGCTAAGCCAAGGCCACCCTGGATGGGTCTGCTAGGTCCTACCATCCAGGCTGAGGTTTATGATACAGTGGTCATTACACTTAAGAACATGGCTTCCCATCCTGTCAGTCTTCATGCTGTTGGTGTATCCTACTGGAAAGCTTCTGAGGGAGCTGAATATGATGATCAGACCAGTCAAAGGGAGAAAGAAGATGATAAAGTCTTCCCTGGTGGAAGCCATACATATGTCTGGCAGGTCCTGAAAGAGAATGGTCCAATGGCCTCTGACCCACTGTGCCTTACCTACTCATATCTTTCTCATGTGGACCTGGTAAAAGACTTGAATTCAGGCCTCATTGGAGCCCTACTAGTATGTAGAGAAGGGAGTCTGGCCAAGGAAAAGACACAGACCTTGCACAAATTTATACTACTTTTTGCTGTATTTGATGAAGGGAAAAGTTGGCACTCAGAAACAAAGAACTCCTTGATGCAGGATAGGGATGCTGCATCTGCTCGGGCCTGGCCTAAAATGCACACAGTCAATGGTTATGTAAACAGATCTCTGCCAGGTCTGATTGGATGCCACAGGAAATCAGTCTATTGGCATGTGATTGGAATGGGCACCACTCCTGAAGTGCACTCAATATTCCTCGAAGGTCACACATTTCTTGAGAGACCGTAGCCAGGCTGCCACTTGCTAACCC
FRED1_block7_s2	CCGCGTGATTACGAGTCGGGCTACGGTCTCTCGAATGAAAAATAATGAAGAAGCGGAAGACTATGATGATGATCTTACTGATTCTGAAATGGATGTGGTCAGGTTTGATGATGACAACTCTCCTTCCTTTATCCAAATTCGCTCAGTTGCCAAGAAGCATCCTAAAACTTGGGTACATTACATTGCTGCTGAAGAGGAGGACTGGGACTATGCTCCCTTAGTCCTCGCCCCCGATGACAGAAGTTATAAAAGTCAATATTTGAACAATGGCCCTCAGCGGATTGGTAGGAAGTACAAAAAAGTCCGATTTATGGCATACACAGATGAAACCTTTAAGACTCGTGAAGCTATTCAGCATGAATCAGGAATCTTGGGACCTTTACTTTATGGGGAAGTTGGAGACACACTGTTGATTATATTTAAGAATCAAGCAAGCAGACCATATAACATCTACCCTCACGGAATCACTGATGTCCGTCCTTTGTATTCAAGGAGATTACCAAAAGGTGTAAAACATTTGAAGGATTTTCCAATTCTGCCAGGAGAAATATTCAAATATAAATGGACAGTGACTGTAGAAGATGGGCCAACTAAATCAGATCCTCGGTGCCTGACCCGCTATTACTCTAGTTTCAGAGACCGTAGCCAGGCTGCCACTTGCTAACCC
FRED1_block8_s2	CCGCGTGATTACGAGTCGGGCTACGGTCTCTCTGAAGAGGAGGACTGGGACTATGCTCCCTTAGTCCTCGCCCCCGATGACAGAAGTTATAAAAGTCAATATTTGAACAATGGCCCTCAGCGGATTGGTAGGAAGTACAAAAAAGTCCGATTTATGGCATACACAGATGAAACCTTTAAGACTCGTGAAGCTATTCAGCATGAATCAGGAATCTTGGGACCTTTACTTTATGGGGAAGTTGGAGACACACTGTTGATTATATTTAAGAATCAAGCAAGCAGACCATATAACATCTACCCTCACGGAATCACTGATGTCCGTCCTTTGTATTCAAGGAGATTACCAAAAGGTGTAAAACATTTGAAGGATTTTCCAATTCTGCCAGGAGAAATATTCAAATATAAATGGACAGTGACTGTAGAAGATGGGCCAACTAAATCAGATCCTCGGTGCCTGACCCGCTATTACTCTAGTTTCAGAGACCGTAGCCAGGCTGCCACTTGCTAACCC
FRED1_block9_s2	CCGCGTGATTACGAGTCGGGCTACGGTCTCTGACTCGTGAAGCTATTCAGCATGAATCAGGAATCTTGGGACCTTTACTTTATGGGGAAGTTGGAGACACACTGTTGATTATATTTAAGAATCAAGCAAGCAGACCATATAACATCTACCCTCACGGAATCACTGATGTCCGTCCTTTGTATTCAAGGAGATTACCAAAAGGTGTAAAACATTTGAAGGATTTTCCAATTCTGCCAGGAGAAATATTCAAATATAAATGGACAGTGACTGTAGAAGATGGGCCAACTAAATCAGATCCTCGGTGCCTGACCCGCTATTACTCTAGTTTCAGAGACCGTAGCCAGGCTGCCACTTGCTAACCC
FRED1_block10_s2	ACGCCGCCACGTGTTCGTTAACTGTTGATTGGTGGCACATAAGTAATACCATGGTCCCTGAAATTCGGCTCAGTTACTTCGAGCGTAATGTCTCACCGCGTGATTACGAGTCGGGCTACGGTCTCTAGATTACCAAAAGGTGTAAAACATTTGAAGGATTTTCCAATTCTGCCAGGAGAAATATTCAAATATAAATGGACAGTGACTGTAGAAGATGGGCCAACTAAATCAGATCCTCGGTGCCTGACCCGCTATTACTCTAGTTTCAGAGACCGTAGCCAGGCTGCCACTTGCTAACCC
