FRED2_gene_ampF	GGCTACGGTCTCTGAAATACACCTGCCTAGTTCAAATATAAATGGACAGTGACTGTAGAA	25nm	STD
FRED2_gene_ampR	GGCTACGGTCTCTCTGCCACCTGCCTAGTCTTATATATGGCCCCAGGAGTCCC	25nm	STD
FRED2_block1_s1_ampF	GGCTACGGTCTCTATCTGTAGATCAAAGAGGAAACCAGATAAT	25nm	STD
FRED2_block2_s1_ampR	GGCTACGGTCTCTAGATGAGGAGAGGGCCAATGAG	25nm	STD
FRED2_block2_s2_ampF	GGCTACGGTCTCTTCATGCACAGCATCAATGGCTATG	25nm	STD
FRED2_block3_s1_ampR	GGCTACGGTCTCTTGGATCCTCAAGCTGCACTCC	25nm	STD
FRED2_block3_s2_ampF	GGCTACGGTCTCTAAGACACACTCACCCTATTCCCATTC	25nm	STD
FRED2_block4_s1_ampR	GGCTACGGTCTCTATTTTGTGTTTGAAGGTATATCCAGAGAAG	25nm	STD
FRED2_block4_s2_ampF	GGCTACGGTCTCTACGAGGACAGTTATGAAGATATTTCAGC	25nm	STD
FRED2_block5_s1_ampR	GGCTACGGTCTCTTTCTTGTCACAACTAGAAACCTTCAGTAAG	25nm	STD
FRED2_block5_s2_ampF	GGCTACGGTCTCTCCTTGGTTTGCACACAGAACACC	25nm	STD
FRED2_block6_s1_ampR	GGCTACGGTCTCTTCTTCTCTATGTCATTTTCTGGAATTGTGG	25nm	STD
FRED2_block6_s2_ampF	GGCTACGGTCTCTTGGAGCAATAGACAGTAATAACAGCCTG	25nm	STD
FRED2_block7_s1_ampR	GGCTACGGTCTCTTCATCAGAAAAAGTCTCATATTTGGCTTCT	25nm	STD
FRED2_block7_s2_ampF	GGCTACGGTCTCTTTCTAGTACATCAAATAATCTGATTTCAAC	25nm	STD
FRED2_block8_s1_ampR	GGCTACGGTCTCTTTCTTCAACTCTGTTGCTGCAGTTG	25nm	STD
FRED2_block8_s2_ampF	GGCTACGGTCTCTTCTGGTGGACCTCTGAGCTTG	25nm	STD
FRED2_block9_s1_ampR	GGCTACGGTCTCTACTTTTTGCCAAATAGAGTGGTATCTAATT	25nm	STD
FRED2_block9_s2_ampF	GGCTACGGTCTCTATGATGATACCATATCAGTTGAAATGAAGA	25nm	STD
FRED2_block10_s1_ampR	GGCTACGGTCTCTTCTTGATCTGACTGAAGAGTAGTACGAG	25nm	STD
FRED2_block10_s2_ampF	GGCTACGGTCTCTTTCTAAGAAACAGGGCTCAGAGTGG	25nm	STD
FRED2_block11_s1_ampR	GGCTACGGTCTCTTACTCATCCCATAATCCCAGAGCC	25nm	STD
