FRED2_block1_s1	CCGCGTGATTACGAGTCGGGCTACGGTCTCTTCCTCATCTGCTACAAAGAATCTGTAGATCAAAGAGGAAACCAGATAATGTCAGACAAGAGGAATGTCATCCTGTTTTCTGTATTTGATGAGAACCGAAGCTGGTACCTCACAGAGAATATACAACGCTTTCTCCCCAATCCAGCTGGAGTGCAGCTTGAGGATCCAGAGTTCCAAGCCTCCAACATCATGCACAGCATCAATGGCTATGTTTTTGATAGTTTGCAGTTGTCAGTTTGTTTGCATGAGGTGGCATACTGGTACATTCTAAGCATTGGAGCACAGACTGACTTCCTTTCTGTCTTCTTCTCTGGATATACCTTCAAACACAAAATGGTCTATGAAGACACACTCACCCTATTCCCATTCTCAGGAGAAACTGTCTTCATGTCGATGGAAAACCCAGGTCTATGGATTCTGGGGTGCCACAACTCAGACTTTCGGAACAGAGGCATGACCGCCTTACTGAAGGTTTCTAGTTGTGACAAGAACACTGGTGATTATTACGAGGACAGTTATGAAGATATTTCAGCATACTTGCTGAGTAAAAACAATGCCATTGAACCAAGAAGCTTCTCCCAGAATTCAAGACACCCTAGCACTAGGCAAAAGCAATTTAATGCCACCACAATTCCAGAAAATGACATAGAGAAGACTGACCCTTGGTTTGCACACAGAACACCTATGCCTAAAATACAAAATGTCTCCTCTAGTGATTTGTTGATGCTCTTGCGACAGAGTCCTACTCCACATGGGCTATCCTTATCTGATCTCCAAGAAGCCAAATATGAGACTTTTTCTGATGATCCATCACCTGGAGCAATAGACAGTAATAACAGCCTGTCTGAAATGACACACTTCAGGCCACAGCTCCATCACAGTGGGGACATGGTATTTACCCCTGAGTCAGGCCTCCAATTAAGATTAAATGAGAAACTGGGGACAACTGCAGCAACAGAGTTGAAGAAACTTGATTTCAAAGTTTCTAGTACATCAAATAATCTGATTTCAACAATTCCATCAGACAATTTGGCAGCAGGTACTGATAATACAAGTTCCTTAGGACCCCCAAGTATGCCAGTTCATTATGATAGTCAATTAGATACCACTCTATTTGGCAAAAAGTCATCTCCCCTTACTGAGTCTGGTGGACCTCTGAGCTTGAGTGAAGAAAATAATGATTCAAAGTTGTTAGAATCAGGTTTAATGAATAGCCAAGAAAGTTCATGGGGAAAAAATGTATCGTCACGGGAAATAACTCGTACTACTCTTCAGTCAGATCAAGAGGAAATTGACTATGATGATACCATATCAGTTGAAATGAAGAAGGAAGATTTTGACATTTATGATGAGGATGAAAATCAGAGCCCCCGCAGCTTTCAAAAGAAAACACGACACTATTTTATTGCTGCAGTGGAGAGGCTCTGGGATTATGGGATGAGTAGCTCCCCACATGTTCTAAGAAACAGGGCTCAGAGTGGCAGTGTCCCTCAGTTCAAGAAAGTTGTTTTCCAGGAATTTACTGATGGCTCCTTTACTCAGCCCTTATACCGTGGAGAACTAAATGAACATTTGGGACTCCTGGGGCCATATATAAGAGCAGAGAGACCGTAGCCAGGCTGCCACTTGCTAACCC
FRED2_block2_s2	CCGCGTGATTACGAGTCGGGCTACGGTCTCTTTCTCCCCAATCCAGCTGGAGTGCAGCTTGAGGATCCAGAGTTCCAAGCCTCCAACATCATGCACAGCATCAATGGCTATGTTTTTGATAGTTTGCAGTTGTCAGTTTGTTTGCATGAGGTGGCATACTGGTACATTCTAAGCATTGGAGCACAGACTGACTTCCTTTCTGTCTTCTTCTCTGGATATACCTTCAAACACAAAATGGTCTATGAAGACACACTCACCCTATTCCCATTCTCAGGAGAAACTGTCTTCATGTCGATGGAAAACCCAGGTCTATGGATTCTGGGGTGCCACAACTCAGACTTTCGGAACAGAGGCATGACCGCCTTACTGAAGGTTTCTAGTTGTGACAAGAACACTGGTGATTATTACGAGGACAGTTATGAAGATATTTCAGCATACTTGCTGAGTAAAAACAATGCCATTGAACCAAGAAGCTTCTCCCAGAATTCAAGACACCCTAGCACTAGGCAAAAGCAATTTAATGCCACCACAATTCCAGAAAATGACATAGAGAAGACTGACCCTTGGTTTGCACACAGAACACCTATGCCTAAAATACAAAATGTCTCCTCTAGTGATTTGTTGATGCTCTTGCGACAGAGTCCTACTCCACATGGGCTATCCTTATCTGATCTCCAAGAAGCCAAATATGAGACTTTTTCTGATGATCCATCACCTGGAGCAATAGACAGTAATAACAGCCTGTCTGAAATGACACACTTCAGGCCACAGCTCCATCACAGTGGGGACATGGTATTTACCCCTGAGTCAGGCCTCCAATTAAGATTAAATGAGAAACTGGGGACAACTGCAGCAACAGAGTTGAAGAAACTTGATTTCAAAGTTTCTAGTACATCAAATAATCTGATTTCAACAATTCCATCAGACAATTTGGCAGCAGGTACTGATAATACAAGTTCCTTAGGACCCCCAAGTATGCCAGTTCATTATGATAGTCAATTAGATACCACTCTATTTGGCAAAAAGTCATCTCCCCTTACTGAGTCTGGTGGACCTCTGAGCTTGAGTGAAGAAAATAATGATTCAAAGTTGTTAGAATCAGGTTTAATGAATAGCCAAGAAAGTTCATGGGGAAAAAATGTATCGTCACGGGAAATAACTCGTACTACTCTTCAGTCAGATCAAGAGGAAATTGACTATGATGATACCATATCAGTTGAAATGAAGAAGGAAGATTTTGACATTTATGATGAGGATGAAAATCAGAGCCCCCGCAGCTTTCAAAAGAAAACACGACACTATTTTATTGCTGCAGTGGAGAGGCTCTGGGATTATGGGATGAGTAGCTCCCCACATGTTCTAAGAAACAGGGCTCAGAGTGGCAGTGTCCCTCAGTTCAAGAAAGTTGTTTTCCAGGAATTTACTGATGGCTCCTTTACTCAGCCCTTATACCGTGGAGAACTAAATGAACATTTGGGACTCCTGGGGCCATATATAAGAGCAGAGAGACCGTAGCCAGGCTGCCACTTGCTAACCC
FRED2_block3_s2	CCGCGTGATTACGAGTCGGGCTACGGTCTCTTTCTAAGCATTGGAGCACAGACTGACTTCCTTTCTGTCTTCTTCTCTGGATATACCTTCAAACACAAAATGGTCTATGAAGACACACTCACCCTATTCCCATTCTCAGGAGAAACTGTCTTCATGTCGATGGAAAACCCAGGTCTATGGATTCTGGGGTGCCACAACTCAGACTTTCGGAACAGAGGCATGACCGCCTTACTGAAGGTTTCTAGTTGTGACAAGAACACTGGTGATTATTACGAGGACAGTTATGAAGATATTTCAGCATACTTGCTGAGTAAAAACAATGCCATTGAACCAAGAAGCTTCTCCCAGAATTCAAGACACCCTAGCACTAGGCAAAAGCAATTTAATGCCACCACAATTCCAGAAAATGACATAGAGAAGACTGACCCTTGGTTTGCACACAGAACACCTATGCCTAAAATACAAAATGTCTCCTCTAGTGATTTGTTGATGCTCTTGCGACAGAGTCCTACTCCACATGGGCTATCCTTATCTGATCTCCAAGAAGCCAAATATGAGACTTTTTCTGATGATCCATCACCTGGAGCAATAGACAGTAATAACAGCCTGTCTGAAATGACACACTTCAGGCCACAGCTCCATCACAGTGGGGACATGGTATTTACCCCTGAGTCAGGCCTCCAATTAAGATTAAATGAGAAACTGGGGACAACTGCAGCAACAGAGTTGAAGAAACTTGATTTCAAAGTTTCTAGTACATCAAATAATCTGATTTCAACAATTCCATCAGACAATTTGGCAGCAGGTACTGATAATACAAGTTCCTTAGGACCCCCAAGTATGCCAGTTCATTATGATAGTCAATTAGATACCACTCTATTTGGCAAAAAGTCATCTCCCCTTACTGAGTCTGGTGGACCTCTGAGCTTGAGTGAAGAAAATAATGATTCAAAGTTGTTAGAATCAGGTTTAATGAATAGCCAAGAAAGTTCATGGGGAAAAAATGTATCGTCACGGGAAATAACTCGTACTACTCTTCAGTCAGATCAAGAGGAAATTGACTATGATGATACCATATCAGTTGAAATGAAGAAGGAAGATTTTGACATTTATGATGAGGATGAAAATCAGAGCCCCCGCAGCTTTCAAAAGAAAACACGACACTATTTTATTGCTGCAGTGGAGAGGCTCTGGGATTATGGGATGAGTAGCTCCCCACATGTTCTAAGAAACAGGGCTCAGAGTGGCAGTGTCCCTCAGTTCAAGAAAGTTGTTTTCCAGGAATTTACTGATGGCTCCTTTACTCAGCCCTTATACCGTGGAGAACTAAATGAACATTTGGGACTCCTGGGGCCATATATAAGAGCAGAGAGACCGTAGCCAGGCTGCCACTTGCTAACCC
FRED2_block4_s2	CCGCGTGATTACGAGTCGGGCTACGGTCTCTTCTATGGATTCTGGGGTGCCACAACTCAGACTTTCGGAACAGAGGCATGACCGCCTTACTGAAGGTTTCTAGTTGTGACAAGAACACTGGTGATTATTACGAGGACAGTTATGAAGATATTTCAGCATACTTGCTGAGTAAAAACAATGCCATTGAACCAAGAAGCTTCTCCCAGAATTCAAGACACCCTAGCACTAGGCAAAAGCAATTTAATGCCACCACAATTCCAGAAAATGACATAGAGAAGACTGACCCTTGGTTTGCACACAGAACACCTATGCCTAAAATACAAAATGTCTCCTCTAGTGATTTGTTGATGCTCTTGCGACAGAGTCCTACTCCACATGGGCTATCCTTATCTGATCTCCAAGAAGCCAAATATGAGACTTTTTCTGATGATCCATCACCTGGAGCAATAGACAGTAATAACAGCCTGTCTGAAATGACACACTTCAGGCCACAGCTCCATCACAGTGGGGACATGGTATTTACCCCTGAGTCAGGCCTCCAATTAAGATTAAATGAGAAACTGGGGACAACTGCAGCAACAGAGTTGAAGAAACTTGATTTCAAAGTTTCTAGTACATCAAATAATCTGATTTCAACAATTCCATCAGACAATTTGGCAGCAGGTACTGATAATACAAGTTCCTTAGGACCCCCAAGTATGCCAGTTCATTATGATAGTCAATTAGATACCACTCTATTTGGCAAAAAGTCATCTCCCCTTACTGAGTCTGGTGGACCTCTGAGCTTGAGTGAAGAAAATAATGATTCAAAGTTGTTAGAATCAGGTTTAATGAATAGCCAAGAAAGTTCATGGGGAAAAAATGTATCGTCACGGGAAATAACTCGTACTACTCTTCAGTCAGATCAAGAGGAAATTGACTATGATGATACCATATCAGTTGAAATGAAGAAGGAAGATTTTGACATTTATGATGAGGATGAAAATCAGAGCCCCCGCAGCTTTCAAAAGAAAACACGACACTATTTTATTGCTGCAGTGGAGAGGCTCTGGGATTATGGGATGAGTAGCTCCCCACATGTTCTAAGAAACAGGGCTCAGAGTGGCAGTGTCCCTCAGTTCAAGAAAGTTGTTTTCCAGGAATTTACTGATGGCTCCTTTACTCAGCCCTTATACCGTGGAGAACTAAATGAACATTTGGGACTCCTGGGGCCATATATAAGAGCAGAGAGACCGTAGCCAGGCTGCCACTTGCTAACCC
FRED2_block5_s2	CCGCGTGATTACGAGTCGGGCTACGGTCTCTACTTGCTGAGTAAAAACAATGCCATTGAACCAAGAAGCTTCTCCCAGAATTCAAGACACCCTAGCACTAGGCAAAAGCAATTTAATGCCACCACAATTCCAGAAAATGACATAGAGAAGACTGACCCTTGGTTTGCACACAGAACACCTATGCCTAAAATACAAAATGTCTCCTCTAGTGATTTGTTGATGCTCTTGCGACAGAGTCCTACTCCACATGGGCTATCCTTATCTGATCTCCAAGAAGCCAAATATGAGACTTTTTCTGATGATCCATCACCTGGAGCAATAGACAGTAATAACAGCCTGTCTGAAATGACACACTTCAGGCCACAGCTCCATCACAGTGGGGACATGGTATTTACCCCTGAGTCAGGCCTCCAATTAAGATTAAATGAGAAACTGGGGACAACTGCAGCAACAGAGTTGAAGAAACTTGATTTCAAAGTTTCTAGTACATCAAATAATCTGATTTCAACAATTCCATCAGACAATTTGGCAGCAGGTACTGATAATACAAGTTCCTTAGGACCCCCAAGTATGCCAGTTCATTATGATAGTCAATTAGATACCACTCTATTTGGCAAAAAGTCATCTCCCCTTACTGAGTCTGGTGGACCTCTGAGCTTGAGTGAAGAAAATAATGATTCAAAGTTGTTAGAATCAGGTTTAATGAATAGCCAAGAAAGTTCATGGGGAAAAAATGTATCGTCACGGGAAATAACTCGTACTACTCTTCAGTCAGATCAAGAGGAAATTGACTATGATGATACCATATCAGTTGAAATGAAGAAGGAAGATTTTGACATTTATGATGAGGATGAAAATCAGAGCCCCCGCAGCTTTCAAAAGAAAACACGACACTATTTTATTGCTGCAGTGGAGAGGCTCTGGGATTATGGGATGAGTAGCTCCCCACATGTTCTAAGAAACAGGGCTCAGAGTGGCAGTGTCCCTCAGTTCAAGAAAGTTGTTTTCCAGGAATTTACTGATGGCTCCTTTACTCAGCCCTTATACCGTGGAGAACTAAATGAACATTTGGGACTCCTGGGGCCATATATAAGAGCAGAGAGACCGTAGCCAGGCTGCCACTTGCTAACCC
FRED2_block9_s1	CCGCGTGATTACGAGTCGGGCTACGGTCTCTGAAATTCAAATATAAATGGACAGTGACTGTAGAAGATGGGCCAACTAAATCAGATCCTCGGTGCCTGACCCGCTATTACTCTAGTTTCGTTAATATGGAGAGAGATCTAGCTTCAGGACTCATTGGCCCTCTCCTCATCTGCTACAAAGAATCTGTAGATCAAAGAGGAAACCAGATAATGTCAGACAAGAGGAATGTCATCCTGTTTTCTGTATTTGATGAGAACCGAAGCTGGTACCTCACAGAGAATATACAACGCTTTCTCCCCAATCCAGCTGGAGTGCAGCTTGAGGATCCAGAGTTCCAAGCCTCCAACATCATGCACAGCATCAATGGCTATGTTTTTGATAGTTTGCAGTTGTCAGTTTGTTTGCATGAGGTGGCATACTGGTACATTCTAAGCATTGGAGCACAGACTGACTTCCTTTCTGTCTTCTTCTCTGGATATACCTTCAAACACAAAATGGTCTATGAAGACACACTCACCCTATTCCCATTCTCAGGAGAAACTGTCTTCATGTCGATGGAAAACCCAGGTCTATGGATTCTGGGGTGCCACAACTCAGACTTTCGGAACAGAGGCATGACCGCCTTACTGAAGGTTTCTAGTTGTGACAAGAACACTGGTGATTATTACGAGGACAGTTATGAAGATATTTCAGCATACTTGCTGAGTAAAAACAATGCCATTGAACCAAGAAGCTTCTCCCAGAATTCAAGACACCCTAGCACTAGGCAAAAGCAATTTAATGCCACCACAATTCCAGAAAATGACATAGAGAAGACTGACCCTTGGTTTGCACACAGAACACCTATGCCTAAAATACAAAATGTCTCCTCTAGTGATTTGTTGATGCTCTTGCGACAGAGTCCTACTCCACATGGGCTATCCTTATCTGATCTCCAAGAAGCCAAATATGAGACTTTTTCTGATGATCCATCACCTGGAGCAATAGACAGTAATAACAGCCTGTCTGAAATGACACACTTCAGGCCACAGCTCCATCACAGTGGGGACATGGTATTTACCCCTGAGTCAGGCCTCCAATTAAGATTAAATGAGAAAGAGACCGTAGCCAGGCTGCCACTTGCTAACCC
FRED2_block10_s1	CCGCGTGATTACGAGTCGGGCTACGGTCTCTGAAATTCAAATATAAATGGACAGTGACTGTAGAAGATGGGCCAACTAAATCAGATCCTCGGTGCCTGACCCGCTATTACTCTAGTTTCGTTAATATGGAGAGAGATCTAGCTTCAGGACTCATTGGCCCTCTCCTCATCTGCTACAAAGAATCTGTAGATCAAAGAGGAAACCAGATAATGTCAGACAAGAGGAATGTCATCCTGTTTTCTGTATTTGATGAGAACCGAAGCTGGTACCTCACAGAGAATATACAACGCTTTCTCCCCAATCCAGCTGGAGTGCAGCTTGAGGATCCAGAGTTCCAAGCCTCCAACATCATGCACAGCATCAATGGCTATGTTTTTGATAGTTTGCAGTTGTCAGTTTGTTTGCATGAGGTGGCATACTGGTACATTCTAAGCATTGGAGCACAGACTGACTTCCTTTCTGTCTTCTTCTCTGGATATACCTTCAAACACAAAATGGTCTATGAAGACACACTCACCCTATTCCCATTCTCAGGAGAAACTGTCTTCATGTCGATGGAAAACCCAGGTCTATGGATTCTGGGGTGCCACAACTCAGACTTTCGGAACAGAGGCATGACCGCCTTACTGAAGGTTTCTAGTTGTGACAAGAACACTGGTGATTATTACGAGGACAGTTATGAAGATATTTCAGCATACTTGCTGAGTAAAAACAATGCCATTGAACCAAGAAGCTTCTCCCAGAATTCAAGACACCCTAGCACTAGGCAAAAGCAATTTAATGCCACCACAATTCCAGAAAATGACATAGAGAAGACTGACCCTTGGTTTGCACACAGAACACCTATGCCTAAAATACAAAATGTCTCCTCTAGTGATTTGTTGATGCTCTTGCGACAGAGTCCTACTCCACATGGGCTATCCTTATCTGATCTCCAAGAAGCCAAATATGAGACTTTTTCTGATGATCCATCACCTGGAGCAATAGACAGTAATAACAGCCTGTCTGAAATGACACACTTCAGGCCACAGCTCCATCACAGTGGGGACATGGTATTTACCCCTGAGTCAGGCCTCCAATTAAGATTAAATGAGAAACTGGGGACAACTGCAGCAACAGAGTTGAAGAAACTTGATTTCAAAGTTTCTAGTACATCAAATAATCTGATTTCAACAATTCCATCAGACAATTTGGCAGCAGGTACTGATAATACAAGTTCCTTAGGAAGAGACCGTAGCCAGGCTGCCACTTGCTAACCC
FRED2_block11_s1	CCGCGTGATTACGAGTCGGGCTACGGTCTCTGAAATTCAAATATAAATGGACAGTGACTGTAGAAGATGGGCCAACTAAATCAGATCCTCGGTGCCTGACCCGCTATTACTCTAGTTTCGTTAATATGGAGAGAGATCTAGCTTCAGGACTCATTGGCCCTCTCCTCATCTGCTACAAAGAATCTGTAGATCAAAGAGGAAACCAGATAATGTCAGACAAGAGGAATGTCATCCTGTTTTCTGTATTTGATGAGAACCGAAGCTGGTACCTCACAGAGAATATACAACGCTTTCTCCCCAATCCAGCTGGAGTGCAGCTTGAGGATCCAGAGTTCCAAGCCTCCAACATCATGCACAGCATCAATGGCTATGTTTTTGATAGTTTGCAGTTGTCAGTTTGTTTGCATGAGGTGGCATACTGGTACATTCTAAGCATTGGAGCACAGACTGACTTCCTTTCTGTCTTCTTCTCTGGATATACCTTCAAACACAAAATGGTCTATGAAGACACACTCACCCTATTCCCATTCTCAGGAGAAACTGTCTTCATGTCGATGGAAAACCCAGGTCTATGGATTCTGGGGTGCCACAACTCAGACTTTCGGAACAGAGGCATGACCGCCTTACTGAAGGTTTCTAGTTGTGACAAGAACACTGGTGATTATTACGAGGACAGTTATGAAGATATTTCAGCATACTTGCTGAGTAAAAACAATGCCATTGAACCAAGAAGCTTCTCCCAGAATTCAAGACACCCTAGCACTAGGCAAAAGCAATTTAATGCCACCACAATTCCAGAAAATGACATAGAGAAGACTGACCCTTGGTTTGCACACAGAACACCTATGCCTAAAATACAAAATGTCTCCTCTAGTGATTTGTTGATGCTCTTGCGACAGAGTCCTACTCCACATGGGCTATCCTTATCTGATCTCCAAGAAGCCAAATATGAGACTTTTTCTGATGATCCATCACCTGGAGCAATAGACAGTAATAACAGCCTGTCTGAAATGACACACTTCAGGCCACAGCTCCATCACAGTGGGGACATGGTATTTACCCCTGAGTCAGGCCTCCAATTAAGATTAAATGAGAAACTGGGGACAACTGCAGCAACAGAGTTGAAGAAACTTGATTTCAAAGTTTCTAGTACATCAAATAATCTGATTTCAACAATTCCATCAGACAATTTGGCAGCAGGTACTGATAATACAAGTTCCTTAGGACCCCCAAGTATGCCAGTTCATTATGATAGTCAATTAGATACCACTCTATTTGGCAAAAAGTCATCTCCCCTTACTGAGTCTGGTGGACCTCTGAGCTTGAGTGAAGAAAATAATGATTCAAAGTTGTTAGAAAGAGACCGTAGCCAGGCTGCCACTTGCTAACCC
FRED2_block12_s1	CCGCGTGATTACGAGTCGGGCTACGGTCTCTGAAATTCAAATATAAATGGACAGTGACTGTAGAAGATGGGCCAACTAAATCAGATCCTCGGTGCCTGACCCGCTATTACTCTAGTTTCGTTAATATGGAGAGAGATCTAGCTTCAGGACTCATTGGCCCTCTCCTCATCTGCTACAAAGAATCTGTAGATCAAAGAGGAAACCAGATAATGTCAGACAAGAGGAATGTCATCCTGTTTTCTGTATTTGATGAGAACCGAAGCTGGTACCTCACAGAGAATATACAACGCTTTCTCCCCAATCCAGCTGGAGTGCAGCTTGAGGATCCAGAGTTCCAAGCCTCCAACATCATGCACAGCATCAATGGCTATGTTTTTGATAGTTTGCAGTTGTCAGTTTGTTTGCATGAGGTGGCATACTGGTACATTCTAAGCATTGGAGCACAGACTGACTTCCTTTCTGTCTTCTTCTCTGGATATACCTTCAAACACAAAATGGTCTATGAAGACACACTCACCCTATTCCCATTCTCAGGAGAAACTGTCTTCATGTCGATGGAAAACCCAGGTCTATGGATTCTGGGGTGCCACAACTCAGACTTTCGGAACAGAGGCATGACCGCCTTACTGAAGGTTTCTAGTTGTGACAAGAACACTGGTGATTATTACGAGGACAGTTATGAAGATATTTCAGCATACTTGCTGAGTAAAAACAATGCCATTGAACCAAGAAGCTTCTCCCAGAATTCAAGACACCCTAGCACTAGGCAAAAGCAATTTAATGCCACCACAATTCCAGAAAATGACATAGAGAAGACTGACCCTTGGTTTGCACACAGAACACCTATGCCTAAAATACAAAATGTCTCCTCTAGTGATTTGTTGATGCTCTTGCGACAGAGTCCTACTCCACATGGGCTATCCTTATCTGATCTCCAAGAAGCCAAATATGAGACTTTTTCTGATGATCCATCACCTGGAGCAATAGACAGTAATAACAGCCTGTCTGAAATGACACACTTCAGGCCACAGCTCCATCACAGTGGGGACATGGTATTTACCCCTGAGTCAGGCCTCCAATTAAGATTAAATGAGAAACTGGGGACAACTGCAGCAACAGAGTTGAAGAAACTTGATTTCAAAGTTTCTAGTACATCAAATAATCTGATTTCAACAATTCCATCAGACAATTTGGCAGCAGGTACTGATAATACAAGTTCCTTAGGACCCCCAAGTATGCCAGTTCATTATGATAGTCAATTAGATACCACTCTATTTGGCAAAAAGTCATCTCCCCTTACTGAGTCTGGTGGACCTCTGAGCTTGAGTGAAGAAAATAATGATTCAAAGTTGTTAGAATCAGGTTTAATGAATAGCCAAGAAAGTTCATGGGGAAAAAATGTATCGTCACGGGAAATAACTCGTACTACTCTTCAGTCAGATCAAGAGGAAATTGACTATGATGATACCATATCAGTTGAAATGAAGAAGGAAGAAGAGACCGTAGCCAGGCTGCCACTTGCTAACCC
FRED2_block13_s1	CCGCGTGATTACGAGTCGGGCTACGGTCTCTGAAATTCAAATATAAATGGACAGTGACTGTAGAAGATGGGCCAACTAAATCAGATCCTCGGTGCCTGACCCGCTATTACTCTAGTTTCGTTAATATGGAGAGAGATCTAGCTTCAGGACTCATTGGCCCTCTCCTCATCTGCTACAAAGAATCTGTAGATCAAAGAGGAAACCAGATAATGTCAGACAAGAGGAATGTCATCCTGTTTTCTGTATTTGATGAGAACCGAAGCTGGTACCTCACAGAGAATATACAACGCTTTCTCCCCAATCCAGCTGGAGTGCAGCTTGAGGATCCAGAGTTCCAAGCCTCCAACATCATGCACAGCATCAATGGCTATGTTTTTGATAGTTTGCAGTTGTCAGTTTGTTTGCATGAGGTGGCATACTGGTACATTCTAAGCATTGGAGCACAGACTGACTTCCTTTCTGTCTTCTTCTCTGGATATACCTTCAAACACAAAATGGTCTATGAAGACACACTCACCCTATTCCCATTCTCAGGAGAAACTGTCTTCATGTCGATGGAAAACCCAGGTCTATGGATTCTGGGGTGCCACAACTCAGACTTTCGGAACAGAGGCATGACCGCCTTACTGAAGGTTTCTAGTTGTGACAAGAACACTGGTGATTATTACGAGGACAGTTATGAAGATATTTCAGCATACTTGCTGAGTAAAAACAATGCCATTGAACCAAGAAGCTTCTCCCAGAATTCAAGACACCCTAGCACTAGGCAAAAGCAATTTAATGCCACCACAATTCCAGAAAATGACATAGAGAAGACTGACCCTTGGTTTGCACACAGAACACCTATGCCTAAAATACAAAATGTCTCCTCTAGTGATTTGTTGATGCTCTTGCGACAGAGTCCTACTCCACATGGGCTATCCTTATCTGATCTCCAAGAAGCCAAATATGAGACTTTTTCTGATGATCCATCACCTGGAGCAATAGACAGTAATAACAGCCTGTCTGAAATGACACACTTCAGGCCACAGCTCCATCACAGTGGGGACATGGTATTTACCCCTGAGTCAGGCCTCCAATTAAGATTAAATGAGAAACTGGGGACAACTGCAGCAACAGAGTTGAAGAAACTTGATTTCAAAGTTTCTAGTACATCAAATAATCTGATTTCAACAATTCCATCAGACAATTTGGCAGCAGGTACTGATAATACAAGTTCCTTAGGACCCCCAAGTATGCCAGTTCATTATGATAGTCAATTAGATACCACTCTATTTGGCAAAAAGTCATCTCCCCTTACTGAGTCTGGTGGACCTCTGAGCTTGAGTGAAGAAAATAATGATTCAAAGTTGTTAGAATCAGGTTTAATGAATAGCCAAGAAAGTTCATGGGGAAAAAATGTATCGTCACGGGAAATAACTCGTACTACTCTTCAGTCAGATCAAGAGGAAATTGACTATGATGATACCATATCAGTTGAAATGAAGAAGGAAGATTTTGACATTTATGATGAGGATGAAAATCAGAGCCCCCGCAGCTTTCAAAAGAAAACACGACACTATTTTATTGCTGCAGTGGAGAGGCTCTGGGATTATGGGATGAGTAGCTCCCCACATGTTCTAAGAAACAGGGCTCAGAAGAGACCGTAGCCAGGCTGCCACTTGCTAACCC
