FRED3_gene_ampF	GGCTACGGTCTCTCTGGGGCACCTGCCTAGCCATATATAAGAGCAGAAGTTGAAGATAAT	25nm	STD
FRED3_gene_ampR	GGCTACGGTCTCTCATTCACCTGCCTAGGTAGAGGTCCTGTGCCTCGC	25nm	STD
FRED3_block1_s1_ampF	GGCTACGGTCTCTGAAACCAAAACTTACTTTTGGAAAGTGCAA	25nm	STD
FRED3_block2_s1_ampR	GGCTACGGTCTCTAAGTTTTTTCTAGGTTCTGCTCCTTGC	25nm	STD
FRED3_block2_s2_ampF	GGCTACGGTCTCTTGAACCCTGCTCATGGGAGAC	25nm	STD
FRED3_block3_s1_ampR	GGCTACGGTCTCTTAGTGTGGCAGACCAGAAGGG	25nm	STD
FRED3_block3_s2_ampF	GGCTACGGTCTCTTTCCATGCAATCAATGGCTACATAATGG	25nm	STD
FRED3_block4_s1_ampR	GGCTACGGTCTCTAAGTGGGATCTTCCATCTGGATATTGC	25nm	STD
FRED3_block4_s2_ampF	GGCTACGGTCTCTAGGAGTATAAAATGGCACTGTACAATCTC	25nm	STD
FRED3_block5_s1_ampR	GGCTACGGTCTCTTTTCGTACAGTGAACACATGTCCAC	25nm	STD
FRED3_block5_s2_ampF	GGCTACGGTCTCTGACTCCCCTGGGAATGGCTTC	25nm	STD
FRED3_block6_s1_ampR	GGCTACGGTCTCTACTTATTGCTGTACACCAGAAAAAGTGTG	25nm	STD
FRED3_block6_s2_ampF	GGCTACGGTCTCTATGATTATTCACGGCATCAAGACCC	25nm	STD
FRED3_block7_s1_ampR	GGCTACGGTCTCTAGATCCACCTTGATCCAAGAAAAGGG	25nm	STD
FRED3_block7_s2_ampF	GGCTACGGTCTCTTCATCTGGGATAAAACACAATATTTTTAAC	25nm	STD
FRED3_block8_s1_ampR	GGCTACGGTCTCTAAGACCATTAAGGTTCCAGTGGAATTTC	25nm	STD
FRED3_block8_s2_ampF	GGCTACGGTCTCTGTAAAGCAATATCAGATGCACAGATTACTG	25nm	STD
FRED3_block9_s1_ampR	GGCTACGGTCTCTTTCCCAATGGCATGCTGCAAC	25nm	STD
FRED3_block9_s2_ampF	GGCTACGGTCTCTAAGACAATGAAAGTCACAGGAGTAACTAC	25nm	STD
FRED3_block10_s1_ampR	GGCTACGGTCTCTGGAAGTCCACTTGCAGCCAC	25nm	STD
FRED3_block10_s2_ampF	GGCTACGGTCTCTTCCTTCACACCTGTGGTGAACTC	25nm	STD
FRED3_block11_s1_ampR	GGCTACGGTCTCTTCTTGATTTCCCTGAAAAACCTTTACTTTG	25nm	STD
FRED1_gene_ampF	GGCTACGGTCTCTACGACACCTGCCTAGATGCAAATAGAGCTCTCTACCTGCTTC	25nm	STD
FRED1_gene_ampR	GGCTACGGTCTCTGAAACTCACCTGCCTAGAGAGTAATAGCGGGTCAGGCAC	25nm	STD
FRED1_block1_s1_ampF	GGCTACGGTCTCTTGGACGCAAGATTTCCTCCTAGAG	25nm	STD
FRED1_block2_s1_ampR	GGCTACGGTCTCTACTTTGCATATAGTCCCATGACAGTTC	25nm	STD
FRED1_block2_s2_ampF	GGCTACGGTCTCTCTGAGGTTTATGATACAGTGGTCATTACAC	25nm	STD
FRED1_block3_s1_ampR	GGCTACGGTCTCTCAGACCCATCCAGGGTGGC	25nm	STD
FRED1_block3_s2_ampF	GGCTACGGTCTCTAAGTCTTCCCTGGTGGAAGCC	25nm	STD
FRED1_block4_s1_ampR	GGCTACGGTCTCTTTCTCCCTTTGACTGGTCTGATCATC	25nm	STD
FRED1_block4_s2_ampF	GGCTACGGTCTCTAAGGGAGTCTGGCCAAGGAAAAG	25nm	STD
FRED1_block5_s1_ampR	GGCTACGGTCTCTTCCAATGAGGCCTGAATTCAAGTC	25nm	STD
FRED1_block5_s2_ampF	GGCTACGGTCTCTAAATGCACACAGTCAATGGTTATGTAAAC	25nm	STD
FRED1_block6_s1_ampR	GGCTACGGTCTCTCAGGCCCGAGCAGATGCAG	25nm	STD
FRED1_block6_s2_ampF	GGCTACGGTCTCTAGGCGTCCTTGGAAATCTCGC	25nm	STD
FRED1_block7_s1_ampR	GGCTACGGTCTCTCAAGAAATGTGTGACCTTCGAGGAATATTG	25nm	STD
FRED1_block7_s2_ampF	GGCTACGGTCTCTCGAATGAAAAATAATGAAGAAGCGGAAGAC	25nm	STD
FRED1_block8_s1_ampR	GGCTACGGTCTCTTGGACAGCTGTCTACTTTGACATAAGC	25nm	STD
FRED1_block8_s2_ampF	GGCTACGGTCTCTCTGAAGAGGAGGACTGGGACTATG	25nm	STD
FRED1_block9_s1_ampR	GGCTACGGTCTCTAAGTTTTAGGATGCTTCTTGGCAACTG	25nm	STD
FRED1_block9_s2_ampF	GGCTACGGTCTCTGACTCGTGAAGCTATTCAGCATGAATC	25nm	STD
FRED1_block10_s1_ampR	GGCTACGGTCTCTTCTGTGTATGCCATAAATCGGACTTTTTTG	25nm	STD
FRED1_block10_s2_ampF	GGCTACGGTCTCTAGATTACCAAAAGGTGTAAAACATTTGAAG	25nm	STD
FRED1_block11_s1_ampR	GGCTACGGTCTCTAAGGACGGACATCAGTGATTCCG	25nm	STD
FRED2_gene_ampF	GGCTACGGTCTCTGAAATACACCTGCCTAGTTCAAATATAAATGGACAGTGACTGTAGAA	25nm	STD
FRED2_gene_ampR	GGCTACGGTCTCTCTGCCACCTGCCTAGTCTTATATATGGCCCCAGGAGTCCC	25nm	STD
FRED2_block1_s1_ampF	GGCTACGGTCTCTATCTGTAGATCAAAGAGGAAACCAGATAAT	25nm	STD
FRED2_block2_s1_ampR	GGCTACGGTCTCTAGATGAGGAGAGGGCCAATGAG	25nm	STD
FRED2_block2_s2_ampF	GGCTACGGTCTCTTCATGCACAGCATCAATGGCTATG	25nm	STD
FRED2_block3_s1_ampR	GGCTACGGTCTCTTGGATCCTCAAGCTGCACTCC	25nm	STD
FRED2_block3_s2_ampF	GGCTACGGTCTCTAAGACACACTCACCCTATTCCCATTC	25nm	STD
FRED2_block4_s1_ampR	GGCTACGGTCTCTATTTTGTGTTTGAAGGTATATCCAGAGAAG	25nm	STD
FRED2_block4_s2_ampF	GGCTACGGTCTCTACGAGGACAGTTATGAAGATATTTCAGC	25nm	STD
FRED2_block5_s1_ampR	GGCTACGGTCTCTTTCTTGTCACAACTAGAAACCTTCAGTAAG	25nm	STD
FRED2_block5_s2_ampF	GGCTACGGTCTCTCCTTGGTTTGCACACAGAACACC	25nm	STD
FRED2_block6_s1_ampR	GGCTACGGTCTCTTCTTCTCTATGTCATTTTCTGGAATTGTGG	25nm	STD
FRED2_block6_s2_ampF	GGCTACGGTCTCTTGGAGCAATAGACAGTAATAACAGCCTG	25nm	STD
FRED2_block7_s1_ampR	GGCTACGGTCTCTTCATCAGAAAAAGTCTCATATTTGGCTTCT	25nm	STD
FRED2_block7_s2_ampF	GGCTACGGTCTCTTTCTAGTACATCAAATAATCTGATTTCAAC	25nm	STD
FRED2_block8_s1_ampR	GGCTACGGTCTCTTTCTTCAACTCTGTTGCTGCAGTTG	25nm	STD
FRED2_block8_s2_ampF	GGCTACGGTCTCTTCTGGTGGACCTCTGAGCTTG	25nm	STD
FRED2_block9_s1_ampR	GGCTACGGTCTCTACTTTTTGCCAAATAGAGTGGTATCTAATT	25nm	STD
FRED2_block9_s2_ampF	GGCTACGGTCTCTATGATGATACCATATCAGTTGAAATGAAGA	25nm	STD
FRED2_block10_s1_ampR	GGCTACGGTCTCTTCTTGATCTGACTGAAGAGTAGTACGAG	25nm	STD
FRED2_block10_s2_ampF	GGCTACGGTCTCTTTCTAAGAAACAGGGCTCAGAGTGG	25nm	STD
FRED2_block11_s1_ampR	GGCTACGGTCTCTTACTCATCCCATAATCCCAGAGCC	25nm	STD
