FRED1_block2_s1	ACGCCGCCACGTGTTCGTTAACTGTTGATTGGTGGCACATAAGTAATACCATGGTCCCTGAAATTCGGCTCAGTTACTTCGAGCGTAATGTCTCAAATGCCGCGTGATTACGAGTCGGGCTACGGTCTCTACGACACCTGCCTAGATGCAAATAGAGCTCTCTACCTGCTTCTTTCTGTGCCTTTTGCGATTCTGCTTTAGTGCCACCAGAAGATACTACCTGGGTGCAGTGGAACTGTCATGGGACTATATGCAAAGTGATCTCGGAGAGACCGTAGCCAGGCTGCCACTTGCTAACCC
FRED1_block3_s1	CCGCGTGATTACGAGTCGGGCTACGGTCTCTACGACACCTGCCTAGATGCAAATAGAGCTCTCTACCTGCTTCTTTCTGTGCCTTTTGCGATTCTGCTTTAGTGCCACCAGAAGATACTACCTGGGTGCAGTGGAACTGTCATGGGACTATATGCAAAGTGATCTCGGTGAGCTGCCTGTGGACGCAAGATTTCCTCCTAGAGTGCCAAAATCTTTTCCATTCAACACCTCAGTCGTGTACAAAAAGACTCTGTTTGTAGAATTCACGGATCACCTTTTCAACATCGCTAAGCCAAGGCCACCCTGGATGGGTCTGCTAGGTCCTAGAGACCGTAGCCAGGCTGCCACTTGCTAACCC
FRED1_block4_s1	CCGCGTGATTACGAGTCGGGCTACGGTCTCTACGACACCTGCCTAGATGCAAATAGAGCTCTCTACCTGCTTCTTTCTGTGCCTTTTGCGATTCTGCTTTAGTGCCACCAGAAGATACTACCTGGGTGCAGTGGAACTGTCATGGGACTATATGCAAAGTGATCTCGGTGAGCTGCCTGTGGACGCAAGATTTCCTCCTAGAGTGCCAAAATCTTTTCCATTCAACACCTCAGTCGTGTACAAAAAGACTCTGTTTGTAGAATTCACGGATCACCTTTTCAACATCGCTAAGCCAAGGCCACCCTGGATGGGTCTGCTAGGTCCTACCATCCAGGCTGAGGTTTATGATACAGTGGTCATTACACTTAAGAACATGGCTTCCCATCCTGTCAGTCTTCATGCTGTTGGTGTATCCTACTGGAAAGCTTCTGAGGGAGCTGAATATGATGATCAGACCAGTCAAAGGGAGAAAGAAGAAGAGACCGTAGCCAGGCTGCCACTTGCTAACCC
FRED1_block5_s1	CCGCGTGATTACGAGTCGGGCTACGGTCTCTACGACACCTGCCTAGATGCAAATAGAGCTCTCTACCTGCTTCTTTCTGTGCCTTTTGCGATTCTGCTTTAGTGCCACCAGAAGATACTACCTGGGTGCAGTGGAACTGTCATGGGACTATATGCAAAGTGATCTCGGTGAGCTGCCTGTGGACGCAAGATTTCCTCCTAGAGTGCCAAAATCTTTTCCATTCAACACCTCAGTCGTGTACAAAAAGACTCTGTTTGTAGAATTCACGGATCACCTTTTCAACATCGCTAAGCCAAGGCCACCCTGGATGGGTCTGCTAGGTCCTACCATCCAGGCTGAGGTTTATGATACAGTGGTCATTACACTTAAGAACATGGCTTCCCATCCTGTCAGTCTTCATGCTGTTGGTGTATCCTACTGGAAAGCTTCTGAGGGAGCTGAATATGATGATCAGACCAGTCAAAGGGAGAAAGAAGATGATAAAGTCTTCCCTGGTGGAAGCCATACATATGTCTGGCAGGTCCTGAAAGAGAATGGTCCAATGGCCTCTGACCCACTGTGCCTTACCTACTCATATCTTTCTCATGTGGACCTGGTAAAAGACTTGAATTCAGGCCTCATTGGAGCCCTACTAAGAGACCGTAGCCAGGCTGCCACTTGCTAACCC
FRED1_block5_s2	CCGCGTGATTACGAGTCGGGCTACGGTCTCTAATGGTTATGTAAACAGATCTCTGCCAGGTCTGATTGGATGCCACAGGAAATCAGTCTATTGGCATGTGATTGGAATGGGCACCACTCCTGAAGTGCACTCAATATTCCTCGAAGGTCACACATTTCTTGTGAGGAACCATCGCCAGGCGTCCTTGGAAATCTCGCCAATAACTTTCCTTACTGCTCAAACACTCTTGATGGACCTTGGACAGTTTCTACTGTTTTGTCATATCTCTTCCCACCAACATGATGGCATGGAAGCTTATGTCAAAGTAGACAGCTGTCCAGAGGAACCCCAACTACGAATGAAAAATAATGAAGAAGCGGAAGACTATGATGATGATCTTACTGATTCTGAAATGGATGTGGTCAGGTTTGATGATGACAACTCTCCTTCCTTTATCCAAATTCGCTCAGTTGCCAAGAAGCATCCTAAAACTTGGGTACATTACATTGCTGCTGAAGAGGAGGACTGGGACTATGCTCCCTTAGTCCTCGCCCCCGATGACAGAAGTTATAAAAGTCAATATTTGAACAATGGCCCTCAGCGGATTGGTAGGAAGTACAAAAAAGTCCGATTTATGGCATACACAGATGAAACCTTTAAGACTCGTGAAGCTATTCAGCATGAATCAGGAATCTTGGGACCTTTACTTTATGGGGAAGTTGGAGACACACTGTTGATTATATTTAAGAATCAAGCAAGCAGACCATATAACATCTACCCTCACGGAATCACTGATGTCCGTCCTTTGTATTCAAGGAGATTACCAAAAGGTGTAAAACATTTGAAGGATTTTCCAATTCTGCCAGGAGAAATATTCAAATATAAATGGACAGTGACTGTAGAAGATGGGCCAACTAAATCAGATCCTCGGTGCCTGACCCGCTATTACTCTCTAGGCAGGTGAATGAGAGACCGTAGCCAGGCTGCCACTTGCTAACCC
FRED1_block6_s1	CCGCGTGATTACGAGTCGGGCTACGGTCTCTACGACACCTGCCTAGATGCAAATAGAGCTCTCTACCTGCTTCTTTCTGTGCCTTTTGCGATTCTGCTTTAGTGCCACCAGAAGATACTACCTGGGTGCAGTGGAACTGTCATGGGACTATATGCAAAGTGATCTCGGTGAGCTGCCTGTGGACGCAAGATTTCCTCCTAGAGTGCCAAAATCTTTTCCATTCAACACCTCAGTCGTGTACAAAAAGACTCTGTTTGTAGAATTCACGGATCACCTTTTCAACATCGCTAAGCCAAGGCCACCCTGGATGGGTCTGCTAGGTCCTACCATCCAGGCTGAGGTTTATGATACAGTGGTCATTACACTTAAGAACATGGCTTCCCATCCTGTCAGTCTTCATGCTGTTGGTGTATCCTACTGGAAAGCTTCTGAGGGAGCTGAATATGATGATCAGACCAGTCAAAGGGAGAAAGAAGATGATAAAGTCTTCCCTGGTGGAAGCCATACATATGTCTGGCAGGTCCTGAAAGAGAATGGTCCAATGGCCTCTGACCCACTGTGCCTTACCTACTCATATCTTTCTCATGTGGACCTGGTAAAAGACTTGAATTCAGGCCTCATTGGAGCCCTACTAGTATGTAGAGAAGGGAGTCTGGCCAAGGAAAAGACACAGACCTTGCACAAATTTATACTACTTTTTGCTGTATTTGATGAAGGGAAAAGTTGGCACTCAGAAACAAAGAACTCCTTGATGCAGGATAGGGATGCTGCATCTGCTCGGGCCTGGCCTAAAATAGAGACCGTAGCCAGGCTGCCACTTGCTAACCC
FRED1_block6_s2	CCGCGTGATTACGAGTCGGGCTACGGTCTCTTCCTTGGAAATCTCGCCAATAACTTTCCTTACTGCTCAAACACTCTTGATGGACCTTGGACAGTTTCTACTGTTTTGTCATATCTCTTCCCACCAACATGATGGCATGGAAGCTTATGTCAAAGTAGACAGCTGTCCAGAGGAACCCCAACTACGAATGAAAAATAATGAAGAAGCGGAAGACTATGATGATGATCTTACTGATTCTGAAATGGATGTGGTCAGGTTTGATGATGACAACTCTCCTTCCTTTATCCAAATTCGCTCAGTTGCCAAGAAGCATCCTAAAACTTGGGTACATTACATTGCTGCTGAAGAGGAGGACTGGGACTATGCTCCCTTAGTCCTCGCCCCCGATGACAGAAGTTATAAAAGTCAATATTTGAACAATGGCCCTCAGCGGATTGGTAGGAAGTACAAAAAAGTCCGATTTATGGCATACACAGATGAAACCTTTAAGACTCGTGAAGCTATTCAGCATGAATCAGGAATCTTGGGACCTTTACTTTATGGGGAAGTTGGAGACACACTGTTGATTATATTTAAGAATCAAGCAAGCAGACCATATAACATCTACCCTCACGGAATCACTGATGTCCGTCCTTTGTATTCAAGGAGATTACCAAAAGGTGTAAAACATTTGAAGGATTTTCCAATTCTGCCAGGAGAAATATTCAAATATAAATGGACAGTGACTGTAGAAGATGGGCCAACTAAATCAGATCCTCGGTGCCTGACCCGCTATTACTCTCTAGGCAGGTGAATGAGAGACCGTAGCCAGGCTGCCACTTGCTAACCC
FRED1_block7_s1	CCGCGTGATTACGAGTCGGGCTACGGTCTCTACGACACCTGCCTAGATGCAAATAGAGCTCTCTACCTGCTTCTTTCTGTGCCTTTTGCGATTCTGCTTTAGTGCCACCAGAAGATACTACCTGGGTGCAGTGGAACTGTCATGGGACTATATGCAAAGTGATCTCGGTGAGCTGCCTGTGGACGCAAGATTTCCTCCTAGAGTGCCAAAATCTTTTCCATTCAACACCTCAGTCGTGTACAAAAAGACTCTGTTTGTAGAATTCACGGATCACCTTTTCAACATCGCTAAGCCAAGGCCACCCTGGATGGGTCTGCTAGGTCCTACCATCCAGGCTGAGGTTTATGATACAGTGGTCATTACACTTAAGAACATGGCTTCCCATCCTGTCAGTCTTCATGCTGTTGGTGTATCCTACTGGAAAGCTTCTGAGGGAGCTGAATATGATGATCAGACCAGTCAAAGGGAGAAAGAAGATGATAAAGTCTTCCCTGGTGGAAGCCATACATATGTCTGGCAGGTCCTGAAAGAGAATGGTCCAATGGCCTCTGACCCACTGTGCCTTACCTACTCATATCTTTCTCATGTGGACCTGGTAAAAGACTTGAATTCAGGCCTCATTGGAGCCCTACTAGTATGTAGAGAAGGGAGTCTGGCCAAGGAAAAGACACAGACCTTGCACAAATTTATACTACTTTTTGCTGTATTTGATGAAGGGAAAAGTTGGCACTCAGAAACAAAGAACTCCTTGATGCAGGATAGGGATGCTGCATCTGCTCGGGCCTGGCCTAAAATGCACACAGTCAATGGTTATGTAAACAGATCTCTGCCAGGTCTGATTGGATGCCACAGGAAATCAGTCTATTGGCATGTGATTGGAATGGGCACCACTCCTGAAGTGCACTCAATATTCCTCGAAGGTCACACATTTCTTGTGAGGAACCATCGAGAGACCGTAGCCAGGCTGCCACTTGCTAACCC
FRED1_block7_s2	CCGCGTGATTACGAGTCGGGCTACGGTCTCTGAAAAATAATGAAGAAGCGGAAGACTATGATGATGATCTTACTGATTCTGAAATGGATGTGGTCAGGTTTGATGATGACAACTCTCCTTCCTTTATCCAAATTCGCTCAGTTGCCAAGAAGCATCCTAAAACTTGGGTACATTACATTGCTGCTGAAGAGGAGGACTGGGACTATGCTCCCTTAGTCCTCGCCCCCGATGACAGAAGTTATAAAAGTCAATATTTGAACAATGGCCCTCAGCGGATTGGTAGGAAGTACAAAAAAGTCCGATTTATGGCATACACAGATGAAACCTTTAAGACTCGTGAAGCTATTCAGCATGAATCAGGAATCTTGGGACCTTTACTTTATGGGGAAGTTGGAGACACACTGTTGATTATATTTAAGAATCAAGCAAGCAGACCATATAACATCTACCCTCACGGAATCACTGATGTCCGTCCTTTGTATTCAAGGAGATTACCAAAAGGTGTAAAACATTTGAAGGATTTTCCAATTCTGCCAGGAGAAATATTCAAATATAAATGGACAGTGACTGTAGAAGATGGGCCAACTAAATCAGATCCTCGGTGCCTGACCCGCTATTACTCTCTAGGCAGGTGAATGAGAGACCGTAGCCAGGCTGCCACTTGCTAACCC
FRED1_block8_s2	CCGCGTGATTACGAGTCGGGCTACGGTCTCTAGGAGGACTGGGACTATGCTCCCTTAGTCCTCGCCCCCGATGACAGAAGTTATAAAAGTCAATATTTGAACAATGGCCCTCAGCGGATTGGTAGGAAGTACAAAAAAGTCCGATTTATGGCATACACAGATGAAACCTTTAAGACTCGTGAAGCTATTCAGCATGAATCAGGAATCTTGGGACCTTTACTTTATGGGGAAGTTGGAGACACACTGTTGATTATATTTAAGAATCAAGCAAGCAGACCATATAACATCTACCCTCACGGAATCACTGATGTCCGTCCTTTGTATTCAAGGAGATTACCAAAAGGTGTAAAACATTTGAAGGATTTTCCAATTCTGCCAGGAGAAATATTCAAATATAAATGGACAGTGACTGTAGAAGATGGGCCAACTAAATCAGATCCTCGGTGCCTGACCCGCTATTACTCTCTAGGCAGGTGAATGAGAGACCGTAGCCAGGCTGCCACTTGCTAACCC
FRED1_block9_s2	CCGCGTGATTACGAGTCGGGCTACGGTCTCTTCAGCATGAATCAGGAATCTTGGGACCTTTACTTTATGGGGAAGTTGGAGACACACTGTTGATTATATTTAAGAATCAAGCAAGCAGACCATATAACATCTACCCTCACGGAATCACTGATGTCCGTCCTTTGTATTCAAGGAGATTACCAAAAGGTGTAAAACATTTGAAGGATTTTCCAATTCTGCCAGGAGAAATATTCAAATATAAATGGACAGTGACTGTAGAAGATGGGCCAACTAAATCAGATCCTCGGTGCCTGACCCGCTATTACTCTCTAGGCAGGTGAATGAGAGACCGTAGCCAGGCTGCCACTTGCTAACCC
FRED1_block10_s2	ACGCCGCCACGTGTTCGTTAACTGTTGATTGGTGGCACATAAGTAATACCATGGTCCCTGAAATTCGGCTCAGTTACTTCGAGCGTAATGTCTCAACCGCGTGATTACGAGTCGGGCTACGGTCTCTAAGGTGTAAAACATTTGAAGGATTTTCCAATTCTGCCAGGAGAAATATTCAAATATAAATGGACAGTGACTGTAGAAGATGGGCCAACTAAATCAGATCCTCGGTGCCTGACCCGCTATTACTCTCTAGGCAGGTGAATGAGAGACCGTAGCCAGGCTGCCACTTGCTAACCC
FRED2_block2_s1	ACGCCGCCACGTGTTCGTTAACTGTTGATTGGTGGCACATAAGTAATACCATGGTCCCTGAAATTCGGCTCAGTTACTTCGAGCGTAATGTCTCAAATGGCGTAGAACGCCGCGTGATTACGAGTCGGGCTACGGTCTCTACGACACCTGCCTAGTTCAAATATAAATGGACAGTGACTGTAGAAGATGGGCCAACTAAATCAGATCCTCGGTGCCTGACCCGCTATTACTCTAGTTTCGTTAATATGGAGAGAGATCTAGCTTCAGAGAGACCGTAGCCAGGCTGCCACTTGCTAACCC
FRED2_block3_s1	CCGCGTGATTACGAGTCGGGCTACGGTCTCTACGACACCTGCCTAGTTCAAATATAAATGGACAGTGACTGTAGAAGATGGGCCAACTAAATCAGATCCTCGGTGCCTGACCCGCTATTACTCTAGTTTCGTTAATATGGAGAGAGATCTAGCTTCAGGACTCATTGGCCCTCTCCTCATCTGCTACAAAGAATCTGTAGATCAAAGAGGAAACCAGATAATGTCAGACAAGAGGAATGTCATCCTGTTTTCTGTATTTGATGAGAACCGAAGCTGGTACCTCACAGAGAAAGAGACCGTAGCCAGGCTGCCACTTGCTAACCC
FRED2_block4_s1	CCGCGTGATTACGAGTCGGGCTACGGTCTCTACGACACCTGCCTAGTTCAAATATAAATGGACAGTGACTGTAGAAGATGGGCCAACTAAATCAGATCCTCGGTGCCTGACCCGCTATTACTCTAGTTTCGTTAATATGGAGAGAGATCTAGCTTCAGGACTCATTGGCCCTCTCCTCATCTGCTACAAAGAATCTGTAGATCAAAGAGGAAACCAGATAATGTCAGACAAGAGGAATGTCATCCTGTTTTCTGTATTTGATGAGAACCGAAGCTGGTACCTCACAGAGAATATACAACGCTTTCTCCCCAATCCAGCTGGAGTGCAGCTTGAGGATCCAGAGTTCCAAGCCTCCAACATCATGCACAGCATCAATGGCTATGTTTTTGATAGTTTGCAGTTGTCAGTTTGTTTGCATGAGGTGGCATACTAGAGACCGTAGCCAGGCTGCCACTTGCTAACCC
FRED2_block5_s1	CCGCGTGATTACGAGTCGGGCTACGGTCTCTACGACACCTGCCTAGTTCAAATATAAATGGACAGTGACTGTAGAAGATGGGCCAACTAAATCAGATCCTCGGTGCCTGACCCGCTATTACTCTAGTTTCGTTAATATGGAGAGAGATCTAGCTTCAGGACTCATTGGCCCTCTCCTCATCTGCTACAAAGAATCTGTAGATCAAAGAGGAAACCAGATAATGTCAGACAAGAGGAATGTCATCCTGTTTTCTGTATTTGATGAGAACCGAAGCTGGTACCTCACAGAGAATATACAACGCTTTCTCCCCAATCCAGCTGGAGTGCAGCTTGAGGATCCAGAGTTCCAAGCCTCCAACATCATGCACAGCATCAATGGCTATGTTTTTGATAGTTTGCAGTTGTCAGTTTGTTTGCATGAGGTGGCATACTGGTACATTCTAAGCATTGGAGCACAGACTGACTTCCTTTCTGTCTTCTTCTCTGGATATACCTTCAAACACAAAATGGTCTATGAAGACACACTCACCCTATTCCCATTCTCAGGAGAAACTGTCTTAGAGACCGTAGCCAGGCTGCCACTTGCTAACCC
FRED2_block6_s1	CCGCGTGATTACGAGTCGGGCTACGGTCTCTACGACACCTGCCTAGTTCAAATATAAATGGACAGTGACTGTAGAAGATGGGCCAACTAAATCAGATCCTCGGTGCCTGACCCGCTATTACTCTAGTTTCGTTAATATGGAGAGAGATCTAGCTTCAGGACTCATTGGCCCTCTCCTCATCTGCTACAAAGAATCTGTAGATCAAAGAGGAAACCAGATAATGTCAGACAAGAGGAATGTCATCCTGTTTTCTGTATTTGATGAGAACCGAAGCTGGTACCTCACAGAGAATATACAACGCTTTCTCCCCAATCCAGCTGGAGTGCAGCTTGAGGATCCAGAGTTCCAAGCCTCCAACATCATGCACAGCATCAATGGCTATGTTTTTGATAGTTTGCAGTTGTCAGTTTGTTTGCATGAGGTGGCATACTGGTACATTCTAAGCATTGGAGCACAGACTGACTTCCTTTCTGTCTTCTTCTCTGGATATACCTTCAAACACAAAATGGTCTATGAAGACACACTCACCCTATTCCCATTCTCAGGAGAAACTGTCTTCATGTCGATGGAAAACCCAGGTCTATGGATTCTGGGGTGCCACAACTCAGACTTTCGGAACAGAGGCATGACCGCCTTACTGAAGGTTTCTAGTTGTGACAAGAACACTGGTGATTATTACGAGGACAGTTATGAAGAAGAGACCGTAGCCAGGCTGCCACTTGCTAACCC
FRED2_block7_s1	CCGCGTGATTACGAGTCGGGCTACGGTCTCTACGACACCTGCCTAGTTCAAATATAAATGGACAGTGACTGTAGAAGATGGGCCAACTAAATCAGATCCTCGGTGCCTGACCCGCTATTACTCTAGTTTCGTTAATATGGAGAGAGATCTAGCTTCAGGACTCATTGGCCCTCTCCTCATCTGCTACAAAGAATCTGTAGATCAAAGAGGAAACCAGATAATGTCAGACAAGAGGAATGTCATCCTGTTTTCTGTATTTGATGAGAACCGAAGCTGGTACCTCACAGAGAATATACAACGCTTTCTCCCCAATCCAGCTGGAGTGCAGCTTGAGGATCCAGAGTTCCAAGCCTCCAACATCATGCACAGCATCAATGGCTATGTTTTTGATAGTTTGCAGTTGTCAGTTTGTTTGCATGAGGTGGCATACTGGTACATTCTAAGCATTGGAGCACAGACTGACTTCCTTTCTGTCTTCTTCTCTGGATATACCTTCAAACACAAAATGGTCTATGAAGACACACTCACCCTATTCCCATTCTCAGGAGAAACTGTCTTCATGTCGATGGAAAACCCAGGTCTATGGATTCTGGGGTGCCACAACTCAGACTTTCGGAACAGAGGCATGACCGCCTTACTGAAGGTTTCTAGTTGTGACAAGAACACTGGTGATTATTACGAGGACAGTTATGAAGATATTTCAGCATACTTGCTGAGTAAAAACAATGCCATTGAACCAAGAAGCTTCTCCCAGAATTCAAGACACCCTAGCACTAGGCAAAAGCAATTTAATGCCACCACAATTCCAGAAAATGACATAGAGAAGACTGAAGAGACCGTAGCCAGGCTGCCACTTGCTAACCC
FRED2_block7_s2	CCGCGTGATTACGAGTCGGGCTACGGTCTCTTCCATCACCTGGAGCAATAGACAGTAATAACAGCCTGTCTGAAATGACACACTTCAGGCCACAGCTCCATCACAGTGGGGACATGGTATTTACCCCTGAGTCAGGCCTCCAATTAAGATTAAATGAGAAACTGGGGACAACTGCAGCAACAGAGTTGAAGAAACTTGATTTCAAAGTTTCTAGTACATCAAATAATCTGATTTCAACAATTCCATCAGACAATTTGGCAGCAGGTACTGATAATACAAGTTCCTTAGGACCCCCAAGTATGCCAGTTCATTATGATAGTCAATTAGATACCACTCTATTTGGCAAAAAGTCATCTCCCCTTACTGAGTCTGGTGGACCTCTGAGCTTGAGTGAAGAAAATAATGATTCAAAGTTGTTAGAATCAGGTTTAATGAATAGCCAAGAAAGTTCATGGGGAAAAAATGTATCGTCACGGGAAATAACTCGTACTACTCTTCAGTCAGATCAAGAGGAAATTGACTATGATGATACCATATCAGTTGAAATGAAGAAGGAAGATTTTGACATTTATGATGAGGATGAAAATCAGAGCCCCCGCAGCTTTCAAAAGAAAACACGACACTATTTTATTGCTGCAGTGGAGAGGCTCTGGGATTATGGGATGAGTAGCTCCCCACATGTTCTAAGAAACAGGGCTCAGAGTGGCAGTGTCCCTCAGTTCAAGAAAGTTGTTTTCCAGGAATTTACTGATGGCTCCTTTACTCAGCCCTTATACCGTGGAGAACTAAATGAACATTTGGGACTCCTGGGGCCATATATAAGACTAGGCAGGTGAATGAGAGACCGTAGCCAGGCTGCCACTTGCTAACCC
FRED2_block8_s2	CCGCGTGATTACGAGTCGGGCTACGGTCTCTACTGCAGCAACAGAGTTGAAGAAACTTGATTTCAAAGTTTCTAGTACATCAAATAATCTGATTTCAACAATTCCATCAGACAATTTGGCAGCAGGTACTGATAATACAAGTTCCTTAGGACCCCCAAGTATGCCAGTTCATTATGATAGTCAATTAGATACCACTCTATTTGGCAAAAAGTCATCTCCCCTTACTGAGTCTGGTGGACCTCTGAGCTTGAGTGAAGAAAATAATGATTCAAAGTTGTTAGAATCAGGTTTAATGAATAGCCAAGAAAGTTCATGGGGAAAAAATGTATCGTCACGGGAAATAACTCGTACTACTCTTCAGTCAGATCAAGAGGAAATTGACTATGATGATACCATATCAGTTGAAATGAAGAAGGAAGATTTTGACATTTATGATGAGGATGAAAATCAGAGCCCCCGCAGCTTTCAAAAGAAAACACGACACTATTTTATTGCTGCAGTGGAGAGGCTCTGGGATTATGGGATGAGTAGCTCCCCACATGTTCTAAGAAACAGGGCTCAGAGTGGCAGTGTCCCTCAGTTCAAGAAAGTTGTTTTCCAGGAATTTACTGATGGCTCCTTTACTCAGCCCTTATACCGTGGAGAACTAAATGAACATTTGGGACTCCTGGGGCCATATATAAGACTAGGCAGGTGAATGAGAGACCGTAGCCAGGCTGCCACTTGCTAACCC
FRED2_block9_s2	CCGCGTGATTACGAGTCGGGCTACGGTCTCTTCATTATGATAGTCAATTAGATACCACTCTATTTGGCAAAAAGTCATCTCCCCTTACTGAGTCTGGTGGACCTCTGAGCTTGAGTGAAGAAAATAATGATTCAAAGTTGTTAGAATCAGGTTTAATGAATAGCCAAGAAAGTTCATGGGGAAAAAATGTATCGTCACGGGAAATAACTCGTACTACTCTTCAGTCAGATCAAGAGGAAATTGACTATGATGATACCATATCAGTTGAAATGAAGAAGGAAGATTTTGACATTTATGATGAGGATGAAAATCAGAGCCCCCGCAGCTTTCAAAAGAAAACACGACACTATTTTATTGCTGCAGTGGAGAGGCTCTGGGATTATGGGATGAGTAGCTCCCCACATGTTCTAAGAAACAGGGCTCAGAGTGGCAGTGTCCCTCAGTTCAAGAAAGTTGTTTTCCAGGAATTTACTGATGGCTCCTTTACTCAGCCCTTATACCGTGGAGAACTAAATGAACATTTGGGACTCCTGGGGCCATATATAAGACTAGGCAGGTGAATGAGAGACCGTAGCCAGGCTGCCACTTGCTAACCC
FRED2_block10_s2	CCGCGTGATTACGAGTCGGGCTACGGTCTCTAAGAAAGTTCATGGGGAAAAAATGTATCGTCACGGGAAATAACTCGTACTACTCTTCAGTCAGATCAAGAGGAAATTGACTATGATGATACCATATCAGTTGAAATGAAGAAGGAAGATTTTGACATTTATGATGAGGATGAAAATCAGAGCCCCCGCAGCTTTCAAAAGAAAACACGACACTATTTTATTGCTGCAGTGGAGAGGCTCTGGGATTATGGGATGAGTAGCTCCCCACATGTTCTAAGAAACAGGGCTCAGAGTGGCAGTGTCCCTCAGTTCAAGAAAGTTGTTTTCCAGGAATTTACTGATGGCTCCTTTACTCAGCCCTTATACCGTGGAGAACTAAATGAACATTTGGGACTCCTGGGGCCATATATAAGACTAGGCAGGTGAATGAGAGACCGTAGCCAGGCTGCCACTTGCTAACCC
FRED2_block11_s2	CCGCGTGATTACGAGTCGGGCTACGGTCTCTAGGATGAAAATCAGAGCCCCCGCAGCTTTCAAAAGAAAACACGACACTATTTTATTGCTGCAGTGGAGAGGCTCTGGGATTATGGGATGAGTAGCTCCCCACATGTTCTAAGAAACAGGGCTCAGAGTGGCAGTGTCCCTCAGTTCAAGAAAGTTGTTTTCCAGGAATTTACTGATGGCTCCTTTACTCAGCCCTTATACCGTGGAGAACTAAATGAACATTTGGGACTCCTGGGGCCATATATAAGACTAGGCAGGTGAATGAGAGACCGTAGCCAGGCTGCCACTTGCTAACCC
FRED2_block12_s2	ACGCCGCCACGTGTTCGTTAACTGTTGATTGGTGGCACATAAGTAATACCATGGTCCCTGAAATTCGGCTCAGTTACTTCGAGCGTAATGTCTCAAATGGCGTAGAACGGCACCGCGTGATTACGAGTCGGGCTACGGTCTCTTCAGTTCAAGAAAGTTGTTTTCCAGGAATTTACTGATGGCTCCTTTACTCAGCCCTTATACCGTGGAGAACTAAATGAACATTTGGGACTCCTGGGGCCATATATAAGACTAGGCAGGTGAATGAGAGACCGTAGCCAGGCTGCCACTTGCTAACCC
FRED3_block2_s1	ACGCCGCCACGTGTTCGTTAACTGTTGATTGGTGGCACATAAGTAATACCATGGTCCCTGAAATTCGGCTCAGTTACTTCGAGCGTAATGTCCGCGTGATTACGAGTCGGGCTACGGTCTCTACGACACCTGCCTAGCCATATATAAGAGCAGAAGTTGAAGATAATATCATGGTAACTTTCAGAAATCAGGCCTCTCGTCCCTATTCCTTCTATTCTAGCCTTATTTCTTATGAGGAAGATCAGAGGCAAGGAGCAGAACCTAGAAAGAGACCGTAGCCAGGCTGCCACTTGCTAACCC
FRED3_block3_s1	CCGCGTGATTACGAGTCGGGCTACGGTCTCTACGACACCTGCCTAGCCATATATAAGAGCAGAAGTTGAAGATAATATCATGGTAACTTTCAGAAATCAGGCCTCTCGTCCCTATTCCTTCTATTCTAGCCTTATTTCTTATGAGGAAGATCAGAGGCAAGGAGCAGAACCTAGAAAAAACTTTGTCAAGCCTAATGAAACCAAAACTTACTTTTGGAAAGTGCAACATCATATGGCACCCACTAAAGATGAGTTTGACTGCAAAGCCTGGGCTTATTTCTCTGATGTTGACCTGGAAAAAGATGTGCACTCAGGCCTGATTGGACCCCTTCTAGAGACCGTAGCCAGGCTGCCACTTGCTAACCC
FRED3_block4_s1	CCGCGTGATTACGAGTCGGGCTACGGTCTCTACGACACCTGCCTAGCCATATATAAGAGCAGAAGTTGAAGATAATATCATGGTAACTTTCAGAAATCAGGCCTCTCGTCCCTATTCCTTCTATTCTAGCCTTATTTCTTATGAGGAAGATCAGAGGCAAGGAGCAGAACCTAGAAAAAACTTTGTCAAGCCTAATGAAACCAAAACTTACTTTTGGAAAGTGCAACATCATATGGCACCCACTAAAGATGAGTTTGACTGCAAAGCCTGGGCTTATTTCTCTGATGTTGACCTGGAAAAAGATGTGCACTCAGGCCTGATTGGACCCCTTCTGGTCTGCCACACTAACACACTGAACCCTGCTCATGGGAGACAAGTGACAGTACAGGAATTTGCTCTGTTTTTCACCATCTTTGATGAAACCAAAAGCTGGTACTTCACTGAAAATATGGAAAGAAACTGCAGGGCTCCCTGCAATATCCAGATGGAAGATCCCACTTAGAGACCGTAGCCAGGCTGCCACTTGCTAACCC
FRED3_block5_s1	CCGCGTGATTACGAGTCGGGCTACGGTCTCTACGACACCTGCCTAGCCATATATAAGAGCAGAAGTTGAAGATAATATCATGGTAACTTTCAGAAATCAGGCCTCTCGTCCCTATTCCTTCTATTCTAGCCTTATTTCTTATGAGGAAGATCAGAGGCAAGGAGCAGAACCTAGAAAAAACTTTGTCAAGCCTAATGAAACCAAAACTTACTTTTGGAAAGTGCAACATCATATGGCACCCACTAAAGATGAGTTTGACTGCAAAGCCTGGGCTTATTTCTCTGATGTTGACCTGGAAAAAGATGTGCACTCAGGCCTGATTGGACCCCTTCTGGTCTGCCACACTAACACACTGAACCCTGCTCATGGGAGACAAGTGACAGTACAGGAATTTGCTCTGTTTTTCACCATCTTTGATGAAACCAAAAGCTGGTACTTCACTGAAAATATGGAAAGAAACTGCAGGGCTCCCTGCAATATCCAGATGGAAGATCCCACTTTTAAAGAGAATTATCGCTTCCATGCAATCAATGGCTACATAATGGATACACTACCTGGCTTAGTAATGGCTCAGGATCAAAGGATTCGATGGTATCTGCTCAGCATGGGCAGCAATGAAAACATCCATTCTATTCATTTCAGTGGACATGTGTTCACTGAGAGACCGTAGCCAGGCTGCCACTTGCTAACCC
FRED3_block6_s1	CCGCGTGATTACGAGTCGGGCTACGGTCTCTACGACACCTGCCTAGCCATATATAAGAGCAGAAGTTGAAGATAATATCATGGTAACTTTCAGAAATCAGGCCTCTCGTCCCTATTCCTTCTATTCTAGCCTTATTTCTTATGAGGAAGATCAGAGGCAAGGAGCAGAACCTAGAAAAAACTTTGTCAAGCCTAATGAAACCAAAACTTACTTTTGGAAAGTGCAACATCATATGGCACCCACTAAAGATGAGTTTGACTGCAAAGCCTGGGCTTATTTCTCTGATGTTGACCTGGAAAAAGATGTGCACTCAGGCCTGATTGGACCCCTTCTGGTCTGCCACACTAACACACTGAACCCTGCTCATGGGAGACAAGTGACAGTACAGGAATTTGCTCTGTTTTTCACCATCTTTGATGAAACCAAAAGCTGGTACTTCACTGAAAATATGGAAAGAAACTGCAGGGCTCCCTGCAATATCCAGATGGAAGATCCCACTTTTAAAGAGAATTATCGCTTCCATGCAATCAATGGCTACATAATGGATACACTACCTGGCTTAGTAATGGCTCAGGATCAAAGGATTCGATGGTATCTGCTCAGCATGGGCAGCAATGAAAACATCCATTCTATTCATTTCAGTGGACATGTGTTCACTGTACGAAAAAAAGAGGAGTATAAAATGGCACTGTACAATCTCTATCCAGGTGTTTTTGAGACAGTGGAAATGTTACCATCCAAAGCTGGAATTTGGCGGGTGGAATGCCTTATTGGCGAGCATCTACATGCTGGGATGAGCACACTTTTTCTGGTGTACAGAGAGACCGTAGCCAGGCTGCCACTTGCTAACCC
FRED3_block6_s2	CCGCGTGATTACGAGTCGGGCTACGGTCTCTATCTGTTGGCACCAATGATTATTCACGGCATCAAGACCCAGGGTGCCCGTCAGAAGTTCTCCAGCCTCTACATCTCTCAGTTTATCATCATGTATAGTCTTGATGGGAAGAAGTGGCAGACTTATCGAGGAAATTCCACTGGAACCTTAATGGTCTTCTTTGGCAATGTGGATTCATCTGGGATAAAACACAATATTTTTAACCCTCCAATTATTGCTCGATACATCCGTTTGCACCCAACTCATTATAGCATTCGCAGCACTCTTCGCATGGAGTTGATGGGCTGTGATTTAAATAGTTGCAGCATGCCATTGGGAATGGAGAGTAAAGCAATATCAGATGCACAGATTACTGCTTCATCCTACTTTACCAATATGTTTGCCACCTGGTCACCTTCAAAAGCTCGACTTCACCTCCAAGGGAGGAGTAATGCCTGGAGGCCTCAGGTGAATAATCCAAAAGAGTGGCTGCAAGTGGACTTCCAGAAGACAATGAAAGTCACAGGAGTAACTACTCAGGGAGTAAAATCTCTGCTTACCAGCATGTATGTGAAGGAGTTCCTCATCTCCAGCAGTCAAGATGGCCATCAGTGGACTCTCTTTTTTCAGAATGGCAAAGTAAAGGTTTTTCAGGGAAATCAAGACTCCTTCACACCTGTGGTGAACTCTCTAGACCCACCGTTACTGACTCGCTACCTTCGAATTCACCCCCAGAGTTGGGTGCACCAGATTGCCCTGAGGATGGAGGTTCTGGGCTGCGAGGCACAGGACCTCTACCTAGGCAGGTGAATGAGAGACCGTAGCCAGGCTGCCACTTGCTAACCC
FRED3_block7_s2	CCGCGTGATTACGAGTCGGGCTACGGTCTCTTGGATTCATCTGGGATAAAACACAATATTTTTAACCCTCCAATTATTGCTCGATACATCCGTTTGCACCCAACTCATTATAGCATTCGCAGCACTCTTCGCATGGAGTTGATGGGCTGTGATTTAAATAGTTGCAGCATGCCATTGGGAATGGAGAGTAAAGCAATATCAGATGCACAGATTACTGCTTCATCCTACTTTACCAATATGTTTGCCACCTGGTCACCTTCAAAAGCTCGACTTCACCTCCAAGGGAGGAGTAATGCCTGGAGGCCTCAGGTGAATAATCCAAAAGAGTGGCTGCAAGTGGACTTCCAGAAGACAATGAAAGTCACAGGAGTAACTACTCAGGGAGTAAAATCTCTGCTTACCAGCATGTATGTGAAGGAGTTCCTCATCTCCAGCAGTCAAGATGGCCATCAGTGGACTCTCTTTTTTCAGAATGGCAAAGTAAAGGTTTTTCAGGGAAATCAAGACTCCTTCACACCTGTGGTGAACTCTCTAGACCCACCGTTACTGACTCGCTACCTTCGAATTCACCCCCAGAGTTGGGTGCACCAGATTGCCCTGAGGATGGAGGTTCTGGGCTGCGAGGCACAGGACCTCTACCTAGGCAGGTGAATGAGAGACCGTAGCCAGGCTGCCACTTGCTAACCC
FRED3_block8_s2	CCGCGTGATTACGAGTCGGGCTACGGTCTCTGAGAGTAAAGCAATATCAGATGCACAGATTACTGCTTCATCCTACTTTACCAATATGTTTGCCACCTGGTCACCTTCAAAAGCTCGACTTCACCTCCAAGGGAGGAGTAATGCCTGGAGGCCTCAGGTGAATAATCCAAAAGAGTGGCTGCAAGTGGACTTCCAGAAGACAATGAAAGTCACAGGAGTAACTACTCAGGGAGTAAAATCTCTGCTTACCAGCATGTATGTGAAGGAGTTCCTCATCTCCAGCAGTCAAGATGGCCATCAGTGGACTCTCTTTTTTCAGAATGGCAAAGTAAAGGTTTTTCAGGGAAATCAAGACTCCTTCACACCTGTGGTGAACTCTCTAGACCCACCGTTACTGACTCGCTACCTTCGAATTCACCCCCAGAGTTGGGTGCACCAGATTGCCCTGAGGATGGAGGTTCTGGGCTGCGAGGCACAGGACCTCTACCTAGGCAGGTGAATGAGAGACCGTAGCCAGGCTGCCACTTGCTAACCC
FRED3_block9_s2	CCGCGTGATTACGAGTCGGGCTACGGTCTCTAAGACAATGAAAGTCACAGGAGTAACTACTCAGGGAGTAAAATCTCTGCTTACCAGCATGTATGTGAAGGAGTTCCTCATCTCCAGCAGTCAAGATGGCCATCAGTGGACTCTCTTTTTTCAGAATGGCAAAGTAAAGGTTTTTCAGGGAAATCAAGACTCCTTCACACCTGTGGTGAACTCTCTAGACCCACCGTTACTGACTCGCTACCTTCGAATTCACCCCCAGAGTTGGGTGCACCAGATTGCCCTGAGGATGGAGGTTCTGGGCTGCGAGGCACAGGACCTCTACCTAGGCAGGTGAATGAGAGACCGTAGCCAGGCTGCCACTTGCTAACCC
FRED3_block10_s2	ACGCCGCCACGTGTTCGTTAACTGTTGATTGGTGGCACATAAGTAATACCATGGTCCCTGAAATTCGGCTCAGTTACTTCGAGCGTAATCCGCGTGATTACGAGTCGGGCTACGGTCTCTTCCTTCACACCTGTGGTGAACTCTCTAGACCCACCGTTACTGACTCGCTACCTTCGAATTCACCCCCAGAGTTGGGTGCACCAGATTGCCCTGAGGATGGAGGTTCTGGGCTGCGAGGCACAGGACCTCTACCTAGGCAGGTGAATGAGAGACCGTAGCCAGGCTGCCACTTGCTAACCC
VWF1_block2_s1	ACGCCGCCACGTGTTCGTTAACTGTTGATTGGTGGCACATAAGTAATACCATGGTCCCTGAAATTCGGCTCAGTTACTTCGAGCGTAATGTCTCAAATGGCGTACCGCGTGATTACGAGTCGGGCTACGGTCTCTACGACACCTGCCTAGATGATTCCTGCCAGATTTGCCGGGGTGCTGCTTGCTCTGGCCCTCATTTTGCCAGGGACCCTTTGTGCAGAAGGAACTCGCGGCAGGTCATCCACGGCCCGATGCAGCCTTTTCGGAAGAGACCGTAGCCAGGCTGCCACTTGCTAACCC
VWF1_block3_s1	CCGCGTGATTACGAGTCGGGCTACGGTCTCTACGACACCTGCCTAGATGATTCCTGCCAGATTTGCCGGGGTGCTGCTTGCTCTGGCCCTCATTTTGCCAGGGACCCTTTGTGCAGAAGGAACTCGCGGCAGGTCATCCACGGCCCGATGCAGCCTTTTCGGAAGTGACTTCGTCAACACCTTTGATGGGAGCATGTACAGCTTTGCGGGATACTGCAGTTACCTCCTGGCAGGGGGCTGCCAGAAACGCTCCTTCTCGATTATTGGGGACTTCCAGAATGGCAAGAGAGTGAGCCTCTCCGTGTATCTTAGAGACCGTAGCCAGGCTGCCACTTGCTAACCC
VWF1_block4_s1	CCGCGTGATTACGAGTCGGGCTACGGTCTCTACGACACCTGCCTAGATGATTCCTGCCAGATTTGCCGGGGTGCTGCTTGCTCTGGCCCTCATTTTGCCAGGGACCCTTTGTGCAGAAGGAACTCGCGGCAGGTCATCCACGGCCCGATGCAGCCTTTTCGGAAGTGACTTCGTCAACACCTTTGATGGGAGCATGTACAGCTTTGCGGGATACTGCAGTTACCTCCTGGCAGGGGGCTGCCAGAAACGCTCCTTCTCGATTATTGGGGACTTCCAGAATGGCAAGAGAGTGAGCCTCTCCGTGTATCTTGGGGAATTTTTTGACATCCATTTGTTTGTCAATGGTACCGTGACACAGGGGGACCAAAGAGTCTCCATGCCCTATGCCTCCAAAGGGCTGTATCTAGAAACTGAGGCTGGGTACTACAAGCTGTCCGGTGAGGCCTAGAGACCGTAGCCAGGCTGCCACTTGCTAACCC
VWF1_block5_s1	CCGCGTGATTACGAGTCGGGCTACGGTCTCTACGACACCTGCCTAGATGATTCCTGCCAGATTTGCCGGGGTGCTGCTTGCTCTGGCCCTCATTTTGCCAGGGACCCTTTGTGCAGAAGGAACTCGCGGCAGGTCATCCACGGCCCGATGCAGCCTTTTCGGAAGTGACTTCGTCAACACCTTTGATGGGAGCATGTACAGCTTTGCGGGATACTGCAGTTACCTCCTGGCAGGGGGCTGCCAGAAACGCTCCTTCTCGATTATTGGGGACTTCCAGAATGGCAAGAGAGTGAGCCTCTCCGTGTATCTTGGGGAATTTTTTGACATCCATTTGTTTGTCAATGGTACCGTGACACAGGGGGACCAAAGAGTCTCCATGCCCTATGCCTCCAAAGGGCTGTATCTAGAAACTGAGGCTGGGTACTACAAGCTGTCCGGTGAGGCCTATGGCTTTGTGGCCAGGATCGATGGCAGCGGCAACTTTCAAGTCCTGCTGTCAGACAGATACTTCAACAAGACCTGCGGGCTGTGTGGCAACTTTAACATCTTTGCTGAAGATGACTTTATGACCCAAGAAGGGACCTTGACCTCGGAAGAGACCGTAGCCAGGCTGCCACTTGCTAACCC
VWF1_block6_s1	CCGCGTGATTACGAGTCGGGCTACGGTCTCTACGACACCTGCCTAGATGATTCCTGCCAGATTTGCCGGGGTGCTGCTTGCTCTGGCCCTCATTTTGCCAGGGACCCTTTGTGCAGAAGGAACTCGCGGCAGGTCATCCACGGCCCGATGCAGCCTTTTCGGAAGTGACTTCGTCAACACCTTTGATGGGAGCATGTACAGCTTTGCGGGATACTGCAGTTACCTCCTGGCAGGGGGCTGCCAGAAACGCTCCTTCTCGATTATTGGGGACTTCCAGAATGGCAAGAGAGTGAGCCTCTCCGTGTATCTTGGGGAATTTTTTGACATCCATTTGTTTGTCAATGGTACCGTGACACAGGGGGACCAAAGAGTCTCCATGCCCTATGCCTCCAAAGGGCTGTATCTAGAAACTGAGGCTGGGTACTACAAGCTGTCCGGTGAGGCCTATGGCTTTGTGGCCAGGATCGATGGCAGCGGCAACTTTCAAGTCCTGCTGTCAGACAGATACTTCAACAAGACCTGCGGGCTGTGTGGCAACTTTAACATCTTTGCTGAAGATGACTTTATGACCCAAGAAGGGACCTTGACCTCGGACCCTTATGACTTTGCCAACTCATGGGCTCTGAGCAGTGGAGAACAGTGGTGTGAACGGGCATCTCCTCCCAGCAGCTCATGCAACATCTCCTCTGGGGAAATGCAGAAGGGCCTGTGGGAGCAGTGCCAGCTTCTGAAGAAGAGACCGTAGCCAGGCTGCCACTTGCTAACCC
VWF1_block6_s2	CCGCGTGATTACGAGTCGGGCTACGGTCTCTTGGACCGACCACAGCGCGTGCAGCCCAGTGTGCCCTGCTGGTATGGAGTATAGGCAGTGTGTGTCCCCTTGCGCCAGGACCTGCCAGAGCCTGCACATCAATGAAATGTGTCAGGAGCGATGCGTGGATGGCTGCAGCTGCCCTGAGGGACAGCTCCTGGATGAAGGCCTCTGCGTGGAGAGCACCGAGTGTCCCTGCGTGCATTCCGGAAAGCGCTACCCTCCCGGCACCTCCCTCTCTCGAGACTGCAACACATGCATTTGCCGAAACAGCCAGTGGATCTGCAGCAATGAAGAATGTCCAGGGGAGTGCCTTGTCACAGGTCAATCACACTTCAAGAGCTTTGACAACAGATACTTCACCTTCAGTGGGATCTGCCAGTACCTGCTGGCCCGGGATTGCCAGGACCACTCCTTCTCCATTGTCATTGAGACTGTCCAGTGTGCTGATGACCGCGACGCTGTGTGCACCCGCTCCGTCACCGTCCGGCTGCCTGGCCTGCACAACAGCCTTGTGAAACTGAAGCATGGGGCAGGAGTTGCCATGGATGGCCAGGACGTCCAGCTCCCCCTCCTGAAAGGTGACCTCCGCATCCAGCATACAGTGACGGCCTCCGTGCGCCTCAGCTACGGGGAGGACCTGCAGATGGACTGGGATGGCCGCGGGAGGCTGCTGGTGAAGCTGTCCCCCGTCTATGCCGGGAAGACCTGCGGCCTGTGTGGGAATTACAATGGCAACCAGGGCGACGACTTCCTTACCCCCTCTGGGCTGGCGGAGCCCCGGGTGGAGGACTTCGGGAACGCCTGGAAGCTGCACGGGGACTGCCAGGACCTGCTAGGCAGGTGAATGAGAGACCGTAGCCAGGCTGCCACTTGCTAACCC
VWF1_block7_s1	CCGCGTGATTACGAGTCGGGCTACGGTCTCTACGACACCTGCCTAGATGATTCCTGCCAGATTTGCCGGGGTGCTGCTTGCTCTGGCCCTCATTTTGCCAGGGACCCTTTGTGCAGAAGGAACTCGCGGCAGGTCATCCACGGCCCGATGCAGCCTTTTCGGAAGTGACTTCGTCAACACCTTTGATGGGAGCATGTACAGCTTTGCGGGATACTGCAGTTACCTCCTGGCAGGGGGCTGCCAGAAACGCTCCTTCTCGATTATTGGGGACTTCCAGAATGGCAAGAGAGTGAGCCTCTCCGTGTATCTTGGGGAATTTTTTGACATCCATTTGTTTGTCAATGGTACCGTGACACAGGGGGACCAAAGAGTCTCCATGCCCTATGCCTCCAAAGGGCTGTATCTAGAAACTGAGGCTGGGTACTACAAGCTGTCCGGTGAGGCCTATGGCTTTGTGGCCAGGATCGATGGCAGCGGCAACTTTCAAGTCCTGCTGTCAGACAGATACTTCAACAAGACCTGCGGGCTGTGTGGCAACTTTAACATCTTTGCTGAAGATGACTTTATGACCCAAGAAGGGACCTTGACCTCGGACCCTTATGACTTTGCCAACTCATGGGCTCTGAGCAGTGGAGAACAGTGGTGTGAACGGGCATCTCCTCCCAGCAGCTCATGCAACATCTCCTCTGGGGAAATGCAGAAGGGCCTGTGGGAGCAGTGCCAGCTTCTGAAGAGCACCTCGGTGTTTGCCCGCTGCCACCCTCTGGTGGACCCCGAGCCTTTTGTGGCCCTGTGTGAGAAGACTTTGTGTGAGTGTGCTGGGGGGCTGGAGTGCGCCTGCCCTGCCCTCCTGGAGTACGCCCGGACCTGTGCCCAGGAAGAGACCGTAGCCAGGCTGCCACTTGCTAACCC
VWF1_block7_s2	CCGCGTGATTACGAGTCGGGCTACGGTCTCTCTGAGGGACAGCTCCTGGATGAAGGCCTCTGCGTGGAGAGCACCGAGTGTCCCTGCGTGCATTCCGGAAAGCGCTACCCTCCCGGCACCTCCCTCTCTCGAGACTGCAACACATGCATTTGCCGAAACAGCCAGTGGATCTGCAGCAATGAAGAATGTCCAGGGGAGTGCCTTGTCACAGGTCAATCACACTTCAAGAGCTTTGACAACAGATACTTCACCTTCAGTGGGATCTGCCAGTACCTGCTGGCCCGGGATTGCCAGGACCACTCCTTCTCCATTGTCATTGAGACTGTCCAGTGTGCTGATGACCGCGACGCTGTGTGCACCCGCTCCGTCACCGTCCGGCTGCCTGGCCTGCACAACAGCCTTGTGAAACTGAAGCATGGGGCAGGAGTTGCCATGGATGGCCAGGACGTCCAGCTCCCCCTCCTGAAAGGTGACCTCCGCATCCAGCATACAGTGACGGCCTCCGTGCGCCTCAGCTACGGGGAGGACCTGCAGATGGACTGGGATGGCCGCGGGAGGCTGCTGGTGAAGCTGTCCCCCGTCTATGCCGGGAAGACCTGCGGCCTGTGTGGGAATTACAATGGCAACCAGGGCGACGACTTCCTTACCCCCTCTGGGCTGGCGGAGCCCCGGGTGGAGGACTTCGGGAACGCCTGGAAGCTGCACGGGGACTGCCAGGACCTGCTAGGCAGGTGAATGAGAGACCGTAGCCAGGCTGCCACTTGCTAACCC
VWF1_block8_s2	CCGCGTGATTACGAGTCGGGCTACGGTCTCTATGAAGAATGTCCAGGGGAGTGCCTTGTCACAGGTCAATCACACTTCAAGAGCTTTGACAACAGATACTTCACCTTCAGTGGGATCTGCCAGTACCTGCTGGCCCGGGATTGCCAGGACCACTCCTTCTCCATTGTCATTGAGACTGTCCAGTGTGCTGATGACCGCGACGCTGTGTGCACCCGCTCCGTCACCGTCCGGCTGCCTGGCCTGCACAACAGCCTTGTGAAACTGAAGCATGGGGCAGGAGTTGCCATGGATGGCCAGGACGTCCAGCTCCCCCTCCTGAAAGGTGACCTCCGCATCCAGCATACAGTGACGGCCTCCGTGCGCCTCAGCTACGGGGAGGACCTGCAGATGGACTGGGATGGCCGCGGGAGGCTGCTGGTGAAGCTGTCCCCCGTCTATGCCGGGAAGACCTGCGGCCTGTGTGGGAATTACAATGGCAACCAGGGCGACGACTTCCTTACCCCCTCTGGGCTGGCGGAGCCCCGGGTGGAGGACTTCGGGAACGCCTGGAAGCTGCACGGGGACTGCCAGGACCTGCTAGGCAGGTGAATGAGAGACCGTAGCCAGGCTGCCACTTGCTAACCC
VWF1_block9_s2	CCGCGTGATTACGAGTCGGGCTACGGTCTCTTCATTGAGACTGTCCAGTGTGCTGATGACCGCGACGCTGTGTGCACCCGCTCCGTCACCGTCCGGCTGCCTGGCCTGCACAACAGCCTTGTGAAACTGAAGCATGGGGCAGGAGTTGCCATGGATGGCCAGGACGTCCAGCTCCCCCTCCTGAAAGGTGACCTCCGCATCCAGCATACAGTGACGGCCTCCGTGCGCCTCAGCTACGGGGAGGACCTGCAGATGGACTGGGATGGCCGCGGGAGGCTGCTGGTGAAGCTGTCCCCCGTCTATGCCGGGAAGACCTGCGGCCTGTGTGGGAATTACAATGGCAACCAGGGCGACGACTTCCTTACCCCCTCTGGGCTGGCGGAGCCCCGGGTGGAGGACTTCGGGAACGCCTGGAAGCTGCACGGGGACTGCCAGGACCTGCTAGGCAGGTGAATGAGAGACCGTAGCCAGGCTGCCACTTGCTAACCC
VWF1_block10_s2	CCGCGTGATTACGAGTCGGGCTACGGTCTCTTCCTGAAAGGTGACCTCCGCATCCAGCATACAGTGACGGCCTCCGTGCGCCTCAGCTACGGGGAGGACCTGCAGATGGACTGGGATGGCCGCGGGAGGCTGCTGGTGAAGCTGTCCCCCGTCTATGCCGGGAAGACCTGCGGCCTGTGTGGGAATTACAATGGCAACCAGGGCGACGACTTCCTTACCCCCTCTGGGCTGGCGGAGCCCCGGGTGGAGGACTTCGGGAACGCCTGGAAGCTGCACGGGGACTGCCAGGACCTGCTAGGCAGGTGAATGAGAGACCGTAGCCAGGCTGCCACTTGCTAACCC
VWF1_block11_s2	ACGCCGCCACGTGTTCGTTAACTGTTGATTGGTGGCACATAAGTAATACCATGGTCCCTGAAATTCGGCTCAGTTACTTCGAGCGTAATGTCTCAAATGGCGTAGAACGGCCGCGTGATTACGAGTCGGGCTACGGTCTCTAATTACAATGGCAACCAGGGCGACGACTTCCTTACCCCCTCTGGGCTGGCGGAGCCCCGGGTGGAGGACTTCGGGAACGCCTGGAAGCTGCACGGGGACTGCCAGGACCTGCTAGGCAGGTGAATGAGAGACCGTAGCCAGGCTGCCACTTGCTAACCC
VWF2_block2_s1	ACGCCGCCACGTGTTCGTTAACTGTTGATTGGTGGCACATAAGTAATACCATGGTCCCTGAAATTCGGCTCAGTTACTTCGAGCGTAATGTCTCAAATGGCGTAGAACCGCGTGATTACGAGTCGGGCTACGGTCTCTACGACACCTGCCTAGCAGGACCTGCAGAAGCAGCACAGCGATCCCTGCGCCCTCAACCCGCGCATGACCAGGTTCTCCGAGGAGGCGTGCGCGGTCCTGACGTCCCCCACATTCGAGGCCTGCCATCGTAGAGACCGTAGCCAGGCTGCCACTTGCTAACCC
VWF2_block3_s1	CCGCGTGATTACGAGTCGGGCTACGGTCTCTACGACACCTGCCTAGCAGGACCTGCAGAAGCAGCACAGCGATCCCTGCGCCCTCAACCCGCGCATGACCAGGTTCTCCGAGGAGGCGTGCGCGGTCCTGACGTCCCCCACATTCGAGGCCTGCCATCGTGCCGTCAGCCCGCTGCCCTACCTGCGGAACTGCCGCTACGACGTGTGCTCCTGCTCGGACGGCCGCGAGTGCCTGTGCGGCGCCCTGGCCAGCTATGCCGCGGCCTGCGCGGGGAGAGGCGTGCGCGTCGCGTGGCGCGAGCCAGGCCGCTGTAGAGACCGTAGCCAGGCTGCCACTTGCTAACCC
VWF2_block4_s1	CCGCGTGATTACGAGTCGGGCTACGGTCTCTACGACACCTGCCTAGCAGGACCTGCAGAAGCAGCACAGCGATCCCTGCGCCCTCAACCCGCGCATGACCAGGTTCTCCGAGGAGGCGTGCGCGGTCCTGACGTCCCCCACATTCGAGGCCTGCCATCGTGCCGTCAGCCCGCTGCCCTACCTGCGGAACTGCCGCTACGACGTGTGCTCCTGCTCGGACGGCCGCGAGTGCCTGTGCGGCGCCCTGGCCAGCTATGCCGCGGCCTGCGCGGGGAGAGGCGTGCGCGTCGCGTGGCGCGAGCCAGGCCGCTGTGAGCTGAACTGCCCGAAAGGCCAGGTGTACCTGCAGTGCGGGACCCCCTGCAACCTGACCTGCCGCTCTCTCTCTTACCCGGATGAGGAATGCAATGAGGCCTGCCTGGAGGGCTGCTTCTGCCCCCCAGGGCTCTACATGGATGAAGAGACCGTAGCCAGGCTGCCACTTGCTAACCC
VWF2_block5_s1	CCGCGTGATTACGAGTCGGGCTACGGTCTCTACGACACCTGCCTAGCAGGACCTGCAGAAGCAGCACAGCGATCCCTGCGCCCTCAACCCGCGCATGACCAGGTTCTCCGAGGAGGCGTGCGCGGTCCTGACGTCCCCCACATTCGAGGCCTGCCATCGTGCCGTCAGCCCGCTGCCCTACCTGCGGAACTGCCGCTACGACGTGTGCTCCTGCTCGGACGGCCGCGAGTGCCTGTGCGGCGCCCTGGCCAGCTATGCCGCGGCCTGCGCGGGGAGAGGCGTGCGCGTCGCGTGGCGCGAGCCAGGCCGCTGTGAGCTGAACTGCCCGAAAGGCCAGGTGTACCTGCAGTGCGGGACCCCCTGCAACCTGACCTGCCGCTCTCTCTCTTACCCGGATGAGGAATGCAATGAGGCCTGCCTGGAGGGCTGCTTCTGCCCCCCAGGGCTCTACATGGATGAGAGGGGGGACTGCGTGCCCAAGGCCCAGTGCCCCTGTTACTATGACGGTGAGATCTTCCAGCCAGAAGACATCTTCTCAGACCATCACACCATGTGCTACTGTGAGGATGGCTTCATGCACTGTACCATGAGTGGAGTCCCCGGAAAGAGACCGTAGCCAGGCTGCCACTTGCTAACCC
VWF2_block6_s1	CCGCGTGATTACGAGTCGGGCTACGGTCTCTACGACACCTGCCTAGCAGGACCTGCAGAAGCAGCACAGCGATCCCTGCGCCCTCAACCCGCGCATGACCAGGTTCTCCGAGGAGGCGTGCGCGGTCCTGACGTCCCCCACATTCGAGGCCTGCCATCGTGCCGTCAGCCCGCTGCCCTACCTGCGGAACTGCCGCTACGACGTGTGCTCCTGCTCGGACGGCCGCGAGTGCCTGTGCGGCGCCCTGGCCAGCTATGCCGCGGCCTGCGCGGGGAGAGGCGTGCGCGTCGCGTGGCGCGAGCCAGGCCGCTGTGAGCTGAACTGCCCGAAAGGCCAGGTGTACCTGCAGTGCGGGACCCCCTGCAACCTGACCTGCCGCTCTCTCTCTTACCCGGATGAGGAATGCAATGAGGCCTGCCTGGAGGGCTGCTTCTGCCCCCCAGGGCTCTACATGGATGAGAGGGGGGACTGCGTGCCCAAGGCCCAGTGCCCCTGTTACTATGACGGTGAGATCTTCCAGCCAGAAGACATCTTCTCAGACCATCACACCATGTGCTACTGTGAGGATGGCTTCATGCACTGTACCATGAGTGGAGTCCCCGGAAGCTTGCTGCCTGACGCTGTCCTCAGCAGTCCCCTGTCTCATCGCAGCAAAAGGAGCCTATCCTGTCGGCCCCCCATGGTCAAGCTGGTGTGTCCCGCTGACAACCTGCGGGCTGAAGGGCTCGAGTGTACCAAAACGTGCCAGAACTATGAAGAGACCGTAGCCAGGCTGCCACTTGCTAACCC
VWF2_block6_s2	CCGCGTGATTACGAGTCGGGCTACGGTCTCTTCAGGACCGGAAGTGGAACTGCACAGACCATGTGTGTGATGCCACGTGCTCCACGATCGGCATGGCCCACTACCTCACCTTCGACGGGCTCAAATACCTGTTCCCCGGGGAGTGCCAGTACGTTCTGGTGCAGGATTACTGCGGCAGTAACCCTGGGACCTTTCGGATCCTAGTGGGGAATAAGGGATGCAGCCACCCCTCAGTGAAATGCAAGAAACGGGTCACCATCCTGGTGGAGGGAGGAGAGATTGAGCTGTTTGACGGGGAGGTGAATGTGAAGAGGCCCATGAAGGATGAGACTCACTTTGAGGTGGTGGAGTCTGGCCGGTACATCATTCTGCTGCTGGGCAAAGCCCTCTCCGTGGTCTGGGACCGCCACCTGAGCATCTCCGTGGTCCTGAAGCAGACATACCAGGAGAAAGTGTGTGGCCTGTGTGGGAATTTTGATGGCATCCAGAACAATGACCTCACCAGCAGCAACCTCCAAGTGGAGGAAGACCCTGTGGACTTTGGGAACTCCTGGAAAGTGAGCTCGCAGTGTGCTGACACCAGAAAAGTGCCTCTGGACTCATCCCCTGCCACATGCCATAACAACATCATGAAGCAGACGATGGTGGATTCCTCCTGTAGAATCCTTACCAGTGACGTCTTCCAGGACTGCAACAAGCTGGTGGACCCCGAGCCATATCTGGATGTCTGCATTTACGACACATGCTCCTGTGAGTCCATTGGGGACTGCGCCTGCTTCTGCGACACCATTGCTGCCTATGCCCACGTGTGTGCCCAGCATGGCAAGGTGGTGACCTGGAGGACGGCCACATTGTGCCCCCAGAGCTGCGAGGAGAGGAATCTCCGGCTAGGCAGGTGAATGAGAGACCGTAGCCAGGCTGCCACTTGCTAACCC
VWF2_block7_s1	CCGCGTGATTACGAGTCGGGCTACGGTCTCTACGACACCTGCCTAGCAGGACCTGCAGAAGCAGCACAGCGATCCCTGCGCCCTCAACCCGCGCATGACCAGGTTCTCCGAGGAGGCGTGCGCGGTCCTGACGTCCCCCACATTCGAGGCCTGCCATCGTGCCGTCAGCCCGCTGCCCTACCTGCGGAACTGCCGCTACGACGTGTGCTCCTGCTCGGACGGCCGCGAGTGCCTGTGCGGCGCCCTGGCCAGCTATGCCGCGGCCTGCGCGGGGAGAGGCGTGCGCGTCGCGTGGCGCGAGCCAGGCCGCTGTGAGCTGAACTGCCCGAAAGGCCAGGTGTACCTGCAGTGCGGGACCCCCTGCAACCTGACCTGCCGCTCTCTCTCTTACCCGGATGAGGAATGCAATGAGGCCTGCCTGGAGGGCTGCTTCTGCCCCCCAGGGCTCTACATGGATGAGAGGGGGGACTGCGTGCCCAAGGCCCAGTGCCCCTGTTACTATGACGGTGAGATCTTCCAGCCAGAAGACATCTTCTCAGACCATCACACCATGTGCTACTGTGAGGATGGCTTCATGCACTGTACCATGAGTGGAGTCCCCGGAAGCTTGCTGCCTGACGCTGTCCTCAGCAGTCCCCTGTCTCATCGCAGCAAAAGGAGCCTATCCTGTCGGCCCCCCATGGTCAAGCTGGTGTGTCCCGCTGACAACCTGCGGGCTGAAGGGCTCGAGTGTACCAAAACGTGCCAGAACTATGACCTGGAGTGCATGAGCATGGGCTGTGTCTCTGGCTGCCTCTGCCCCCCGGGCATGGTCCGGCATGAGAACAGATGTGTGGCCCTGGAAAGGTGTCCCTGCTTCCATCAGGGCAAGGAGTATGCCCCTGGAGAAACAGTGAAGATTGGCTGCAAAGAGACCGTAGCCAGGCTGCCACTTGCTAACCC
VWF2_block7_s2	CCGCGTGATTACGAGTCGGGCTACGGTCTCTAGTAACCCTGGGACCTTTCGGATCCTAGTGGGGAATAAGGGATGCAGCCACCCCTCAGTGAAATGCAAGAAACGGGTCACCATCCTGGTGGAGGGAGGAGAGATTGAGCTGTTTGACGGGGAGGTGAATGTGAAGAGGCCCATGAAGGATGAGACTCACTTTGAGGTGGTGGAGTCTGGCCGGTACATCATTCTGCTGCTGGGCAAAGCCCTCTCCGTGGTCTGGGACCGCCACCTGAGCATCTCCGTGGTCCTGAAGCAGACATACCAGGAGAAAGTGTGTGGCCTGTGTGGGAATTTTGATGGCATCCAGAACAATGACCTCACCAGCAGCAACCTCCAAGTGGAGGAAGACCCTGTGGACTTTGGGAACTCCTGGAAAGTGAGCTCGCAGTGTGCTGACACCAGAAAAGTGCCTCTGGACTCATCCCCTGCCACATGCCATAACAACATCATGAAGCAGACGATGGTGGATTCCTCCTGTAGAATCCTTACCAGTGACGTCTTCCAGGACTGCAACAAGCTGGTGGACCCCGAGCCATATCTGGATGTCTGCATTTACGACACATGCTCCTGTGAGTCCATTGGGGACTGCGCCTGCTTCTGCGACACCATTGCTGCCTATGCCCACGTGTGTGCCCAGCATGGCAAGGTGGTGACCTGGAGGACGGCCACATTGTGCCCCCAGAGCTGCGAGGAGAGGAATCTCCGGCTAGGCAGGTGAATGAGAGACCGTAGCCAGGCTGCCACTTGCTAACCC
VWF2_block8_s2	CCGCGTGATTACGAGTCGGGCTACGGTCTCTAGGATGAGACTCACTTTGAGGTGGTGGAGTCTGGCCGGTACATCATTCTGCTGCTGGGCAAAGCCCTCTCCGTGGTCTGGGACCGCCACCTGAGCATCTCCGTGGTCCTGAAGCAGACATACCAGGAGAAAGTGTGTGGCCTGTGTGGGAATTTTGATGGCATCCAGAACAATGACCTCACCAGCAGCAACCTCCAAGTGGAGGAAGACCCTGTGGACTTTGGGAACTCCTGGAAAGTGAGCTCGCAGTGTGCTGACACCAGAAAAGTGCCTCTGGACTCATCCCCTGCCACATGCCATAACAACATCATGAAGCAGACGATGGTGGATTCCTCCTGTAGAATCCTTACCAGTGACGTCTTCCAGGACTGCAACAAGCTGGTGGACCCCGAGCCATATCTGGATGTCTGCATTTACGACACATGCTCCTGTGAGTCCATTGGGGACTGCGCCTGCTTCTGCGACACCATTGCTGCCTATGCCCACGTGTGTGCCCAGCATGGCAAGGTGGTGACCTGGAGGACGGCCACATTGTGCCCCCAGAGCTGCGAGGAGAGGAATCTCCGGCTAGGCAGGTGAATGAGAGACCGTAGCCAGGCTGCCACTTGCTAACCC
VWF2_block9_s2	CCGCGTGATTACGAGTCGGGCTACGGTCTCTAATTTTGATGGCATCCAGAACAATGACCTCACCAGCAGCAACCTCCAAGTGGAGGAAGACCCTGTGGACTTTGGGAACTCCTGGAAAGTGAGCTCGCAGTGTGCTGACACCAGAAAAGTGCCTCTGGACTCATCCCCTGCCACATGCCATAACAACATCATGAAGCAGACGATGGTGGATTCCTCCTGTAGAATCCTTACCAGTGACGTCTTCCAGGACTGCAACAAGCTGGTGGACCCCGAGCCATATCTGGATGTCTGCATTTACGACACATGCTCCTGTGAGTCCATTGGGGACTGCGCCTGCTTCTGCGACACCATTGCTGCCTATGCCCACGTGTGTGCCCAGCATGGCAAGGTGGTGACCTGGAGGACGGCCACATTGTGCCCCCAGAGCTGCGAGGAGAGGAATCTCCGGCTAGGCAGGTGAATGAGAGACCGTAGCCAGGCTGCCACTTGCTAACCC
VWF2_block10_s2	CCGCGTGATTACGAGTCGGGCTACGGTCTCTACATCATGAAGCAGACGATGGTGGATTCCTCCTGTAGAATCCTTACCAGTGACGTCTTCCAGGACTGCAACAAGCTGGTGGACCCCGAGCCATATCTGGATGTCTGCATTTACGACACATGCTCCTGTGAGTCCATTGGGGACTGCGCCTGCTTCTGCGACACCATTGCTGCCTATGCCCACGTGTGTGCCCAGCATGGCAAGGTGGTGACCTGGAGGACGGCCACATTGTGCCCCCAGAGCTGCGAGGAGAGGAATCTCCGGCTAGGCAGGTGAATGAGAGACCGTAGCCAGGCTGCCACTTGCTAACCC
VWF2_block11_s2	ACGCCGCCACGTGTTCGTTAACTGTTGATTGGTGGCACATAAGTAATACCATGGTCCCTGAAATTCGGCTCAGTTACTTCGAGCGTAATGTCTCAAATGGCGTACCGCGTGATTACGAGTCGGGCTACGGTCTCTGCCTGCTTCTGCGACACCATTGCTGCCTATGCCCACGTGTGTGCCCAGCATGGCAAGGTGGTGACCTGGAGGACGGCCACATTGTGCCCCCAGAGCTGCGAGGAGAGGAATCTCCGGCTAGGCAGGTGAATGAGAGACCGTAGCCAGGCTGCCACTTGCTAACCC
VWF3_block2_s1	ACGCCGCCACGTGTTCGTTAACTGTTGATTGGTGGCACATAAGTAATACCATGGTCCCTGAAATTCGGCTCAGTTACTTCGAGCGTAATCCGCGTGATTACGAGTCGGGCTACGGTCTCTACGACACCTGCCTAGCGGGAGAACGGGTATGAGTGTGAGTGGCGCTATAACAGCTGTGCACCCGCCTGTCAAGTCACGTGTCAGCACCCTGAGCCACTGGCCTGCCCTGTGCAGTGTGTGGAGGGCTGCCATGCCCACTGCCCTCCAAGAGACCGTAGCCAGGCTGCCACTTGCTAACCC
VWF3_block3_s1	CCGCGTGATTACGAGTCGGGCTACGGTCTCTACGACACCTGCCTAGCGGGAGAACGGGTATGAGTGTGAGTGGCGCTATAACAGCTGTGCACCCGCCTGTCAAGTCACGTGTCAGCACCCTGAGCCACTGGCCTGCCCTGTGCAGTGTGTGGAGGGCTGCCATGCCCACTGCCCTCCAGGGAAAATCCTGGATGAGCTTTTGCAGACCTGCGTTGACCCTGAAGACTGTCCAGTGTGTGAGGTGGCTGGCCGGCGTTTTGCCTCAGGAAAGAAAGTCACCTTGAATCCCAGTGACCCTGAGCACTGCCAGATTTGCCACTGTGATGTTGTCAGAGACCGTAGCCAGGCTGCCACTTGCTAACCC
VWF3_block4_s1	CCGCGTGATTACGAGTCGGGCTACGGTCTCTACGACACCTGCCTAGCGGGAGAACGGGTATGAGTGTGAGTGGCGCTATAACAGCTGTGCACCCGCCTGTCAAGTCACGTGTCAGCACCCTGAGCCACTGGCCTGCCCTGTGCAGTGTGTGGAGGGCTGCCATGCCCACTGCCCTCCAGGGAAAATCCTGGATGAGCTTTTGCAGACCTGCGTTGACCCTGAAGACTGTCCAGTGTGTGAGGTGGCTGGCCGGCGTTTTGCCTCAGGAAAGAAAGTCACCTTGAATCCCAGTGACCCTGAGCACTGCCAGATTTGCCACTGTGATGTTGTCAACCTCACCTGTGAAGCCTGCCAGGAGCCGGGAGGCCTGGTGGTGCCTCCCACAGATGCCCCGGTGAGCCCCACCACTCTGTATGTGGAGGACATCTCGGAACCGCCGTTGCACGATTTCTACTGCAGCAGGCTACTGGACCTGGTCTTCCTGCTGGATGGCTCCTAGAGACCGTAGCCAGGCTGCCACTTGCTAACCC
VWF3_block5_s1	CCGCGTGATTACGAGTCGGGCTACGGTCTCTACGACACCTGCCTAGCGGGAGAACGGGTATGAGTGTGAGTGGCGCTATAACAGCTGTGCACCCGCCTGTCAAGTCACGTGTCAGCACCCTGAGCCACTGGCCTGCCCTGTGCAGTGTGTGGAGGGCTGCCATGCCCACTGCCCTCCAGGGAAAATCCTGGATGAGCTTTTGCAGACCTGCGTTGACCCTGAAGACTGTCCAGTGTGTGAGGTGGCTGGCCGGCGTTTTGCCTCAGGAAAGAAAGTCACCTTGAATCCCAGTGACCCTGAGCACTGCCAGATTTGCCACTGTGATGTTGTCAACCTCACCTGTGAAGCCTGCCAGGAGCCGGGAGGCCTGGTGGTGCCTCCCACAGATGCCCCGGTGAGCCCCACCACTCTGTATGTGGAGGACATCTCGGAACCGCCGTTGCACGATTTCTACTGCAGCAGGCTACTGGACCTGGTCTTCCTGCTGGATGGCTCCTCCAGGCTGTCCGAGGCTGAGTTTGAAGTGCTGAAGGCCTTTGTGGTGGACATGATGGAGCGGCTGCGCATCTCCCAGAAGTGGGTCCGCGTGGCCGTGGTGGAGTACCACGACGGCTCCCACGCCTACATCGGGCTCAAGGACCGGAAAGAGACCGTAGCCAGGCTGCCACTTGCTAACCC
VWF3_block6_s1	CCGCGTGATTACGAGTCGGGCTACGGTCTCTACGACACCTGCCTAGCGGGAGAACGGGTATGAGTGTGAGTGGCGCTATAACAGCTGTGCACCCGCCTGTCAAGTCACGTGTCAGCACCCTGAGCCACTGGCCTGCCCTGTGCAGTGTGTGGAGGGCTGCCATGCCCACTGCCCTCCAGGGAAAATCCTGGATGAGCTTTTGCAGACCTGCGTTGACCCTGAAGACTGTCCAGTGTGTGAGGTGGCTGGCCGGCGTTTTGCCTCAGGAAAGAAAGTCACCTTGAATCCCAGTGACCCTGAGCACTGCCAGATTTGCCACTGTGATGTTGTCAACCTCACCTGTGAAGCCTGCCAGGAGCCGGGAGGCCTGGTGGTGCCTCCCACAGATGCCCCGGTGAGCCCCACCACTCTGTATGTGGAGGACATCTCGGAACCGCCGTTGCACGATTTCTACTGCAGCAGGCTACTGGACCTGGTCTTCCTGCTGGATGGCTCCTCCAGGCTGTCCGAGGCTGAGTTTGAAGTGCTGAAGGCCTTTGTGGTGGACATGATGGAGCGGCTGCGCATCTCCCAGAAGTGGGTCCGCGTGGCCGTGGTGGAGTACCACGACGGCTCCCACGCCTACATCGGGCTCAAGGACCGGAAGCGACCGTCAGAGCTGCGGCGCATTGCCAGCCAGGTGAAGTATGCGGGCAGCCAGGTGGCCTCCACCAGCGAGGTCTTGAAATACACACTGTTCCAAATCTTCAGCAAGATCGACCGCCCTGAAGCCTCCCGCATCACCCTGCTCCTGATGGCCAGCCAGGAAGAGACCGTAGCCAGGCTGCCACTTGCTAACCC
VWF3_block6_s2	CCGCGTGATTACGAGTCGGGCTACGGTCTCTTGGAGCAGCAAAGGGACGAGATCGTTAGCTACCTCTGTGACCTTGCCCCTGAAGCCCCTCCTCCTACTCTGCCCCCCGACATGGCACAAGTCACTGTGGGCCCGGGGCTCTTGGGGGTTTCGACCCTGGGGCCCAAGAGGAACTCCATGGTTCTGGATGTGGCGTTCGTCCTGGAAGGATCGGACAAAATTGGTGAAGCCGACTTCAACAGGAGCAAGGAGTTCATGGAGGAGGTGATTCAGCGGATGGATGTGGGCCAGGACAGCATCCACGTCACGGTGCTGCAGTACTCCTACATGGTGACTGTGGAGTACCCCTTCAGCGAGGCACAGTCCAAAGGGGACATCCTGCAGCGGGTGCGAGAGATCCGCTACCAGGGCGGCAACAGGACCAACACTGGGCTGGCCCTGCGGTACCTCTCTGACCACAGCTTCTTGGTCAGCCAGGGTGACCGGGAGCAGGCGCCCAACCTGGTCTACATGGTCACCGGAAATCCTGCCTCTGATGAGATCAAGAGGCTGCCTGGAGACATCCAGGTGGTGCCCATTGGAGTGGGCCCTAATGCCAACGTGCAGGAGCTGGAGAGGATTGGCTGGCCCAATGCCCCTATCCTCATCCAGGACTTTGAGACGCTCCCCCGAGAGGCTCCTGACCTGGTGCTGCAGAGGTGCTGCTCCGGAGAGGGGCTGCAGATCCCCACCCTCTCCCCTGCACCTGACTGCAGCCAGCCCCTGGACGTGATCCTTCTCCTGGATGGCTCCTCCCTAGGCAGGTGAATGAGAGACCGTAGCCAGGCTGCCACTTGCTAACCC
VWF3_block7_s1	CCGCGTGATTACGAGTCGGGCTACGGTCTCTACGACACCTGCCTAGCGGGAGAACGGGTATGAGTGTGAGTGGCGCTATAACAGCTGTGCACCCGCCTGTCAAGTCACGTGTCAGCACCCTGAGCCACTGGCCTGCCCTGTGCAGTGTGTGGAGGGCTGCCATGCCCACTGCCCTCCAGGGAAAATCCTGGATGAGCTTTTGCAGACCTGCGTTGACCCTGAAGACTGTCCAGTGTGTGAGGTGGCTGGCCGGCGTTTTGCCTCAGGAAAGAAAGTCACCTTGAATCCCAGTGACCCTGAGCACTGCCAGATTTGCCACTGTGATGTTGTCAACCTCACCTGTGAAGCCTGCCAGGAGCCGGGAGGCCTGGTGGTGCCTCCCACAGATGCCCCGGTGAGCCCCACCACTCTGTATGTGGAGGACATCTCGGAACCGCCGTTGCACGATTTCTACTGCAGCAGGCTACTGGACCTGGTCTTCCTGCTGGATGGCTCCTCCAGGCTGTCCGAGGCTGAGTTTGAAGTGCTGAAGGCCTTTGTGGTGGACATGATGGAGCGGCTGCGCATCTCCCAGAAGTGGGTCCGCGTGGCCGTGGTGGAGTACCACGACGGCTCCCACGCCTACATCGGGCTCAAGGACCGGAAGCGACCGTCAGAGCTGCGGCGCATTGCCAGCCAGGTGAAGTATGCGGGCAGCCAGGTGGCCTCCACCAGCGAGGTCTTGAAATACACACTGTTCCAAATCTTCAGCAAGATCGACCGCCCTGAAGCCTCCCGCATCACCCTGCTCCTGATGGCCAGCCAGGAGCCCCAACGGATGTCCCGGAACTTTGTCCGCTACGTCCAGGGCCTGAAGAAGAAGAAGGTCATTGTGATCCCGGTGGGCATTGGGCCCCATGCCAACCTCAAGCAGATCCGCCTCATCGAGAAGCAGGCCCCTGAGAACAAGGCCTTCGTGCTGAAGAGACCGTAGCCAGGCTGCCACTTGCTAACCC
VWF3_block7_s2	CCGCGTGATTACGAGTCGGGCTACGGTCTCTTTCGTCCTGGAAGGATCGGACAAAATTGGTGAAGCCGACTTCAACAGGAGCAAGGAGTTCATGGAGGAGGTGATTCAGCGGATGGATGTGGGCCAGGACAGCATCCACGTCACGGTGCTGCAGTACTCCTACATGGTGACTGTGGAGTACCCCTTCAGCGAGGCACAGTCCAAAGGGGACATCCTGCAGCGGGTGCGAGAGATCCGCTACCAGGGCGGCAACAGGACCAACACTGGGCTGGCCCTGCGGTACCTCTCTGACCACAGCTTCTTGGTCAGCCAGGGTGACCGGGAGCAGGCGCCCAACCTGGTCTACATGGTCACCGGAAATCCTGCCTCTGATGAGATCAAGAGGCTGCCTGGAGACATCCAGGTGGTGCCCATTGGAGTGGGCCCTAATGCCAACGTGCAGGAGCTGGAGAGGATTGGCTGGCCCAATGCCCCTATCCTCATCCAGGACTTTGAGACGCTCCCCCGAGAGGCTCCTGACCTGGTGCTGCAGAGGTGCTGCTCCGGAGAGGGGCTGCAGATCCCCACCCTCTCCCCTGCACCTGACTGCAGCCAGCCCCTGGACGTGATCCTTCTCCTGGATGGCTCCTCCCTAGGCAGGTGAATGAGAGACCGTAGCCAGGCTGCCACTTGCTAACCC
VWF3_block8_s2	CCGCGTGATTACGAGTCGGGCTACGGTCTCTTCAGCGAGGCACAGTCCAAAGGGGACATCCTGCAGCGGGTGCGAGAGATCCGCTACCAGGGCGGCAACAGGACCAACACTGGGCTGGCCCTGCGGTACCTCTCTGACCACAGCTTCTTGGTCAGCCAGGGTGACCGGGAGCAGGCGCCCAACCTGGTCTACATGGTCACCGGAAATCCTGCCTCTGATGAGATCAAGAGGCTGCCTGGAGACATCCAGGTGGTGCCCATTGGAGTGGGCCCTAATGCCAACGTGCAGGAGCTGGAGAGGATTGGCTGGCCCAATGCCCCTATCCTCATCCAGGACTTTGAGACGCTCCCCCGAGAGGCTCCTGACCTGGTGCTGCAGAGGTGCTGCTCCGGAGAGGGGCTGCAGATCCCCACCCTCTCCCCTGCACCTGACTGCAGCCAGCCCCTGGACGTGATCCTTCTCCTGGATGGCTCCTCCCTAGGCAGGTGAATGAGAGACCGTAGCCAGGCTGCCACTTGCTAACCC
VWF3_block9_s2	CCGCGTGATTACGAGTCGGGCTACGGTCTCTACATGGTCACCGGAAATCCTGCCTCTGATGAGATCAAGAGGCTGCCTGGAGACATCCAGGTGGTGCCCATTGGAGTGGGCCCTAATGCCAACGTGCAGGAGCTGGAGAGGATTGGCTGGCCCAATGCCCCTATCCTCATCCAGGACTTTGAGACGCTCCCCCGAGAGGCTCCTGACCTGGTGCTGCAGAGGTGCTGCTCCGGAGAGGGGCTGCAGATCCCCACCCTCTCCCCTGCACCTGACTGCAGCCAGCCCCTGGACGTGATCCTTCTCCTGGATGGCTCCTCCCTAGGCAGGTGAATGAGAGACCGTAGCCAGGCTGCCACTTGCTAACCC
VWF3_block10_s2	ACGCCGCCACGTGTTCGTTAACTGTTGATTGGTGGCACATAAGTAATACCATGGTCCCTGAAATTCGGCTCAGTTACTTCGAGCGTAATGTCTCAACCGCGTGATTACGAGTCGGGCTACGGTCTCTGAGAGGCTCCTGACCTGGTGCTGCAGAGGTGCTGCTCCGGAGAGGGGCTGCAGATCCCCACCCTCTCCCCTGCACCTGACTGCAGCCAGCCCCTGGACGTGATCCTTCTCCTGGATGGCTCCTCCCTAGGCAGGTGAATGAGAGACCGTAGCCAGGCTGCCACTTGCTAACCC
VWF4_block2_s1	ACGCCGCCACGTGTTCGTTAACTGTTGATTGGTGGCACATAAGTAATACCATGGTCCCTGAAATTCGGCTCAGTTACTTCGAGCGTAATGCCGCGTGATTACGAGTCGGGCTACGGTCTCTACGACACCTGCCTAGGTGATCCTTCTCCTGGATGGCTCCTCCAGTTTCCCAGCTTCTTATTTTGATGAAATGAAGAGTTTCGCCAAGGCTTTCATTTCAAAAGCCAATATAGGGCCTCGTCTCACTCAGGTGTCAGTGCTGCAGTAAGAGACCGTAGCCAGGCTGCCACTTGCTAACCC
VWF4_block3_s1	CCGCGTGATTACGAGTCGGGCTACGGTCTCTACGACACCTGCCTAGGTGATCCTTCTCCTGGATGGCTCCTCCAGTTTCCCAGCTTCTTATTTTGATGAAATGAAGAGTTTCGCCAAGGCTTTCATTTCAAAAGCCAATATAGGGCCTCGTCTCACTCAGGTGTCAGTGCTGCAGTATGGAAGCATCACCACCATTGACGTGCCATGGAACGTGGTCCCGGAGAAAGCCCATTTGCTGAGCCTTGTGGACGTCATGCAGCGGGAGGGAGGCCCCAGCCAAATCGGGGATGCCTTGGGCTTTGCTGTGCGATACTTGACTTCAGAAATAGAGACCGTAGCCAGGCTGCCACTTGCTAACCC
VWF4_block4_s1	CCGCGTGATTACGAGTCGGGCTACGGTCTCTACGACACCTGCCTAGGTGATCCTTCTCCTGGATGGCTCCTCCAGTTTCCCAGCTTCTTATTTTGATGAAATGAAGAGTTTCGCCAAGGCTTTCATTTCAAAAGCCAATATAGGGCCTCGTCTCACTCAGGTGTCAGTGCTGCAGTATGGAAGCATCACCACCATTGACGTGCCATGGAACGTGGTCCCGGAGAAAGCCCATTTGCTGAGCCTTGTGGACGTCATGCAGCGGGAGGGAGGCCCCAGCCAAATCGGGGATGCCTTGGGCTTTGCTGTGCGATACTTGACTTCAGAAATGCATGGTGCCAGGCCGGGAGCCTCAAAGGCGGTGGTCATCCTGGTCACGGACGTCTCTGTGGATTCAGTGGATGCAGCAGCTGATGCCGCCAGGTCCAACAGAGTGACAGTGTTCCCTATTGGAATTGGAGATCGCTACGATGCAGCCCAGCTACGGATCTTAGAGACCGTAGCCAGGCTGCCACTTGCTAACCC
VWF4_block5_s1	CCGCGTGATTACGAGTCGGGCTACGGTCTCTACGACACCTGCCTAGGTGATCCTTCTCCTGGATGGCTCCTCCAGTTTCCCAGCTTCTTATTTTGATGAAATGAAGAGTTTCGCCAAGGCTTTCATTTCAAAAGCCAATATAGGGCCTCGTCTCACTCAGGTGTCAGTGCTGCAGTATGGAAGCATCACCACCATTGACGTGCCATGGAACGTGGTCCCGGAGAAAGCCCATTTGCTGAGCCTTGTGGACGTCATGCAGCGGGAGGGAGGCCCCAGCCAAATCGGGGATGCCTTGGGCTTTGCTGTGCGATACTTGACTTCAGAAATGCATGGTGCCAGGCCGGGAGCCTCAAAGGCGGTGGTCATCCTGGTCACGGACGTCTCTGTGGATTCAGTGGATGCAGCAGCTGATGCCGCCAGGTCCAACAGAGTGACAGTGTTCCCTATTGGAATTGGAGATCGCTACGATGCAGCCCAGCTACGGATCTTGGCAGGCCCAGCAGGCGACTCCAACGTGGTGAAGCTCCAGCGAATCGAAGACCTCCCTACCATGGTCACCTTGGGCAATTCCTTCCTCCACAAACTGTGCTCTGGATTTGTTAGGATTTGCATGGATGAGGATGGGAATGAGAAGAGGCCCGGGGACGTCTGAGAGACCGTAGCCAGGCTGCCACTTGCTAACCC
VWF4_block6_s1	CCGCGTGATTACGAGTCGGGCTACGGTCTCTACGACACCTGCCTAGGTGATCCTTCTCCTGGATGGCTCCTCCAGTTTCCCAGCTTCTTATTTTGATGAAATGAAGAGTTTCGCCAAGGCTTTCATTTCAAAAGCCAATATAGGGCCTCGTCTCACTCAGGTGTCAGTGCTGCAGTATGGAAGCATCACCACCATTGACGTGCCATGGAACGTGGTCCCGGAGAAAGCCCATTTGCTGAGCCTTGTGGACGTCATGCAGCGGGAGGGAGGCCCCAGCCAAATCGGGGATGCCTTGGGCTTTGCTGTGCGATACTTGACTTCAGAAATGCATGGTGCCAGGCCGGGAGCCTCAAAGGCGGTGGTCATCCTGGTCACGGACGTCTCTGTGGATTCAGTGGATGCAGCAGCTGATGCCGCCAGGTCCAACAGAGTGACAGTGTTCCCTATTGGAATTGGAGATCGCTACGATGCAGCCCAGCTACGGATCTTGGCAGGCCCAGCAGGCGACTCCAACGTGGTGAAGCTCCAGCGAATCGAAGACCTCCCTACCATGGTCACCTTGGGCAATTCCTTCCTCCACAAACTGTGCTCTGGATTTGTTAGGATTTGCATGGATGAGGATGGGAATGAGAAGAGGCCCGGGGACGTCTGGACCTTGCCAGACCAGTGCCACACCGTGACTTGCCAGCCAGATGGCCAGACCTTGCTGAAGAGTCATCGGGTCAACTGTGACCGGGGGCTGAGGCCTTCGTGCCCTAACAGCCAGTCCCCTGTTAAAGTGGAAGAAACCTGTGGCTGCCGCTGGAAGAGACCGTAGCCAGGCTGCCACTTGCTAACCC
VWF4_block6_s2	CCGCGTGATTACGAGTCGGGCTACGGTCTCTGAAATCCATCGAGGTGAAGCACAGTGCCCTCTCCGTCGAGCTGCACAGTGACATGGAGGTGACGGTGAATGGGAGACTGGTGTCTGTTCCTTACGTGGGTGGGAACATGGAAGTCAACGTTTATGGTGCCATCATGCATGAGGTCAGATTCAATCACCTTGGTCACATCTTCACATTCACTCCACAAAACAATGAGTTCCAACTGCAGCTCAGCCCCAAGACTTTTGCTTCAAAGACGTATGGTCTGTGTGGGATCTGTGATGAGAACGGAGCCAATGACTTCATGCTGAGGGATGGCACAGTCACCACAGACTGGAAAACACTTGTTCAGGAATGGACTGTGCAGCGGCCAGGGCAGACGTGCCAGCCCATCCTGGAGGAGCAGTGTCTTGTCCCCGACAGCTCCCACTGCCAGGTCCTCCTCTTACCACTGTTTGCTGAATGCCACAAGGTCCTGGCTCCAGCCACATTCTATGCCATCTGCCAGCAGGACAGTTGCCACCAGGAGCAAGTGTGTGAGGTGATCGCCTCTTATGCCCACCTCTGTCGGACCAACGGGGTCTGCGTTGACTGGAGGACACCTGATTTCTGTGCTATGTCATGCCCACCATCTCTGGTCTACAACCACTGTGAGCATGGCTGTCCCCGGCACTGTGATGGCAACGTGAGCTCCTGTGGGGACCATCCCTCCGAAGGCTGTTTCTGCCCTCCAGATAAAGTCATGTTGGAAGGCAGCTGTGTCCCTGAAGAGGCCTGCCTAGGCAGGTGAATGAGAGACCGTAGCCAGGCTGCCACTTGCTAACCC
VWF4_block7_s1	CCGCGTGATTACGAGTCGGGCTACGGTCTCTACGACACCTGCCTAGGTGATCCTTCTCCTGGATGGCTCCTCCAGTTTCCCAGCTTCTTATTTTGATGAAATGAAGAGTTTCGCCAAGGCTTTCATTTCAAAAGCCAATATAGGGCCTCGTCTCACTCAGGTGTCAGTGCTGCAGTATGGAAGCATCACCACCATTGACGTGCCATGGAACGTGGTCCCGGAGAAAGCCCATTTGCTGAGCCTTGTGGACGTCATGCAGCGGGAGGGAGGCCCCAGCCAAATCGGGGATGCCTTGGGCTTTGCTGTGCGATACTTGACTTCAGAAATGCATGGTGCCAGGCCGGGAGCCTCAAAGGCGGTGGTCATCCTGGTCACGGACGTCTCTGTGGATTCAGTGGATGCAGCAGCTGATGCCGCCAGGTCCAACAGAGTGACAGTGTTCCCTATTGGAATTGGAGATCGCTACGATGCAGCCCAGCTACGGATCTTGGCAGGCCCAGCAGGCGACTCCAACGTGGTGAAGCTCCAGCGAATCGAAGACCTCCCTACCATGGTCACCTTGGGCAATTCCTTCCTCCACAAACTGTGCTCTGGATTTGTTAGGATTTGCATGGATGAGGATGGGAATGAGAAGAGGCCCGGGGACGTCTGGACCTTGCCAGACCAGTGCCACACCGTGACTTGCCAGCCAGATGGCCAGACCTTGCTGAAGAGTCATCGGGTCAACTGTGACCGGGGGCTGAGGCCTTCGTGCCCTAACAGCCAGTCCCCTGTTAAAGTGGAAGAAACCTGTGGCTGCCGCTGGACCTGCCCCTGCGTGTGCACAGGCAGCTCCACTCGGCACATCGTGACCTTTGATGGGCAGAATTTCAAGCTGACTGGCAGCTGTTCTTATGTCCTATTTCAAAACAAGGAGCAGGACCTGGAGGTGATTCTCCATAATGGTGCCTGCAGCCCTGGAAGAGACCGTAGCCAGGCTGCCACTTGCTAACCC
VWF4_block7_s2	CCGCGTGATTACGAGTCGGGCTACGGTCTCTCCTTGGTCACATCTTCACATTCACTCCACAAAACAATGAGTTCCAACTGCAGCTCAGCCCCAAGACTTTTGCTTCAAAGACGTATGGTCTGTGTGGGATCTGTGATGAGAACGGAGCCAATGACTTCATGCTGAGGGATGGCACAGTCACCACAGACTGGAAAACACTTGTTCAGGAATGGACTGTGCAGCGGCCAGGGCAGACGTGCCAGCCCATCCTGGAGGAGCAGTGTCTTGTCCCCGACAGCTCCCACTGCCAGGTCCTCCTCTTACCACTGTTTGCTGAATGCCACAAGGTCCTGGCTCCAGCCACATTCTATGCCATCTGCCAGCAGGACAGTTGCCACCAGGAGCAAGTGTGTGAGGTGATCGCCTCTTATGCCCACCTCTGTCGGACCAACGGGGTCTGCGTTGACTGGAGGACACCTGATTTCTGTGCTATGTCATGCCCACCATCTCTGGTCTACAACCACTGTGAGCATGGCTGTCCCCGGCACTGTGATGGCAACGTGAGCTCCTGTGGGGACCATCCCTCCGAAGGCTGTTTCTGCCCTCCAGATAAAGTCATGTTGGAAGGCAGCTGTGTCCCTGAAGAGGCCTGCCTAGGCAGGTGAATGAGAGACCGTAGCCAGGCTGCCACTTGCTAACCC
VWF4_block8_s2	CCGCGTGATTACGAGTCGGGCTACGGTCTCTGGAAAACACTTGTTCAGGAATGGACTGTGCAGCGGCCAGGGCAGACGTGCCAGCCCATCCTGGAGGAGCAGTGTCTTGTCCCCGACAGCTCCCACTGCCAGGTCCTCCTCTTACCACTGTTTGCTGAATGCCACAAGGTCCTGGCTCCAGCCACATTCTATGCCATCTGCCAGCAGGACAGTTGCCACCAGGAGCAAGTGTGTGAGGTGATCGCCTCTTATGCCCACCTCTGTCGGACCAACGGGGTCTGCGTTGACTGGAGGACACCTGATTTCTGTGCTATGTCATGCCCACCATCTCTGGTCTACAACCACTGTGAGCATGGCTGTCCCCGGCACTGTGATGGCAACGTGAGCTCCTGTGGGGACCATCCCTCCGAAGGCTGTTTCTGCCCTCCAGATAAAGTCATGTTGGAAGGCAGCTGTGTCCCTGAAGAGGCCTGCCTAGGCAGGTGAATGAGAGACCGTAGCCAGGCTGCCACTTGCTAACCC
VWF4_block9_s2	CCGCGTGATTACGAGTCGGGCTACGGTCTCTTTCTATGCCATCTGCCAGCAGGACAGTTGCCACCAGGAGCAAGTGTGTGAGGTGATCGCCTCTTATGCCCACCTCTGTCGGACCAACGGGGTCTGCGTTGACTGGAGGACACCTGATTTCTGTGCTATGTCATGCCCACCATCTCTGGTCTACAACCACTGTGAGCATGGCTGTCCCCGGCACTGTGATGGCAACGTGAGCTCCTGTGGGGACCATCCCTCCGAAGGCTGTTTCTGCCCTCCAGATAAAGTCATGTTGGAAGGCAGCTGTGTCCCTGAAGAGGCCTGCCTAGGCAGGTGAATGAGAGACCGTAGCCAGGCTGCCACTTGCTAACCC
VWF4_block10_s2	ACGCCGCCACGTGTTCGTTAACTGTTGATTGGTGGCACATAAGTAATACCATGGTCCCTGAAATTCGGCTCAGTTACTTCGAGCGTAATGCCGCGTGATTACGAGTCGGGCTACGGTCTCTACTGTGAGCATGGCTGTCCCCGGCACTGTGATGGCAACGTGAGCTCCTGTGGGGACCATCCCTCCGAAGGCTGTTTCTGCCCTCCAGATAAAGTCATGTTGGAAGGCAGCTGTGTCCCTGAAGAGGCCTGCCTAGGCAGGTGAATGAGAGACCGTAGCCAGGCTGCCACTTGCTAACCC
VWF5_block2_s1	ACGCCGCCACGTGTTCGTTAACTGTTGATTGGTGGCACATAAGTAATACCATGGTCCCTGAAATTCGGCTCAGTTACTTCGAGCGTAATGTCTCAAATGGCGTAGAACGGCCCGCGTGATTACGAGTCGGGCTACGGTCTCTACGACACCTGCCTAGGAGGCCTGCACTCAGTGCATTGGTGAGGATGGAGTCCAGCACCAGTTCCTGGAAGCCTGGGTCCCGGACCACCAGCCCTGTCAGATCTGCACATGCCTCAGCGGGCGGAAAGAGACCGTAGCCAGGCTGCCACTTGCTAACCC
VWF5_block3_s1	CCGCGTGATTACGAGTCGGGCTACGGTCTCTACGACACCTGCCTAGGAGGCCTGCACTCAGTGCATTGGTGAGGATGGAGTCCAGCACCAGTTCCTGGAAGCCTGGGTCCCGGACCACCAGCCCTGTCAGATCTGCACATGCCTCAGCGGGCGGAAGGTCAACTGCACAACGCAGCCCTGCCCCACGGCCAAAGCTCCCACGTGTGGCCTGTGTGAAGTAGCCCGCCTCCGCCAGAATGCAGACCAGTGCTGCCCCGAGTATGAGTGTGTGTGTGACCCAGTGAGCTGTGACCTGCCCCCAGTGCCTAGAGACCGTAGCCAGGCTGCCACTTGCTAACCC
VWF5_block4_s1	CCGCGTGATTACGAGTCGGGCTACGGTCTCTACGACACCTGCCTAGGAGGCCTGCACTCAGTGCATTGGTGAGGATGGAGTCCAGCACCAGTTCCTGGAAGCCTGGGTCCCGGACCACCAGCCCTGTCAGATCTGCACATGCCTCAGCGGGCGGAAGGTCAACTGCACAACGCAGCCCTGCCCCACGGCCAAAGCTCCCACGTGTGGCCTGTGTGAAGTAGCCCGCCTCCGCCAGAATGCAGACCAGTGCTGCCCCGAGTATGAGTGTGTGTGTGACCCAGTGAGCTGTGACCTGCCCCCAGTGCCTCACTGTGAACGTGGCCTCCAGCCCACACTGACCAACCCTGGCGAGTGCAGACCCAACTTCACATGCGCCTGCAGGAAGGAGGAGTGCAAAAGAGTGTCCCCACCCTCCTGCCCCCCGCACCGTTTGCCCACCCTTCGGAAGAAGAGACCGTAGCCAGGCTGCCACTTGCTAACCC
VWF5_block5_s1	CCGCGTGATTACGAGTCGGGCTACGGTCTCTACGACACCTGCCTAGGAGGCCTGCACTCAGTGCATTGGTGAGGATGGAGTCCAGCACCAGTTCCTGGAAGCCTGGGTCCCGGACCACCAGCCCTGTCAGATCTGCACATGCCTCAGCGGGCGGAAGGTCAACTGCACAACGCAGCCCTGCCCCACGGCCAAAGCTCCCACGTGTGGCCTGTGTGAAGTAGCCCGCCTCCGCCAGAATGCAGACCAGTGCTGCCCCGAGTATGAGTGTGTGTGTGACCCAGTGAGCTGTGACCTGCCCCCAGTGCCTCACTGTGAACGTGGCCTCCAGCCCACACTGACCAACCCTGGCGAGTGCAGACCCAACTTCACATGCGCCTGCAGGAAGGAGGAGTGCAAAAGAGTGTCCCCACCCTCCTGCCCCCCGCACCGTTTGCCCACCCTTCGGAAGACCCAGTGCTGTGATGAGTATGAGTGTGCCTGCAACTGTGTCAACTCCACAGTGAGCTGTCCCCTTGGGTACTTGGCCTCAACTGCCACCAATGACTGTGGCTGTACCACAACCACATGCCTTCCCGACAAGGTGTGTGTCCACCGAAAGAGACCGTAGCCAGGCTGCCACTTGCTAACCC
VWF5_block6_s1	CCGCGTGATTACGAGTCGGGCTACGGTCTCTACGACACCTGCCTAGGAGGCCTGCACTCAGTGCATTGGTGAGGATGGAGTCCAGCACCAGTTCCTGGAAGCCTGGGTCCCGGACCACCAGCCCTGTCAGATCTGCACATGCCTCAGCGGGCGGAAGGTCAACTGCACAACGCAGCCCTGCCCCACGGCCAAAGCTCCCACGTGTGGCCTGTGTGAAGTAGCCCGCCTCCGCCAGAATGCAGACCAGTGCTGCCCCGAGTATGAGTGTGTGTGTGACCCAGTGAGCTGTGACCTGCCCCCAGTGCCTCACTGTGAACGTGGCCTCCAGCCCACACTGACCAACCCTGGCGAGTGCAGACCCAACTTCACATGCGCCTGCAGGAAGGAGGAGTGCAAAAGAGTGTCCCCACCCTCCTGCCCCCCGCACCGTTTGCCCACCCTTCGGAAGACCCAGTGCTGTGATGAGTATGAGTGTGCCTGCAACTGTGTCAACTCCACAGTGAGCTGTCCCCTTGGGTACTTGGCCTCAACTGCCACCAATGACTGTGGCTGTACCACAACCACATGCCTTCCCGACAAGGTGTGTGTCCACCGAAGCACCATCTACCCTGTGGGCCAGTTCTGGGAGGAGGGCTGCGATGTGTGCACATGCACCGACATGGAGGATGCCGTGATGGGCCTCCGCGTGGCCCAGTGCTCCCAGAAGCCCTGTGAGGACAGCTGTCGGTCGGGCTTCACTTAGAGACCGTAGCCAGGCTGCCACTTGCTAACCC
VWF5_block6_s2	CCGCGTGATTACGAGTCGGGCTACGGTCTCTTCCGAGTGAAGGAGGAGGTCTTTATACAACAAAGGAACGTCTCCTGCCCCCAGCTGGAGGTCCCTGTCTGCCCCTCGGGCTTTCAGCTGAGCTGTAAGACCTCAGCGTGCTGCCCAAGCTGTCGCTGTGAGCGCATGGAGGCCTGCATGCTCAATGGCACTGTCATTGGGCCCGGGAAGACTGTGATGATCGATGTGTGCACGACCTGCCGCTGCATGGTGCAGGTCGGGGTCATCTCTGGATTCAAGCTGGAGTGCAGGAAGACCACATGCAACCCCTGCCCCCTGGGTTACAAGGAAGAAAATAACACAGGTGAATGTTGTGGGAGATGTTTGCCTACGGCTTGCACCATTCAGCTAAGAGGAGGACAGATCATGACACTGAAGCGTGATGAGACGCTCCAGGATGGCTGTGATACTCACTTCTGCAAGGTCAATGAGAGAGGAGAGTACTTCTGGGAGAAGAGGGTCACAGGCTGCCCACCCTTTGATGAACACAAGTGTCTGGCTGAGGGAGGTAAAATTATGAAAATTCCAGGCACATGCTGTGACACATGTGAGGAGCCTGAGTGCAACGACATCACTGCCAGGCTGCAGTATGTCAAGGTGGGAAGCTGTAAGTCTGAAGTAGAGGTGGATATCCACTACTGCCAGGGCAAATGTGCCAGCAAAGCCATGTACTCCATTGACATCAACGATGTGCAGGACCAGTGCTCCTGCTGCTCTCCGACACGGACGGAGCCCATGCAGGTCGCCCTGCACTGCACCAATGGCTCTGTTGTGTACCATGAGGTTCTCAATGCCATGGAGTGCAAATGCTCCCCCAGGAAGTGCAGCAAGCTAGGCAGGTGAATGAGAGACCGTAGCCAGGCTGCCACTTGCTAACCC
VWF5_block7_s1	CCGCGTGATTACGAGTCGGGCTACGGTCTCTACGACACCTGCCTAGGAGGCCTGCACTCAGTGCATTGGTGAGGATGGAGTCCAGCACCAGTTCCTGGAAGCCTGGGTCCCGGACCACCAGCCCTGTCAGATCTGCACATGCCTCAGCGGGCGGAAGGTCAACTGCACAACGCAGCCCTGCCCCACGGCCAAAGCTCCCACGTGTGGCCTGTGTGAAGTAGCCCGCCTCCGCCAGAATGCAGACCAGTGCTGCCCCGAGTATGAGTGTGTGTGTGACCCAGTGAGCTGTGACCTGCCCCCAGTGCCTCACTGTGAACGTGGCCTCCAGCCCACACTGACCAACCCTGGCGAGTGCAGACCCAACTTCACATGCGCCTGCAGGAAGGAGGAGTGCAAAAGAGTGTCCCCACCCTCCTGCCCCCCGCACCGTTTGCCCACCCTTCGGAAGACCCAGTGCTGTGATGAGTATGAGTGTGCCTGCAACTGTGTCAACTCCACAGTGAGCTGTCCCCTTGGGTACTTGGCCTCAACTGCCACCAATGACTGTGGCTGTACCACAACCACATGCCTTCCCGACAAGGTGTGTGTCCACCGAAGCACCATCTACCCTGTGGGCCAGTTCTGGGAGGAGGGCTGCGATGTGTGCACATGCACCGACATGGAGGATGCCGTGATGGGCCTCCGCGTGGCCCAGTGCTCCCAGAAGCCCTGTGAGGACAGCTGTCGGTCGGGCTTCACTTACGTTCTGCATGAAGGCGAGTGCTGTGGAAGGTGCCTGCCATCTGCCTGTGAGGTGGTGACTGGCTCACCGCGGGGGGACTCCCAGTCTTCCTGGAAGAGTGTCGGCTCCCAGTGGGCCTCCCCGGAGAACCCCTGCCTCATAGAGACCGTAGCCAGGCTGCCACTTGCTAACCC
VWF5_block7_s2	CCGCGTGATTACGAGTCGGGCTACGGTCTCTGCCTGCATGCTCAATGGCACTGTCATTGGGCCCGGGAAGACTGTGATGATCGATGTGTGCACGACCTGCCGCTGCATGGTGCAGGTCGGGGTCATCTCTGGATTCAAGCTGGAGTGCAGGAAGACCACATGCAACCCCTGCCCCCTGGGTTACAAGGAAGAAAATAACACAGGTGAATGTTGTGGGAGATGTTTGCCTACGGCTTGCACCATTCAGCTAAGAGGAGGACAGATCATGACACTGAAGCGTGATGAGACGCTCCAGGATGGCTGTGATACTCACTTCTGCAAGGTCAATGAGAGAGGAGAGTACTTCTGGGAGAAGAGGGTCACAGGCTGCCCACCCTTTGATGAACACAAGTGTCTGGCTGAGGGAGGTAAAATTATGAAAATTCCAGGCACATGCTGTGACACATGTGAGGAGCCTGAGTGCAACGACATCACTGCCAGGCTGCAGTATGTCAAGGTGGGAAGCTGTAAGTCTGAAGTAGAGGTGGATATCCACTACTGCCAGGGCAAATGTGCCAGCAAAGCCATGTACTCCATTGACATCAACGATGTGCAGGACCAGTGCTCCTGCTGCTCTCCGACACGGACGGAGCCCATGCAGGTCGCCCTGCACTGCACCAATGGCTCTGTTGTGTACCATGAGGTTCTCAATGCCATGGAGTGCAAATGCTCCCCCAGGAAGTGCAGCAAGCTAGGCAGGTGAATGAGAGACCGTAGCCAGGCTGCCACTTGCTAACCC
VWF5_block8_s2	CCGCGTGATTACGAGTCGGGCTACGGTCTCTAGGAAGAAAATAACACAGGTGAATGTTGTGGGAGATGTTTGCCTACGGCTTGCACCATTCAGCTAAGAGGAGGACAGATCATGACACTGAAGCGTGATGAGACGCTCCAGGATGGCTGTGATACTCACTTCTGCAAGGTCAATGAGAGAGGAGAGTACTTCTGGGAGAAGAGGGTCACAGGCTGCCCACCCTTTGATGAACACAAGTGTCTGGCTGAGGGAGGTAAAATTATGAAAATTCCAGGCACATGCTGTGACACATGTGAGGAGCCTGAGTGCAACGACATCACTGCCAGGCTGCAGTATGTCAAGGTGGGAAGCTGTAAGTCTGAAGTAGAGGTGGATATCCACTACTGCCAGGGCAAATGTGCCAGCAAAGCCATGTACTCCATTGACATCAACGATGTGCAGGACCAGTGCTCCTGCTGCTCTCCGACACGGACGGAGCCCATGCAGGTCGCCCTGCACTGCACCAATGGCTCTGTTGTGTACCATGAGGTTCTCAATGCCATGGAGTGCAAATGCTCCCCCAGGAAGTGCAGCAAGCTAGGCAGGTGAATGAGAGACCGTAGCCAGGCTGCCACTTGCTAACCC
VWF5_block9_s2	CCGCGTGATTACGAGTCGGGCTACGGTCTCTATGAGAGAGGAGAGTACTTCTGGGAGAAGAGGGTCACAGGCTGCCCACCCTTTGATGAACACAAGTGTCTGGCTGAGGGAGGTAAAATTATGAAAATTCCAGGCACATGCTGTGACACATGTGAGGAGCCTGAGTGCAACGACATCACTGCCAGGCTGCAGTATGTCAAGGTGGGAAGCTGTAAGTCTGAAGTAGAGGTGGATATCCACTACTGCCAGGGCAAATGTGCCAGCAAAGCCATGTACTCCATTGACATCAACGATGTGCAGGACCAGTGCTCCTGCTGCTCTCCGACACGGACGGAGCCCATGCAGGTCGCCCTGCACTGCACCAATGGCTCTGTTGTGTACCATGAGGTTCTCAATGCCATGGAGTGCAAATGCTCCCCCAGGAAGTGCAGCAAGCTAGGCAGGTGAATGAGAGACCGTAGCCAGGCTGCCACTTGCTAACCC
VWF5_block10_s2	CCGCGTGATTACGAGTCGGGCTACGGTCTCTACATCACTGCCAGGCTGCAGTATGTCAAGGTGGGAAGCTGTAAGTCTGAAGTAGAGGTGGATATCCACTACTGCCAGGGCAAATGTGCCAGCAAAGCCATGTACTCCATTGACATCAACGATGTGCAGGACCAGTGCTCCTGCTGCTCTCCGACACGGACGGAGCCCATGCAGGTCGCCCTGCACTGCACCAATGGCTCTGTTGTGTACCATGAGGTTCTCAATGCCATGGAGTGCAAATGCTCCCCCAGGAAGTGCAGCAAGCTAGGCAGGTGAATGAGAGACCGTAGCCAGGCTGCCACTTGCTAACCC
VWF5_block11_s2	ACGCCGCCACGTGTTCGTTAACTGTTGATTGGTGGCACATAAGTAATACCATGGTCCCTGAAATTCGGCTCAGTTACTTCGAGCGTAATGTCTCAAATGGCGTAGACCGCGTGATTACGAGTCGGGCTACGGTCTCTTCCGACACGGACGGAGCCCATGCAGGTCGCCCTGCACTGCACCAATGGCTCTGTTGTGTACCATGAGGTTCTCAATGCCATGGAGTGCAAATGCTCCCCCAGGAAGTGCAGCAAGCTAGGCAGGTGAATGAGAGACCGTAGCCAGGCTGCCACTTGCTAACCC
