,Forward Name,Forward Primer,Reverse Name,Reverse Primer
0,E6,AGATTAGCTGCCGATACTGG,H9,GAAGTGGTTTGCCTAAACGC
1,D2,GACCATGCAAGGAGAGGTAC,H10,AGTTATAAGGGTCCGATGCC
2,E4,AGTGAACTGACCGAATCCTC,D9,AGCTCAATCTAACAGTGGGG
3,F5,ATAGATCATGTCGGCAGTCG,C2,ATGCCATGACGACAACTAGC
4,H2,GTTCAGAGGTACGAACCCTC,C7,TCGAGACAAGAACGATTCCC
5,B5,AAAGGGGCCGTCAATATCAG,F5,CCGAGGGAACCATGATACAG
6,B1,CCAGAGCTTAGGGGACATAC,G4,ACTGGACCCAATAAAAGGCC
7,H6,GGAAACAATAACCATCGGCG,C8,GCTAAATAGAGGGAAGCCCC
8,D1,AGACACAAGGCTGATTCCAG,B7,ATTCTCACGACGCAAGATGG
9,E7,TAGCCAGGCAAAAGAGATCC,C4,AGATAGATGCTCCGTCAAGC
10,F4,TTAGCTCAGGTCCAAAGTCC,A5,AAGGATATGTAGACACCGCC
11,C7,ATTAGGATTGCGAGCGACAC,E9,ACAGGAAGCAAGGTATACGC
12,C1,GCACGCAAAAGGACATAACC,F10,AGGGCTAATTACCATCAGCG
13,C2,ACGAGATGATGCACCGATAG,A3,TCAAAGGAGCACGAACCTAC
14,A11,ACAAGGAGTCGGCATATCAC,G7,TGAGCCATAAAAGCAAAGCG
15,F7,ACATAAGCGATCCCAAGGTC,G3,TCTTGCGATAGACACAAGCC
16,C5,GTATGTCGGCTCTCGTATCG,B11,ACCACAGGTCAAGATTCACG
17,A8,AAGGTATGTATAGCGACCGC,G6,CCTTTAACAGGACATGCAGC
18,F10,CTATAGAATCCGGGCTGGTC,E1,ATTCAAGGGTTGGACGACTC
19,G10,ACGATGGGGACATAGAACAC,F8,TGCCAAAGGGTAGAGACATC
20,G2,CGGATCGAACTTAGGTAGCC,D8,AGGACACCAGACCAATGAAG
21,C8,CACTCGATAGGTACAACCGG,F2,GGAAAACTAAGACAAGGCGC
22,B7,AATCAGTTTCTTTGGCAGCC,H8,TCACTTGGTATCGAGAACGG
23,E1,TCCAATTATACGGAGCAGGC,A2,ACAACGAGCAGACCGAATAG
24,D5,AGCTATGATCCCGGTGTAAC,A6,ACGTATGGGGAACACTACAC
25,D4,GATACATAGACTTGGCCCCG,C10,TATCACGGAAGGACTCAACG
26,F2,AATGCGTCATTTTACACGGC,F3,GTATAAGATCAGCCGGACCC
27,H9,AGACAAGCCTTAACCGTAGG,B6,ATCACAACAAAGGACGGGTC
28,A10,TTGACAGACAATCCGTAGGC,A1,GTTGCATCTAAGCCAAGTGC
29,A6,AGCTATAAGAATTGCCGGGC,D4,ATCCAGGAGGTCTAGGAACC
30,H10,GGGCACCGATTAAGAAATGC,B9,TACCACGAAATGCACAGGAG
31,B2,AGTCCGACACAATGTGACAC,C3,CGAACGCAAAAGTCCTCAAG
32,D9,TATACTGAAGAACGGCCCAG,D10,ACATCGCATACCAGAACAGG
33,B4,AATGTCCTTAGGCAGTCGTC,G1,TAAGATAGCACCACGGATGG
34,H8,ACATTAAATTTCGCCGTGGC,D2,GGGTTGTCTCCTCTGATAGC
35,D8,TCAAGGTCCGTTATGGAACC,D1,ACGTGAAACTGTATCGAGCC
36,A4,AAAGCACTCTTAGGCCTCTG,B3,GCAGCGTTTTAGCCTACAAG
37,H5,TCGAATATGCTGTAACCCCG,G2,AAGGCGCTCGGATAATACTC
38,A5,GCATAAAGTTGACAGGCCAG,H1,AGATAGTCACGCACAAGACC
39,C9,AGATTTCCGACGAGATTCCC,B2,TAACGACGTGCCGAACTTAG
40,G3,TAGCTCGATAATCAAGGGGC,G10,AGTATTAGGCGTCAAGGTCC
41,H1,AAGGCCCAGAAGGATACAAC,D5,AGTGGTCTGTAAACCGTACC
42,D7,AGTGTTTTCCATTTTCCGCG,F7,ATTGACGGGAACTACACTCG
43,E8,ACTAGATTAGCAAGGCACCC,E4,ATCCTAGAAAAGGCGAAGGC
44,H3,CCGTGCGACAAGATTTCAAG,A4,TAAGGATTCATCAGGTGCGC
45,B10,TAGTGACCTAATGCCATGGG,A10,TCTTCATAAGCCAGAGTGCC
46,B3,AATGCAAAGCTATTAGCGCG,B5,AGATTAGCCGACTTTCCTGG
47,B11,CCCGAGGGGAGAAATATACC,F1,TACTGATAATTCGGACGCCC
48,H7,TCACATAGAAGGACATGGCG,C1,ATGCTAGCTGGAACTATCGG
49,E10,TCGACCAGGTTATCATGAGC,A11,AAGAATTACTGACCCCTCGG
50,C10,TACTTGAATACCACGTGGCC,E8,GAAAAGTCCCAATGAGTGCC
51,F8,AGTAGTATCCGAATCGCTGC,H5,CTAGGGAACCAGGCTTAACG
52,F9,TAAGGGACGATGCTTAACCC,G8,AGATTGTTACTCCGACGGAC
53,D6,CGATAGAACGACCAGGTAGC,B4,ATACGTGGCTAGCATGAGAC
54,A1,AGTATCTCAGCAAGGGCAAC,H3,CCACGAGATAAGAGGATGGC
55,C6,AGTATTCTTACAGCCAGCCG,A7,TGCTGAATGAGAAACCTCGG
56,E9,AAATAAGACGACGACCCTCG,G9,AAGGAACTATGGCATCGAGC
57,G8,GTACTCAGAGATTGCCGGAG,E2,TGGGGACGACTTATAATGCC
58,C4,ATAGATGGTGCCTACATGCG,G5,AACGATGATGCTCACTCTCG
59,G1,CAGACCTACGGATCTTAGCG,F4,CTGCTAGGGGCTACTTATCG
60,B8,CTAATATCCCTGAGCGACGG,H2,CGGGAGGAAGTCTTTAGACC
61,F6,AGTCCCAAGTTCAGACGTAC,H6,TCTAGGACTATCACCGGAGG
62,A2,TATCAATCCGGAACCAGTGC,E7,TCATCGACAAGATACAGGCG
63,A3,AAACACGTGGCAAACATTCC,B8,AGTTGCAGTATCTAACCCGC
64,G7,ATCAGACAACACAGAGGCTG,F6,ACAGGGTATATTGAGTGCCC
65,G9,TGAGCGCAGAACTATCAGAC,C5,AATATCACGCAAAAGCACCG
66,B6,AGACATGGGATTGACCACAC,E5,AGGTGATCTGACGAATGTCC
67,F1,TAGTTGAGAACACGAACCCG,A8,AAACCGGAGCCATACAGTAC
68,G5,AATAGGAACCTCTTACGCGG,B1,AAGGACTGCATACCAGGTTG
